id,clean_title,author,author_bio,translator,publisher,year,language,category,tags,description,table_of_contents,cover_image_url,preview_page_count,preview_base_url,access_required,access_url,copyright_status,can_public_download
cdl-000028,一个不信派的标本,,,,,,中文,other,护教;信仰辨析;自由派神学,,,https://christian-digital-library-assets.gioia-zheng-stud.workers.dev/covers/cdl-000028.jpg,5,https://christian-digital-library-assets.gioia-zheng-stud.workers.dev/previews/cdl-000028,true,,待核实,false
cdl-000957,一个广告人的自白,,,,,,中文,other,传播;广告;职场;文化,,,,5,,true,,待核实,false
cdl-000030,一个重大的呼召——决心度敬虔圣洁的生活,劳威廉-William Law,,,,1728,中文,spiritual-life,灵修;门徒训练;敬虔生活,,,https://christian-digital-library-assets.gioia-zheng-stud.workers.dev/covers/cdl-000030.jpg,5,https://christian-digital-library-assets.gioia-zheng-stud.workers.dev/previews/cdl-000030,true,,待核实,false
cdl-001578,一切都更新：傅立德,FRIEST WENDELL,,,,,中文,other,,,,,5,,true,,待核实,false
cdl-002657,一封可以改變你一生的書信,,,,,,中文,other,福音;布道;信仰入门,,,,5,,true,,待核实,false
cdl-001683,一掷千金的上帝,提摩太·凯勒（Timothy Keller）,提摩太·凯勒（Timothy Keller，1950-2023）是美国牧师、神学作家和纽约救赎主长老教会创办牧师。他长期关注城市宣教、福音护教、恩典神学与基督徒公共生活。,,更新传道会,,中文,theology,恩典;福音;浪子比喻;神学,本书从耶稣关于两个儿子的比喻出发，重新说明恩典、悔改与回家的福音意义，指出人逃离神的方式不只一种，而真正的归回在于被父亲丰盛的恩典接纳。,,https://christian-digital-library-assets.gioia-zheng-stud.workers.dev/covers/cdl-001683.jpg,5,https://christian-digital-library-assets.gioia-zheng-stud.workers.dev/previews/cdl-001683,true,,版权受保护,false
cdl-002658,一步一步学〈诗篇〉,,,,,,中文,bible-study,诗篇,,,https://christian-digital-library-assets.gioia-zheng-stud.workers.dev/covers/cdl-002658.jpg,1,https://christian-digital-library-assets.gioia-zheng-stud.workers.dev/previews/cdl-002658,true,,待核实,false
cdl-002659,一步一步学旧约,,,,,,中文,bible-study,旧约,,,,5,,true,,待核实,false
cdl-000031,一步一步學舊約,,,,,,中文,bible-study,舊約,,,https://christian-digital-library-assets.gioia-zheng-stud.workers.dev/covers/cdl-000031.jpg,5,https://christian-digital-library-assets.gioia-zheng-stud.workers.dev/previews/cdl-000031,true,,待核实,false
cdl-002660,一生必读的关于信仰与人生的30部经典,,,,,,中文,theology,信仰,,,,5,,true,,待核实,false
cdl-002367,一生渴慕神：基督徒灵修七径,博斯特,,,,,中文,spiritual-life,灵修,,,,5,,true,,待核实,false
cdl-001579,一生渴慕神：基督徒灵修七径,傅士德（Richard J. Foster）、毕比（Gayle D. Beebe）,傅士德（Richard J. Foster）是灵修神学作家，以基督徒灵修操练研究著称。毕比（Gayle D. Beebe）是美国魏士蒙学院院长，长期从事基督教灵修传统与高等教育研究。,平山,校园书房出版社,2009,中文,spiritual-life,灵修;属灵操练;基督徒生活,本书介绍基督教灵修传统中的七条路径，并透过历代灵修人物的经验，帮助读者辨认内在渴慕，学习把生命的渴望转向神。,,https://christian-digital-library-assets.gioia-zheng-stud.workers.dev/covers/cdl-001579.jpg,5,https://christian-digital-library-assets.gioia-zheng-stud.workers.dev/previews/cdl-001579,true,,版权受保护,false
cdl-002661,一生用心,傅莱顿,,,,,中文,other,,,,,5,,true,,待核实,false
cdl-002662,一生用心,傅莱顿,,,,,中文,other,,,,,5,,true,,待核实,false
cdl-002663,一生的呼召,,,,,,中文,other,呼召;人生使命;基督徒生活,,,,5,,true,,待核实,false
cdl-002664,一生的呼召,,,,,,中文,other,呼召;人生使命;基督徒生活,,,,5,,true,,待核实,false
cdl-002665,一貫道揭密,,,,,,中文,other,异端辨析;民间宗教;护教,,,,5,,true,,待核实,false
cdl-002607,一起生活与基督教伦理,,,,,,中文,theology,基督,,,,5,,true,,待核实,false
cdl-001990,一路上奔走：海外宣教师保罗的省思,博许,,,,,中文,missions,宣教,,,,5,,true,,待核实,false
cdl-000473,一路走来一路读,林达,,,,,中文,other,阅读;文化随笔;社会观察,,,,5,,true,,待核实,false
cdl-002666,一针见血的福音,,,,,,中文,other,福音;布道;信仰入门,,,,5,,true,,待核实,false
cdl-000867,丁道尔：马可福音——新约圣经注释,高雅伦（Alan Cole）,高雅伦（R. Alan Cole）是圣经学者，曾任澳洲摩尔神学院与新加坡三一神学院讲师。他撰写《马可福音》《加拉太书》和《出埃及记》等丁道尔注释卷，兼具旧约与新约研究背景。,潘秋松,校园书房出版社,1998,中文,bible-study,圣经;新约;注释;马可福音;丁道尔;丁道尔新约圣经注释,本卷注释马可福音，跟随紧凑的叙事节奏，帮助读者看见耶稣的权柄、受苦与仆人式弥赛亚身份。,,https://christian-digital-library-assets.gioia-zheng-stud.workers.dev/covers/cdl-000867.jpg,5,https://christian-digital-library-assets.gioia-zheng-stud.workers.dev/previews/cdl-000867,true,,版权受保护,false
cdl-000918,丁道尔：罗马书——新约圣经注释,布鲁斯（F. F. Bruce）,布鲁斯（F. F. Bruce，1910-1990）是英国圣经学者，曾任曼彻斯特大学圣经批判与释经教授。他在新约历史、保罗研究和早期基督教背景方面影响深远，著有多部圣经研究与注释作品。,刘良淑,校园书房出版社,1987,中文,bible-study,圣经;新约;注释;罗马书;丁道尔;丁道尔新约圣经注释,本卷注释罗马书，帮助读者理解罪、恩典、因信称义、以色列与教会以及基督徒生活等核心主题。,,,5,,true,,版权受保护,false
cdl-000928,丁道尔：哥林多前书——新约圣经注释,莫理斯（Leon Morris）,莫理斯（Leon Morris，1914-2006）是澳大利亚新约学者，曾任墨尔本 Ridley College 校长。他长期研究福音书、保罗书信、救赎与十架神学，并担任丁道尔新约圣经注释总编辑。,蒋黄心湄,校园书房出版社,1992,中文,bible-study,圣经;新约;注释;哥林多前书;丁道尔;丁道尔新约圣经注释,本卷注释哥林多前书，处理教会分门、圣洁、敬拜、属灵恩赐和复活盼望等议题，帮助读者看见福音对教会生活的塑造。,,https://christian-digital-library-assets.gioia-zheng-stud.workers.dev/covers/cdl-000928.jpg,5,https://christian-digital-library-assets.gioia-zheng-stud.workers.dev/previews/cdl-000928,true,,版权受保护,false
cdl-000938,丁道尔：哥林多后书——新约圣经注释,柯鲁斯（Colin G. Kruse）,柯鲁斯（Colin G. Kruse）是澳大利亚新约学者，曾任墨尔本神学院新约高级讲师。他的研究包括保罗书信、约翰文献、新约伦理和早期教会事奉。,吴文秋,校园书房出版社,1995,中文,bible-study,圣经;新约;注释;哥林多后书;丁道尔;丁道尔新约圣经注释,本卷注释哥林多后书，聚焦保罗的使徒身分、软弱中的能力、和好与奉献，帮助读者理解事奉的十架道路。,,,5,,true,,版权受保护,false
cdl-000944,丁道尔：加拉太书——新约圣经注释,高雅伦（Alan Cole）,高雅伦（R. Alan Cole）是圣经学者，曾任澳洲摩尔神学院与新加坡三一神学院讲师。他撰写《马可福音》《加拉太书》和《出埃及记》等丁道尔注释卷，兼具旧约与新约研究背景。,李静芝、徐成德,校园书房出版社,2002,中文,bible-study,圣经;新约;注释;加拉太书;丁道尔;丁道尔新约圣经注释,本卷注释加拉太书，说明因信称义、基督里的自由以及圣灵中的生活，帮助读者分辨福音与律法主义。,,https://christian-digital-library-assets.gioia-zheng-stud.workers.dev/covers/cdl-000944.jpg,5,https://christian-digital-library-assets.gioia-zheng-stud.workers.dev/previews/cdl-000944,true,,版权受保护,false
cdl-000958,丁道尔：以弗所书——新约圣经注释,富克斯（Francis Foulkes）,富克斯（Francis Foulkes，1926-1997）是圣经学者，曾任纽西兰奥克兰大学 St. John's College 院长。他撰写《以弗所书》丁道尔新约注释，也著有福音书导读作品。,李永明,校园书房出版社,2002,中文,bible-study,圣经;新约;注释;以弗所书;丁道尔;丁道尔新约圣经注释,本卷注释以弗所书，帮助读者理解在基督里的身份、教会合一、新生活与属灵争战等主题。,,,5,,true,,版权受保护,false
cdl-000979,丁道尔：腓立比书——新约圣经注释,马挺（Ralph P. Martin）,马挺（Ralph P. Martin，1925-2013）是英国新约学者，曾任富勒神学院新约教授。他研究保罗书信、早期基督教敬拜和新约背景，著有《腓立比书》等注释作品。,刘良淑,校园书房出版社,1995,中文,bible-study,圣经;新约;注释;腓立比书;丁道尔;丁道尔新约圣经注释,本卷注释腓立比书，围绕福音同工、喜乐、谦卑与基督榜样，帮助读者理解保罗在困境中的盼望。,,https://christian-digital-library-assets.gioia-zheng-stud.workers.dev/covers/cdl-000979.jpg,5,https://christian-digital-library-assets.gioia-zheng-stud.workers.dev/previews/cdl-000979,true,,版权受保护,false
cdl-000987,丁道尔：歌罗西书、腓利门书——新约圣经注释,赖特（N. T. Wright）,赖特（N. T. Wright）是英国新约学者和神学家，曾任英国圣公会达勒姆主教，并任圣安德鲁斯大学新约与早期基督教研究教授。他的研究集中于耶稣、保罗和早期基督教。,贺安慈,校园书房出版社,1994,中文,bible-study,圣经;新约;注释;歌罗西书、腓利门书;丁道尔;丁道尔新约圣经注释,本卷合注歌罗西书与腓利门书，帮助读者看见基督的至高地位，以及福音如何改变人际关系与家庭生活。,,https://christian-digital-library-assets.gioia-zheng-stud.workers.dev/covers/cdl-000987.jpg,5,https://christian-digital-library-assets.gioia-zheng-stud.workers.dev/previews/cdl-000987,true,,版权受保护,false
cdl-001008,丁道尔：帖撒罗尼迦前后书——新约圣经注释,莫理斯（Leon Morris）,莫理斯（Leon Morris，1914-2006）是澳大利亚新约学者，曾任墨尔本 Ridley College 校长。他长期研究福音书、保罗书信、救赎与十架神学，并担任丁道尔新约圣经注释总编辑。,杨传裕,校园书房出版社,1992,中文,bible-study,圣经;新约;注释;帖撒罗尼迦前后书;丁道尔;丁道尔新约圣经注释,本卷注释帖撒罗尼迦前后书，聚焦盼望、圣洁、主再来与教会在逼迫中的坚忍。,,https://christian-digital-library-assets.gioia-zheng-stud.workers.dev/covers/cdl-001008.jpg,5,https://christian-digital-library-assets.gioia-zheng-stud.workers.dev/previews/cdl-001008,true,,版权受保护,false
cdl-001013,丁道尔：教牧书信——新约圣经注释,古特立（Donald Guthrie）,古特立（Donald Guthrie，1915-1992）是英国新约学者，长期任教于伦敦圣经学院，并曾任该院副院长。他著有《新约导论》《新约神学》及丁道尔新约注释中的《教牧书信》《希伯来书》。,李信毅、徐成德,校园书房出版社,2004,中文,bible-study,圣经;新约;注释;教牧书信;丁道尔;丁道尔新约圣经注释,本卷注释提摩太前后书与提多书，帮助读者理解教会治理、长老资格、真理传承和忠心事奉。,,,5,,true,,版权受保护,false
cdl-001024,丁道尔：彼得前书——新约圣经注释,顾韦恩（Wayne Grudem）,顾韦恩（Wayne Grudem）是美国福音派神学家，曾任三一福音神学院与凤凰城神学院教授。他研究新约、系统神学和圣经教义，著有《系统神学》及《彼得前书》丁道尔注释。,欧思真,校园书房出版社,1995,中文,bible-study,圣经;新约;注释;彼得前书;丁道尔;丁道尔新约圣经注释,本卷注释彼得前书，聚焦寄居者的身份、苦难中的盼望、圣洁生活与教会见证。,,https://christian-digital-library-assets.gioia-zheng-stud.workers.dev/covers/cdl-001024.jpg,5,https://christian-digital-library-assets.gioia-zheng-stud.workers.dev/previews/cdl-001024,true,,版权受保护,false
cdl-002677,丁道尔：路加福音——新约圣经注释,莫理斯（Leon Morris）,莫理斯（Leon Morris，1914-2006）是澳大利亚新约学者，曾任墨尔本 Ridley College 校长。他长期研究福音书、保罗书信、救赎与十架神学，并担任丁道尔新约圣经注释总编辑。,潘秋松,校园书房出版社,1996,中文,bible-study,圣经;新约;注释;路加福音;丁道尔;丁道尔新约圣经注释,本卷注释路加福音，重视历史叙事、救恩信息与耶稣对贫穷人、外邦人和被忽视群体的怜悯。,,,5,,true,,版权受保护,false
cdl-002674,丁道尔：彼得前书——新约圣经注释,顾韦恩（Wayne Grudem）,顾韦恩（Wayne Grudem）是美国福音派神学家，曾任三一福音神学院与凤凰城神学院教授。他研究新约、系统神学和圣经教义，著有《系统神学》及《彼得前书》丁道尔注释。,欧思真,校园书房出版社,1995,中文,bible-study,圣经;新约;注释;彼得前书;丁道尔;丁道尔新约圣经注释,本卷注释彼得前书，聚焦寄居者的身份、苦难中的盼望、圣洁生活与教会见证。,,,5,,true,,版权受保护,false
cdl-002675,丁道尔：约翰福音——新约圣经注释,柯鲁斯（Colin G. Kruse）,柯鲁斯（Colin G. Kruse）是澳大利亚新约学者，曾任墨尔本神学院新约高级讲师。他的研究包括保罗书信、约翰文献、新约伦理和早期教会事奉。,杨曼如,校园书房出版社,2005,中文,bible-study,圣经;新约;注释;约翰福音;丁道尔;丁道尔新约圣经注释,本卷注释约翰福音，梳理神迹、讲论和耶稣身份的见证，帮助读者理解信、生命和基督论主题。,,,5,,true,,版权受保护,false
cdl-002676,丁道尔：使徒行传——新约圣经注释,马歇尔（I. Howard Marshall）,马歇尔（I. Howard Marshall，1934-2015）是苏格兰新约学者，曾在阿伯丁大学任教三十五年。他著有多部新约神学与释经作品，研究重点包括路加福音、使徒行传和保罗书信。,蒋黄心湄,校园书房出版社,1987,中文,bible-study,圣经;新约;注释;使徒行传;丁道尔;丁道尔新约圣经注释,本卷注释使徒行传，呈现福音从耶路撒冷扩展到罗马的历程，并帮助读者思考圣灵、宣教和初代教会生活。,,,5,,true,,版权受保护,false
cdl-001102,丁道尔：启示录——新约圣经注释,莫理斯（Leon Morris）,莫理斯（Leon Morris，1914-2006）是澳大利亚新约学者，曾任墨尔本 Ridley College 校长。他长期研究福音书、保罗书信、救赎与十架神学，并担任丁道尔新约圣经注释总编辑。,陈咏,校园书房出版社,1990,中文,bible-study,圣经;新约;注释;启示录;丁道尔;丁道尔新约圣经注释,本卷注释启示录，帮助读者理解异象、象征和七教会信息，并在终末盼望中看见基督掌权。,,,5,,true,,版权受保护,false
cdl-001028,丁道尔：彼得后书、犹大书——新约圣经注释,格林（Michael Green）,格林（Michael Green，1930-2019）是英国圣公会牧师、神学家与布道家，长期从事新约教学、护教学和布道事工。他著有多部福音书、新约背景和传福音相关作品。,欧思真,校园书房出版社,2000,中文,bible-study,圣经;新约;注释;彼得后书、犹大书;丁道尔;丁道尔新约圣经注释,本卷合注彼得后书与犹大书，帮助读者面对假教师、谨守真道、记念主应许并在信仰中站立得稳。,,https://christian-digital-library-assets.gioia-zheng-stud.workers.dev/covers/cdl-001028.jpg,5,https://christian-digital-library-assets.gioia-zheng-stud.workers.dev/previews/cdl-001028,true,,版权受保护,false
cdl-001040,丁道尔：约翰书信——新约圣经注释,约翰·斯托得（John R. W. Stott）,约翰·斯托得（John R. W. Stott，1921-2011）是英国牧师、神学家与圣经学者，长期服事伦敦万灵堂，并参与《洛桑信约》起草。他是二十世纪福音派重要代表之一，著有多部圣经注释、门徒训练和神学著作。,刘良淑,校园书房出版社,2013,中文,bible-study,圣经;新约;注释;约翰书信;丁道尔;丁道尔新约圣经注释,本卷注释约翰书信，帮助读者理解真理、爱、生命与得救确据，并分辨真假信仰。,,https://christian-digital-library-assets.gioia-zheng-stud.workers.dev/covers/cdl-001040.jpg,5,https://christian-digital-library-assets.gioia-zheng-stud.workers.dev/previews/cdl-001040,true,,版权受保护,false
cdl-000919,丁道尔：罗马书——新约圣经注释,布鲁斯（F. F. Bruce）,布鲁斯（F. F. Bruce，1910-1990）是英国圣经学者，曾任曼彻斯特大学圣经批判与释经教授。他在新约历史、保罗研究和早期基督教背景方面影响深远，著有多部圣经研究与注释作品。,刘良淑,校园书房出版社,1987,中文,bible-study,圣经;新约;注释;罗马书;丁道尔;丁道尔新约圣经注释,本卷注释罗马书，帮助读者理解罪、恩典、因信称义、以色列与教会以及基督徒生活等核心主题。,,https://christian-digital-library-assets.gioia-zheng-stud.workers.dev/covers/cdl-000919.jpg,5,https://christian-digital-library-assets.gioia-zheng-stud.workers.dev/previews/cdl-000919,true,,版权受保护,false
cdl-000906,丁道尔：使徒行传——新约圣经注释,马歇尔（I. Howard Marshall）,马歇尔（I. Howard Marshall，1934-2015）是苏格兰新约学者，曾在阿伯丁大学任教三十五年。他著有多部新约神学与释经作品，研究重点包括路加福音、使徒行传和保罗书信。,蒋黄心湄,校园书房出版社,1987,中文,bible-study,圣经;新约;注释;使徒行传;丁道尔;丁道尔新约圣经注释,本卷注释使徒行传，呈现福音从耶路撒冷扩展到罗马的历程，并帮助读者思考圣灵、宣教和初代教会生活。,,,5,,true,,版权受保护,false
cdl-001021,丁道尔：雅各书——新约圣经注释,穆尔（Douglas J. Moo）,穆尔（Douglas J. Moo）是新约学者，曾任惠顿学院研究院新约教授，并长期参与新国际版圣经修订委员会。他撰写多部新约注释，研究重点包括保罗书信、普通书信、解经与神学之间的关系。,贺安慈,校园书房出版社,1988,中文,bible-study,圣经;新约;注释;雅各书;丁道尔;丁道尔新约圣经注释,本卷注释雅各书，从智慧、试炼、舌头、怜悯和行为等主题入手，帮助读者理解信心如何在生活中显明。,,,5,,true,,版权受保护,false
cdl-002682,丁道尔：出埃及记——旧约圣经注释,高雅伦（Alan Cole）,高雅伦（R. Alan Cole）是圣经学者，曾任澳洲摩尔神学院与新加坡三一神学院讲师。他撰写《马可福音》《加拉太书》和《出埃及记》等丁道尔注释卷，兼具旧约与新约研究背景。,李永明,校园书房出版社,2000,中文,bible-study,圣经;旧约;注释;出埃及记;丁道尔;丁道尔旧约圣经注释,《丁道尔：出埃及记——旧约圣经注释》属于丁道尔旧约圣经注释系列，帮助读者理解出埃及记的历史背景、经文脉络与神学信息。,,,5,,true,,版权受保护,false
cdl-002683,丁道尔：出埃及记——旧约圣经注释,高雅伦（Alan Cole）,高雅伦（R. Alan Cole）是圣经学者，曾任澳洲摩尔神学院与新加坡三一神学院讲师。他撰写《马可福音》《加拉太书》和《出埃及记》等丁道尔注释卷，兼具旧约与新约研究背景。,李永明,校园书房出版社,2000,中文,bible-study,圣经;旧约;注释;出埃及记;丁道尔;丁道尔旧约圣经注释,《丁道尔：出埃及记——旧约圣经注释》属于丁道尔旧约圣经注释系列，帮助读者理解出埃及记的历史背景、经文脉络与神学信息。,,,5,,true,,版权受保护,false
cdl-002684,丁道尔：歌罗西书、腓利门书——新约圣经注释,赖特（N. T. Wright）,赖特（N. T. Wright）是英国新约学者和神学家，曾任英国圣公会达勒姆主教，并任圣安德鲁斯大学新约与早期基督教研究教授。他的研究集中于耶稣、保罗和早期基督教。,贺安慈,校园书房出版社,1994,中文,bible-study,圣经;新约;注释;歌罗西书、腓利门书;丁道尔;丁道尔新约圣经注释,本卷合注歌罗西书与腓利门书，帮助读者看见基督的至高地位，以及福音如何改变人际关系与家庭生活。,,,5,,true,,版权受保护,false
cdl-000032,丁道尔：雅各书——新约圣经注释,穆尔（Douglas J. Moo）,穆尔（Douglas J. Moo）是新约学者，曾任惠顿学院研究院新约教授，并长期参与新国际版圣经修订委员会。他撰写多部新约注释，研究重点包括保罗书信、普通书信、解经与神学之间的关系。,贺安慈,校园书房出版社,1988,中文,bible-study,圣经;新约;注释;雅各书;丁道尔;丁道尔新约圣经注释,本卷注释雅各书，从智慧、试炼、舌头、怜悯和行为等主题入手，帮助读者理解信心如何在生活中显明。,编者序;作者序;简写一览;导论;大纲;注释,https://christian-digital-library-assets.gioia-zheng-stud.workers.dev/covers/cdl-000032.jpg,5,https://christian-digital-library-assets.gioia-zheng-stud.workers.dev/previews/cdl-000032,true,,版权受保护,false
cdl-002693,丁道尔：以弗所书——新约圣经注释,富克斯（Francis Foulkes）,富克斯（Francis Foulkes，1926-1997）是圣经学者，曾任纽西兰奥克兰大学 St. John's College 院长。他撰写《以弗所书》丁道尔新约注释，也著有福音书导读作品。,李永明,校园书房出版社,2002,中文,bible-study,圣经;新约;注释;以弗所书;丁道尔;丁道尔新约圣经注释,本卷注释以弗所书，帮助读者理解在基督里的身份、教会合一、新生活与属灵争战等主题。,,,5,,true,,版权受保护,false
cdl-002688,丁道尔：使徒行传——新约圣经注释,马歇尔（I. Howard Marshall）,马歇尔（I. Howard Marshall，1934-2015）是苏格兰新约学者，曾在阿伯丁大学任教三十五年。他著有多部新约神学与释经作品，研究重点包括路加福音、使徒行传和保罗书信。,蒋黄心湄,校园书房出版社,1987,中文,bible-study,圣经;新约;注释;使徒行传;丁道尔;丁道尔新约圣经注释,本卷注释使徒行传，呈现福音从耶路撒冷扩展到罗马的历程，并帮助读者思考圣灵、宣教和初代教会生活。,,,5,,true,,版权受保护,false
cdl-002692,丁道尔：加拉太书——新约圣经注释,高雅伦（Alan Cole）,高雅伦（R. Alan Cole）是圣经学者，曾任澳洲摩尔神学院与新加坡三一神学院讲师。他撰写《马可福音》《加拉太书》和《出埃及记》等丁道尔注释卷，兼具旧约与新约研究背景。,李静芝、徐成德,校园书房出版社,2002,中文,bible-study,圣经;新约;注释;加拉太书;丁道尔;丁道尔新约圣经注释,本卷注释加拉太书，说明因信称义、基督里的自由以及圣灵中的生活，帮助读者分辨福音与律法主义。,,,5,,true,,版权受保护,false
cdl-002703,丁道尔：启示录——新约圣经注释,莫理斯（Leon Morris）,莫理斯（Leon Morris，1914-2006）是澳大利亚新约学者，曾任墨尔本 Ridley College 校长。他长期研究福音书、保罗书信、救赎与十架神学，并担任丁道尔新约圣经注释总编辑。,陈咏,校园书房出版社,1990,中文,bible-study,圣经;新约;注释;启示录;丁道尔;丁道尔新约圣经注释,本卷注释启示录，帮助读者理解异象、象征和七教会信息，并在终末盼望中看见基督掌权。,,,5,,true,,版权受保护,false
cdl-002704,丁道尔：启示录——新约圣经注释,莫理斯（Leon Morris）,莫理斯（Leon Morris，1914-2006）是澳大利亚新约学者，曾任墨尔本 Ridley College 校长。他长期研究福音书、保罗书信、救赎与十架神学，并担任丁道尔新约圣经注释总编辑。,陈咏,校园书房出版社,1990,中文,bible-study,圣经;新约;注释;启示录;丁道尔;丁道尔新约圣经注释,本卷注释启示录，帮助读者理解异象、象征和七教会信息，并在终末盼望中看见基督掌权。,,,5,,true,,版权受保护,false
cdl-002705,丁道尔：启示录——新约圣经注释,莫理斯（Leon Morris）,莫理斯（Leon Morris，1914-2006）是澳大利亚新约学者，曾任墨尔本 Ridley College 校长。他长期研究福音书、保罗书信、救赎与十架神学，并担任丁道尔新约圣经注释总编辑。,陈咏,校园书房出版社,1990,中文,bible-study,圣经;新约;注释;启示录;丁道尔;丁道尔新约圣经注释,本卷注释启示录，帮助读者理解异象、象征和七教会信息，并在终末盼望中看见基督掌权。,,,5,,true,,版权受保护,false
cdl-002706,丁道尔：启示录——新约圣经注释,莫理斯（Leon Morris）,莫理斯（Leon Morris，1914-2006）是澳大利亚新约学者，曾任墨尔本 Ridley College 校长。他长期研究福音书、保罗书信、救赎与十架神学，并担任丁道尔新约圣经注释总编辑。,陈咏,校园书房出版社,1990,中文,bible-study,圣经;新约;注释;启示录;丁道尔;丁道尔新约圣经注释,本卷注释启示录，帮助读者理解异象、象征和七教会信息，并在终末盼望中看见基督掌权。,,,5,,true,,版权受保护,false
cdl-002707,丁道尔：启示录——新约圣经注释,莫理斯（Leon Morris）,莫理斯（Leon Morris，1914-2006）是澳大利亚新约学者，曾任墨尔本 Ridley College 校长。他长期研究福音书、保罗书信、救赎与十架神学，并担任丁道尔新约圣经注释总编辑。,陈咏,校园书房出版社,1990,中文,bible-study,圣经;新约;注释;启示录;丁道尔;丁道尔新约圣经注释,本卷注释启示录，帮助读者理解异象、象征和七教会信息，并在终末盼望中看见基督掌权。,,,5,,true,,版权受保护,false
cdl-002708,丁道尔：启示录——新约圣经注释,莫理斯（Leon Morris）,莫理斯（Leon Morris，1914-2006）是澳大利亚新约学者，曾任墨尔本 Ridley College 校长。他长期研究福音书、保罗书信、救赎与十架神学，并担任丁道尔新约圣经注释总编辑。,陈咏,校园书房出版社,1990,中文,bible-study,圣经;新约;注释;启示录;丁道尔;丁道尔新约圣经注释,本卷注释启示录，帮助读者理解异象、象征和七教会信息，并在终末盼望中看见基督掌权。,,,5,,true,,版权受保护,false
cdl-002709,丁道尔：启示录——新约圣经注释,莫理斯（Leon Morris）,莫理斯（Leon Morris，1914-2006）是澳大利亚新约学者，曾任墨尔本 Ridley College 校长。他长期研究福音书、保罗书信、救赎与十架神学，并担任丁道尔新约圣经注释总编辑。,陈咏,校园书房出版社,1990,中文,bible-study,圣经;新约;注释;启示录;丁道尔;丁道尔新约圣经注释,本卷注释启示录，帮助读者理解异象、象征和七教会信息，并在终末盼望中看见基督掌权。,,,5,,true,,版权受保护,false
cdl-002710,丁道尔：启示录——新约圣经注释,莫理斯（Leon Morris）,莫理斯（Leon Morris，1914-2006）是澳大利亚新约学者，曾任墨尔本 Ridley College 校长。他长期研究福音书、保罗书信、救赎与十架神学，并担任丁道尔新约圣经注释总编辑。,陈咏,校园书房出版社,1990,中文,bible-study,圣经;新约;注释;启示录;丁道尔;丁道尔新约圣经注释,本卷注释启示录，帮助读者理解异象、象征和七教会信息，并在终末盼望中看见基督掌权。,,,5,,true,,版权受保护,false
cdl-002711,丁道尔：启示录——新约圣经注释,莫理斯（Leon Morris）,莫理斯（Leon Morris，1914-2006）是澳大利亚新约学者，曾任墨尔本 Ridley College 校长。他长期研究福音书、保罗书信、救赎与十架神学，并担任丁道尔新约圣经注释总编辑。,陈咏,校园书房出版社,1990,中文,bible-study,圣经;新约;注释;启示录;丁道尔;丁道尔新约圣经注释,本卷注释启示录，帮助读者理解异象、象征和七教会信息，并在终末盼望中看见基督掌权。,,,5,,true,,版权受保护,false
cdl-002690,丁道尔：哥林多前书——新约圣经注释,莫理斯（Leon Morris）,莫理斯（Leon Morris，1914-2006）是澳大利亚新约学者，曾任墨尔本 Ridley College 校长。他长期研究福音书、保罗书信、救赎与十架神学，并担任丁道尔新约圣经注释总编辑。,蒋黄心湄,校园书房出版社,1992,中文,bible-study,圣经;新约;注释;哥林多前书;丁道尔;丁道尔新约圣经注释,本卷注释哥林多前书，处理教会分门、圣洁、敬拜、属灵恩赐和复活盼望等议题，帮助读者看见福音对教会生活的塑造。,,,5,,true,,版权受保护,false
cdl-002691,丁道尔：哥林多后书——新约圣经注释,柯鲁斯（Colin G. Kruse）,柯鲁斯（Colin G. Kruse）是澳大利亚新约学者，曾任墨尔本神学院新约高级讲师。他的研究包括保罗书信、约翰文献、新约伦理和早期教会事奉。,吴文秋,校园书房出版社,1995,中文,bible-study,圣经;新约;注释;哥林多后书;丁道尔;丁道尔新约圣经注释,本卷注释哥林多后书，聚焦保罗的使徒身分、软弱中的能力、和好与奉献，帮助读者理解事奉的十架道路。,,,5,,true,,版权受保护,false
cdl-002698,丁道尔：希伯来书——新约圣经注释,古特立（Donald Guthrie）,古特立（Donald Guthrie，1915-1992）是英国新约学者，长期任教于伦敦圣经学院，并曾任该院副院长。他著有《新约导论》《新约神学》及丁道尔新约注释中的《教牧书信》《希伯来书》。,校园编辑小组,校园书房出版社,1999,中文,bible-study,圣经;新约;注释;希伯来书;丁道尔;丁道尔新约圣经注释,本卷注释希伯来书，帮助读者理解基督的大祭司职分、新约的完全、信心与忍耐到底的呼召。,,,5,,true,,版权受保护,false
cdl-002700,丁道尔：彼得前书——新约圣经注释,顾韦恩（Wayne Grudem）,顾韦恩（Wayne Grudem）是美国福音派神学家，曾任三一福音神学院与凤凰城神学院教授。他研究新约、系统神学和圣经教义，著有《系统神学》及《彼得前书》丁道尔注释。,欧思真,校园书房出版社,1995,中文,bible-study,圣经;新约;注释;彼得前书;丁道尔;丁道尔新约圣经注释,本卷注释彼得前书，聚焦寄居者的身份、苦难中的盼望、圣洁生活与教会见证。,,,5,,true,,版权受保护,false
cdl-002701,丁道尔：彼得后书、犹大书——新约圣经注释,格林（Michael Green）,格林（Michael Green，1930-2019）是英国圣公会牧师、神学家与布道家，长期从事新约教学、护教学和布道事工。他著有多部福音书、新约背景和传福音相关作品。,欧思真,校园书房出版社,2000,中文,bible-study,圣经;新约;注释;彼得后书、犹大书;丁道尔;丁道尔新约圣经注释,本卷合注彼得后书与犹大书，帮助读者面对假教师、谨守真道、记念主应许并在信仰中站立得稳。,,,5,,true,,版权受保护,false
cdl-002697,丁道尔：教牧书信——新约圣经注释,古特立（Donald Guthrie）,古特立（Donald Guthrie，1915-1992）是英国新约学者，长期任教于伦敦圣经学院，并曾任该院副院长。他著有《新约导论》《新约神学》及丁道尔新约注释中的《教牧书信》《希伯来书》。,李信毅、徐成德,校园书房出版社,2004,中文,bible-study,圣经;新约;注释;教牧书信;丁道尔;丁道尔新约圣经注释,本卷注释提摩太前后书与提多书，帮助读者理解教会治理、长老资格、真理传承和忠心事奉。,,,5,,true,,版权受保护,false
cdl-002695,丁道尔：歌罗西书、腓利门书——新约圣经注释,赖特（N. T. Wright）,赖特（N. T. Wright）是英国新约学者和神学家，曾任英国圣公会达勒姆主教，并任圣安德鲁斯大学新约与早期基督教研究教授。他的研究集中于耶稣、保罗和早期基督教。,贺安慈,校园书房出版社,1994,中文,bible-study,圣经;新约;注释;歌罗西书、腓利门书;丁道尔;丁道尔新约圣经注释,本卷合注歌罗西书与腓利门书，帮助读者看见基督的至高地位，以及福音如何改变人际关系与家庭生活。,,,5,,true,,版权受保护,false
cdl-002702,丁道尔：约翰书信——新约圣经注释,约翰·斯托得（John R. W. Stott）,约翰·斯托得（John R. W. Stott，1921-2011）是英国牧师、神学家与圣经学者，长期服事伦敦万灵堂，并参与《洛桑信约》起草。他是二十世纪福音派重要代表之一，著有多部圣经注释、门徒训练和神学著作。,刘良淑,校园书房出版社,2013,中文,bible-study,圣经;新约;注释;约翰书信;丁道尔;丁道尔新约圣经注释,本卷注释约翰书信，帮助读者理解真理、爱、生命与得救确据，并分辨真假信仰。,,,5,,true,,版权受保护,false
cdl-002689,丁道尔：罗马书——新约圣经注释,布鲁斯（F. F. Bruce）,布鲁斯（F. F. Bruce，1910-1990）是英国圣经学者，曾任曼彻斯特大学圣经批判与释经教授。他在新约历史、保罗研究和早期基督教背景方面影响深远，著有多部圣经研究与注释作品。,刘良淑,校园书房出版社,1987,中文,bible-study,圣经;新约;注释;罗马书;丁道尔;丁道尔新约圣经注释,本卷注释罗马书，帮助读者理解罪、恩典、因信称义、以色列与教会以及基督徒生活等核心主题。,,,5,,true,,版权受保护,false
cdl-002694,丁道尔：腓立比书——新约圣经注释,马挺（Ralph P. Martin）,马挺（Ralph P. Martin，1925-2013）是英国新约学者，曾任富勒神学院新约教授。他研究保罗书信、早期基督教敬拜和新约背景，著有《腓立比书》等注释作品。,刘良淑,校园书房出版社,1995,中文,bible-study,圣经;新约;注释;腓立比书;丁道尔;丁道尔新约圣经注释,本卷注释腓立比书，围绕福音同工、喜乐、谦卑与基督榜样，帮助读者理解保罗在困境中的盼望。,,,5,,true,,版权受保护,false
cdl-002696,丁道尔：帖撒罗尼迦前后书——新约圣经注释,莫理斯（Leon Morris）,莫理斯（Leon Morris，1914-2006）是澳大利亚新约学者，曾任墨尔本 Ridley College 校长。他长期研究福音书、保罗书信、救赎与十架神学，并担任丁道尔新约圣经注释总编辑。,杨传裕,校园书房出版社,1992,中文,bible-study,圣经;新约;注释;帖撒罗尼迦前后书;丁道尔;丁道尔新约圣经注释,本卷注释帖撒罗尼迦前后书，聚焦盼望、圣洁、主再来与教会在逼迫中的坚忍。,,,5,,true,,版权受保护,false
cdl-002687,丁道尔：路加福音——新约圣经注释,莫理斯（Leon Morris）,莫理斯（Leon Morris，1914-2006）是澳大利亚新约学者，曾任墨尔本 Ridley College 校长。他长期研究福音书、保罗书信、救赎与十架神学，并担任丁道尔新约圣经注释总编辑。,潘秋松,校园书房出版社,1996,中文,bible-study,圣经;新约;注释;路加福音;丁道尔;丁道尔新约圣经注释,本卷注释路加福音，重视历史叙事、救恩信息与耶稣对贫穷人、外邦人和被忽视群体的怜悯。,,,5,,true,,版权受保护,false
cdl-002699,丁道尔：雅各书——新约圣经注释,穆尔（Douglas J. Moo）,穆尔（Douglas J. Moo）是新约学者，曾任惠顿学院研究院新约教授，并长期参与新国际版圣经修订委员会。他撰写多部新约注释，研究重点包括保罗书信、普通书信、解经与神学之间的关系。,贺安慈,校园书房出版社,1988,中文,bible-study,圣经;新约;注释;雅各书;丁道尔;丁道尔新约圣经注释,本卷注释雅各书，从智慧、试炼、舌头、怜悯和行为等主题入手，帮助读者理解信心如何在生活中显明。,,,5,,true,,版权受保护,false
cdl-002686,丁道尔：马可福音——新约圣经注释,高雅伦（Alan Cole）,高雅伦（R. Alan Cole）是圣经学者，曾任澳洲摩尔神学院与新加坡三一神学院讲师。他撰写《马可福音》《加拉太书》和《出埃及记》等丁道尔注释卷，兼具旧约与新约研究背景。,潘秋松,校园书房出版社,1998,中文,bible-study,圣经;新约;注释;马可福音;丁道尔;丁道尔新约圣经注释,本卷注释马可福音，跟随紧凑的叙事节奏，帮助读者看见耶稣的权柄、受苦与仆人式弥赛亚身份。,,,5,,true,,版权受保护,false
cdl-002685,丁道尔：马太福音——新约圣经注释,法兰士（R. T. France）,法兰士（R. T. France，1938-2012）是英国新约学者和圣公会牧师，曾任牛津 Wycliffe Hall 院长。他长期研究福音书、耶稣研究和新约解经，著有《马太福音》等注释作品。,沈允,校园书房出版社,1996,中文,bible-study,圣经;新约;注释;马太福音;丁道尔;丁道尔新约圣经注释,本卷注释马太福音，帮助读者理解马太如何见证耶稣是弥赛亚君王，并说明天国、门徒和旧约应验等主题。,,,5,,true,,版权受保护,false
cdl-002712,丁道尔：以斯帖记——旧约圣经注释,包德雯（Joyce G. Baldwin）,包德雯（Joyce G. Baldwin，逝于1996年）曾在中国宣教，后任英国布里斯托三一学院院长。她撰写多卷《丁道尔旧约圣经注释》，包括撒母耳记、以斯帖记和但以理书等。,蒋黄心湄,校园书房出版社,1999,中文,bible-study,圣经;旧约;注释;以斯帖记;丁道尔;丁道尔旧约圣经注释,《丁道尔：以斯帖记——旧约圣经注释》属于丁道尔旧约圣经注释系列，帮助读者理解以斯帖记的历史背景、经文脉络与神学信息。,,,5,,true,,版权受保护,false
cdl-002713,丁道尔：以斯帖记——旧约圣经注释,包德雯（Joyce G. Baldwin）,包德雯（Joyce G. Baldwin，逝于1996年）曾在中国宣教，后任英国布里斯托三一学院院长。她撰写多卷《丁道尔旧约圣经注释》，包括撒母耳记、以斯帖记和但以理书等。,蒋黄心湄,校园书房出版社,1999,中文,bible-study,圣经;旧约;注释;以斯帖记;丁道尔;丁道尔旧约圣经注释,《丁道尔：以斯帖记——旧约圣经注释》属于丁道尔旧约圣经注释系列，帮助读者理解以斯帖记的历史背景、经文脉络与神学信息。,,,5,,true,,版权受保护,false
cdl-002727,丁道尔：以斯帖记——旧约圣经注释,包德雯（Joyce G. Baldwin）,包德雯（Joyce G. Baldwin，逝于1996年）曾在中国宣教，后任英国布里斯托三一学院院长。她撰写多卷《丁道尔旧约圣经注释》，包括撒母耳记、以斯帖记和但以理书等。,蒋黄心湄,校园书房出版社,1999,中文,bible-study,圣经;旧约;注释;以斯帖记;丁道尔;丁道尔旧约圣经注释,《丁道尔：以斯帖记——旧约圣经注释》属于丁道尔旧约圣经注释系列，帮助读者理解以斯帖记的历史背景、经文脉络与神学信息。,,,5,,true,,版权受保护,false
cdl-002726,丁道尔：以斯拉记、尼希米记——旧约圣经注释,柯德纳（Derek Kidner）,柯德纳（Derek Kidner，1913-2008）是英国旧约学者，曾任剑桥丁道尔之家院长。他撰写多卷《丁道尔旧约圣经注释》和《圣经信息系列》，以简洁、细致的解经风格著称。,白恩拾、杨曼如,校园书房出版社,2003,中文,bible-study,圣经;旧约;注释;以斯拉记、尼希米记;丁道尔;丁道尔旧约圣经注释,《丁道尔：以斯拉记、尼希米记——旧约圣经注释》属于丁道尔旧约圣经注释系列，帮助读者理解以斯拉记、尼希米记的历史背景、经文脉络与神学信息。,,,5,,true,,版权受保护,false
cdl-002736,丁道尔：以西结书——旧约圣经注释,泰勒（John B. Taylor）,泰勒（John B. Taylor）是英国圣经学者与教会领袖，以《以西结书》丁道尔注释及旧约研究为人所知。,校园编辑小组,校园书房出版社,2003,中文,bible-study,圣经;旧约;注释;以西结书;丁道尔;丁道尔旧约圣经注释,《丁道尔：以西结书——旧约圣经注释》属于丁道尔旧约圣经注释系列，帮助读者理解以西结书的历史背景、经文脉络与神学信息。,,,5,,true,,版权受保护,false
cdl-002734,丁道尔：以赛亚书——旧约圣经注释,莫德（Alec Motyer）,莫德（Alec Motyer）是英国旧约学者、牧者和圣经讲解者，曾任英国布里斯托三一学院院长。他以以赛亚书研究和旧约解经著作著称。,刘良淑,校园书房出版社,2001,中文,bible-study,圣经;旧约;注释;以赛亚书;丁道尔;丁道尔旧约圣经注释,《丁道尔：以赛亚书——旧约圣经注释》属于丁道尔旧约圣经注释系列，帮助读者理解以赛亚书的历史背景、经文脉络与神学信息。,,,5,,true,,版权受保护,false
cdl-002732,丁道尔：传道书——旧约圣经注释,伊顿（Michael A. Eaton）,伊顿（Michael A. Eaton）是圣经学者与牧者，从事圣经教学、讲道和旧约智慧文学研究。,蔡金铃、幸贞德,校园书房出版社,1994,中文,bible-study,圣经;旧约;注释;传道书;丁道尔;丁道尔旧约圣经注释,《丁道尔：传道书——旧约圣经注释》属于丁道尔旧约圣经注释系列，帮助读者理解传道书的历史背景、经文脉络与神学信息。,,,5,,true,,版权受保护,false
cdl-002737,丁道尔：但以理书——旧约圣经注释,包德雯（Joyce G. Baldwin）,包德雯（Joyce G. Baldwin，逝于1996年）曾在中国宣教，后任英国布里斯托三一学院院长。她撰写多卷《丁道尔旧约圣经注释》，包括撒母耳记、以斯帖记和但以理书等。,李蕙英,校园书房出版社,2004,中文,bible-study,圣经;旧约;注释;但以理书;丁道尔;丁道尔旧约圣经注释,《丁道尔：但以理书——旧约圣经注释》属于丁道尔旧约圣经注释系列，帮助读者理解但以理书的历史背景、经文脉络与神学信息。,,,5,,true,,版权受保护,false
cdl-002738,丁道尔：何西阿书——旧约圣经注释,赫伯特（David Allan Hubbard）,赫伯特（David Allan Hubbard）是美国旧约学者，曾任富勒神学院院长。他长期从事旧约文本、先知书和圣经神学研究。,耶林,校园书房出版社,1998,中文,bible-study,圣经;旧约;注释;何西阿书;丁道尔;丁道尔旧约圣经注释,《丁道尔：何西阿书——旧约圣经注释》属于丁道尔旧约圣经注释系列，帮助读者理解何西阿书的历史背景、经文脉络与神学信息。,,,5,,true,,版权受保护,false
cdl-002740,丁道尔：俄巴底亚书、约拿书、弥迦书——旧约圣经注释,贝克（David W. Baker）、亚历山大（T. Desmond Alexander）、华奇（Bruce K. Waltke）,"贝克（David W. Baker）：贝克（David W. Baker）是旧约学者，研究旧约、闪族语文和古代近东背景，参与撰写小先知书相关注释。

亚历山大（T. Desmond Alexander）：亚历山大（T. Desmond Alexander）是旧约与圣经神学学者，以圣经整体叙事、摩西五经和圣约神学研究著称。

华奇（Bruce K. Waltke）：华奇（Bruce K. Waltke）是旧约学者，以希伯来语法、旧约神学、箴言和智慧文学研究著称。",李蕙英,校园书房出版社,1999,中文,bible-study,圣经;旧约;注释;俄巴底亚书、约拿书、弥迦书;丁道尔;丁道尔旧约圣经注释,《丁道尔：俄巴底亚书、约拿书、弥迦书——旧约圣经注释》属于丁道尔旧约圣经注释系列，帮助读者理解俄巴底亚书、约拿书、弥迦书的历史背景、经文脉络与神学信息。,,,5,,true,,版权受保护,false
cdl-002715,丁道尔：出埃及记——旧约圣经注释,高雅伦（Alan Cole）,高雅伦（R. Alan Cole）是圣经学者，曾任澳洲摩尔神学院与新加坡三一神学院讲师。他撰写《马可福音》《加拉太书》和《出埃及记》等丁道尔注释卷，兼具旧约与新约研究背景。,李永明,校园书房出版社,2000,中文,bible-study,圣经;旧约;注释;出埃及记;丁道尔;丁道尔旧约圣经注释,《丁道尔：出埃及记——旧约圣经注释》属于丁道尔旧约圣经注释系列，帮助读者理解出埃及记的历史背景、经文脉络与神学信息。,,,5,,true,,版权受保护,false
cdl-002723,丁道尔：列王纪上下——旧约圣经注释,魏兹曼（D. J. Wiseman）,魏兹曼（D. J. Wiseman）是英国亚述学家与旧约研究者，曾参与大英博物馆和伦敦大学的古代近东研究工作。他的研究常将圣经文本与古代近东材料相互参照。,杨长慧,校园书房出版社,2000,中文,bible-study,圣经;旧约;注释;列王纪上下;丁道尔;丁道尔旧约圣经注释,《丁道尔：列王纪上下——旧约圣经注释》属于丁道尔旧约圣经注释系列，帮助读者理解列王纪上下的历史背景、经文脉络与神学信息。,,,5,,true,,版权受保护,false
cdl-002714,丁道尔：创世记——旧约圣经注释,柯德纳（Derek Kidner）,柯德纳（Derek Kidner，1913-2008）是英国旧约学者，曾任剑桥丁道尔之家院长。他撰写多卷《丁道尔旧约圣经注释》和《圣经信息系列》，以简洁、细致的解经风格著称。,刘良淑,校园书房出版社,1991,中文,bible-study,圣经;旧约;注释;创世记;丁道尔;丁道尔旧约圣经注释,《丁道尔：创世记——旧约圣经注释》属于丁道尔旧约圣经注释系列，帮助读者理解创世记的历史背景、经文脉络与神学信息。,,,5,,true,,版权受保护,false
cdl-002716,丁道尔：利未记——旧约圣经注释,哈里逊（R. K. Harrison）,哈里逊（R. K. Harrison）是旧约学者，曾任多伦多威克里夫学院旧约教授。他的研究涉及旧约导论、古代近东背景与摩西五经。,张心玮,校园书房出版社,2002,中文,bible-study,圣经;旧约;注释;利未记;丁道尔;丁道尔旧约圣经注释,《丁道尔：利未记——旧约圣经注释》属于丁道尔旧约圣经注释系列，帮助读者理解利未记的历史背景、经文脉络与神学信息。,,,5,,true,,版权受保护,false
cdl-002724,丁道尔：历代志上——旧约圣经注释,史尔曼（Martin J. Selman）,史尔曼（Martin J. Selman）是旧约学者，长期从事旧约教学与研究。他撰写《历代志上》和《历代志下》的丁道尔注释，尤关注旧约历史书和圣约信息。,廖和美、黄从真,校园书房出版社,2007,中文,bible-study,圣经;旧约;注释;历代志上;丁道尔;丁道尔旧约圣经注释,《丁道尔：历代志上——旧约圣经注释》属于丁道尔旧约圣经注释系列，帮助读者理解历代志上的历史背景、经文脉络与神学信息。,,,5,,true,,版权受保护,false
cdl-002725,丁道尔：历代志下——旧约圣经注释,史尔曼（Martin J. Selman）,史尔曼（Martin J. Selman）是旧约学者，长期从事旧约教学与研究。他撰写《历代志上》和《历代志下》的丁道尔注释，尤关注旧约历史书和圣约信息。,廖和美、徐成德,校园书房出版社,2007,中文,bible-study,圣经;旧约;注释;历代志下;丁道尔;丁道尔旧约圣经注释,《丁道尔：历代志下——旧约圣经注释》属于丁道尔旧约圣经注释系列，帮助读者理解历代志下的历史背景、经文脉络与神学信息。,,,5,,true,,版权受保护,false
cdl-002742,丁道尔：哈该书、撒迦利亚书、玛拉基书——旧约圣经注释,包德雯（Joyce G. Baldwin）,包德雯（Joyce G. Baldwin，逝于1996年）曾在中国宣教，后任英国布里斯托三一学院院长。她撰写多卷《丁道尔旧约圣经注释》，包括撒母耳记、以斯帖记和但以理书等。,刘良淑,校园书房出版社,1998,中文,bible-study,圣经;旧约;注释;哈该书、撒迦利亚书、玛拉基书;丁道尔;丁道尔旧约圣经注释,《丁道尔：哈该书、撒迦利亚书、玛拉基书——旧约圣经注释》属于丁道尔旧约圣经注释系列，帮助读者理解哈该书、撒迦利亚书、玛拉基书的历史背景、经文脉络与神学信息。,,,5,,true,,版权受保护,false
cdl-002721,丁道尔：士师记、路得记——旧约圣经注释,昆达（Arthur E. Cundall）、莫理斯（Leon Morris）,"昆达（Arthur E. Cundall）：昆达（Arthur E. Cundall）是圣经学者，以旧约历史书研究和《士师记》注释著称。

莫理斯（Leon Morris）：莫理斯（Leon Morris）是澳洲圣经学者，曾任墨尔本瑞德利学院院长。他撰写多部圣经研究和注释作品，尤其以新约研究知名。",杨长慧,校园书房出版社,2002,中文,bible-study,圣经;旧约;注释;士师记、路得记;丁道尔;丁道尔旧约圣经注释,《丁道尔：士师记、路得记——旧约圣经注释》属于丁道尔旧约圣经注释系列，帮助读者理解士师记、路得记的历史背景、经文脉络与神学信息。,,,5,,true,,版权受保护,false
cdl-002722,丁道尔：撒母耳记上下——旧约圣经注释,包德雯（Joyce G. Baldwin）,包德雯（Joyce G. Baldwin，逝于1996年）曾在中国宣教，后任英国布里斯托三一学院院长。她撰写多卷《丁道尔旧约圣经注释》，包括撒母耳记、以斯帖记和但以理书等。,潘秋松,校园书房出版社,2002,中文,bible-study,圣经;旧约;注释;撒母耳记上下;丁道尔;丁道尔旧约圣经注释,《丁道尔：撒母耳记上下——旧约圣经注释》属于丁道尔旧约圣经注释系列，帮助读者理解撒母耳记上下的历史背景、经文脉络与神学信息。,,,5,,true,,版权受保护,false
cdl-002717,丁道尔：民数记——旧约圣经注释,温汉（Gordon J. Wenham）,温汉（Gordon J. Wenham）是英国旧约学者，曾任格洛斯特郡大学旧约教授，后任布里斯托三一学院旧约讲师。他以摩西五经研究和旧约注释著称。,李永明,校园书房出版社,2002,中文,bible-study,圣经;旧约;注释;民数记;丁道尔;丁道尔旧约圣经注释,《丁道尔：民数记——旧约圣经注释》属于丁道尔旧约圣经注释系列，帮助读者理解民数记的历史背景、经文脉络与神学信息。,,,5,,true,,版权受保护,false
cdl-002718,丁道尔：申命记——旧约圣经注释,汤普森（J. A. Thompson）,汤普森（J. A. Thompson）是旧约学者，长期从事圣经研究与神学教育。他的著作涉及申命记、耶利米书及旧约历史背景。,李永明,校园书房出版社,2000,中文,bible-study,圣经;旧约;注释;申命记;丁道尔;丁道尔旧约圣经注释,《丁道尔：申命记——旧约圣经注释》属于丁道尔旧约圣经注释系列，帮助读者理解申命记的历史背景、经文脉络与神学信息。,,,5,,true,,版权受保护,false
cdl-002731,丁道尔：箴言——旧约圣经注释,柯德纳（Derek Kidner）,柯德纳（Derek Kidner，1913-2008）是英国旧约学者，曾任剑桥丁道尔之家院长。他撰写多卷《丁道尔旧约圣经注释》和《圣经信息系列》，以简洁、细致的解经风格著称。,潘秋松,校园书房出版社,1987,中文,bible-study,圣经;旧约;注释;箴言;丁道尔;丁道尔旧约圣经注释,《丁道尔：箴言——旧约圣经注释》属于丁道尔旧约圣经注释系列，帮助读者理解箴言的历史背景、经文脉络与神学信息。,,,5,,true,,版权受保护,false
cdl-002719,丁道尔：约书亚记——旧约圣经注释,希斯（Richard S. Hess）,希斯（Richard S. Hess）是丹佛神学院旧约与闪族语言教授，研究旧约历史、古代近东背景和希伯来圣经文本。,刘良淑,校园书房出版社,2001,中文,bible-study,圣经;旧约;注释;约书亚记;丁道尔;丁道尔旧约圣经注释,《丁道尔：约书亚记——旧约圣经注释》属于丁道尔旧约圣经注释系列，帮助读者理解约书亚记的历史背景、经文脉络与神学信息。,,,5,,true,,版权受保护,false
cdl-002720,丁道尔：约书亚记——旧约圣经注释,希斯（Richard S. Hess）,希斯（Richard S. Hess）是丹佛神学院旧约与闪族语言教授，研究旧约历史、古代近东背景和希伯来圣经文本。,刘良淑,校园书房出版社,2001,中文,bible-study,圣经;旧约;注释;约书亚记;丁道尔;丁道尔旧约圣经注释,《丁道尔：约书亚记——旧约圣经注释》属于丁道尔旧约圣经注释系列，帮助读者理解约书亚记的历史背景、经文脉络与神学信息。,,,5,,true,,版权受保护,false
cdl-002728,丁道尔：约伯记——旧约圣经注释,安德生（Francis I. Andersen）,安德生（Francis I. Andersen）是旧约学者与闪族语文研究者，关注希伯来圣经语言、约伯记和旧约先知书研究。,潘秋松,校园书房出版社,1994,中文,bible-study,圣经;旧约;注释;约伯记;丁道尔;丁道尔旧约圣经注释,《丁道尔：约伯记——旧约圣经注释》属于丁道尔旧约圣经注释系列，帮助读者理解约伯记的历史背景、经文脉络与神学信息。,,,5,,true,,版权受保护,false
cdl-002739,丁道尔：约珥书、阿摩司书——旧约圣经注释,赫伯特（David Allan Hubbard）,赫伯特（David Allan Hubbard）是美国旧约学者，曾任富勒神学院院长。他长期从事旧约文本、先知书和圣经神学研究。,徐成德,校园书房出版社,2001,中文,bible-study,圣经;旧约;注释;约珥书、阿摩司书;丁道尔;丁道尔旧约圣经注释,《丁道尔：约珥书、阿摩司书——旧约圣经注释》属于丁道尔旧约圣经注释系列，帮助读者理解约珥书、阿摩司书的历史背景、经文脉络与神学信息。,,,5,,true,,版权受保护,false
cdl-002735,丁道尔：耶利米书、耶利米哀歌——旧约圣经注释,哈里逊（R. K. Harrison）,哈里逊（R. K. Harrison）是旧约学者，曾任多伦多威克里夫学院旧约教授。他的研究涉及旧约导论、古代近东背景与摩西五经。,李蕙英,校园书房出版社,2001,中文,bible-study,圣经;旧约;注释;耶利米书、耶利米哀歌;丁道尔;丁道尔旧约圣经注释,《丁道尔：耶利米书、耶利米哀歌——旧约圣经注释》属于丁道尔旧约圣经注释系列，帮助读者理解耶利米书、耶利米哀歌的历史背景、经文脉络与神学信息。,,,5,,true,,版权受保护,false
cdl-002729,丁道尔：诗篇上——旧约圣经注释,柯德纳（Derek Kidner）,柯德纳（Derek Kidner，1913-2008）是英国旧约学者，曾任剑桥丁道尔之家院长。他撰写多卷《丁道尔旧约圣经注释》和《圣经信息系列》，以简洁、细致的解经风格著称。,刘良淑,校园书房出版社,1995,中文,bible-study,圣经;旧约;注释;诗篇上;丁道尔;丁道尔旧约圣经注释,《丁道尔：诗篇上——旧约圣经注释》属于丁道尔旧约圣经注释系列，帮助读者理解诗篇上的历史背景、经文脉络与神学信息。,,,5,,true,,版权受保护,false
cdl-002730,丁道尔：诗篇下——旧约圣经注释,柯德纳（Derek Kidner）,柯德纳（Derek Kidner，1913-2008）是英国旧约学者，曾任剑桥丁道尔之家院长。他撰写多卷《丁道尔旧约圣经注释》和《圣经信息系列》，以简洁、细致的解经风格著称。,刘良淑,校园书房出版社,1995,中文,bible-study,圣经;旧约;注释;诗篇下;丁道尔;丁道尔旧约圣经注释,《丁道尔：诗篇下——旧约圣经注释》属于丁道尔旧约圣经注释系列，帮助读者理解诗篇下的历史背景、经文脉络与神学信息。,,,5,,true,,版权受保护,false
cdl-002741,丁道尔：那鸿书、哈巴谷书、西番雅书——旧约圣经注释,贝克（David W. Baker）,贝克（David W. Baker）是旧约学者，研究旧约、闪族语文和古代近东背景，参与撰写小先知书相关注释。,潘秋松,校园书房出版社,1998,中文,bible-study,圣经;旧约;注释;那鸿书、哈巴谷书、西番雅书;丁道尔;丁道尔旧约圣经注释,《丁道尔：那鸿书、哈巴谷书、西番雅书——旧约圣经注释》属于丁道尔旧约圣经注释系列，帮助读者理解那鸿书、哈巴谷书、西番雅书的历史背景、经文脉络与神学信息。,,,5,,true,,版权受保护,false
cdl-002733,丁道尔：雅歌——旧约圣经注释,卡洛德（G. Lloyd Carr）,卡洛德（G. Lloyd Carr）是旧约学者，撰写《雅歌》丁道尔注释，研究旧约诗歌、智慧文学和希伯来文本。,潘秋松,校园书房出版社,1994,中文,bible-study,圣经;旧约;注释;雅歌;丁道尔;丁道尔旧约圣经注释,《丁道尔：雅歌——旧约圣经注释》属于丁道尔旧约圣经注释系列，帮助读者理解雅歌的历史背景、经文脉络与神学信息。,,,5,,true,,版权受保护,false
cdl-000033,七座山的异象,约翰尼 恩罗,,,,,中文,other,职场宣教;国度;文化使命;异象,,,https://christian-digital-library-assets.gioia-zheng-stud.workers.dev/covers/cdl-000033.jpg,5,https://christian-digital-library-assets.gioia-zheng-stud.workers.dev/previews/cdl-000033,true,,待核实,false
cdl-002743,万国代祷手册,万迪克 沃莫莉,,,,,中文,reference,手册,,,,5,,true,,待核实,false
cdl-002744,万爱之源,,,,,,中文,other,,,,,5,,true,,待核实,false
cdl-002745,万物得到改造而不是毁灭：基督教末世论的含义,安希孟,,,,,中文,theology,基督,,,,5,,true,,待核实,false
cdl-002746,万王之王419-23,,,,,,中文,other,,,,,5,,true,,待核实,false
cdl-000034,丈夫，天生需要帮助者,迈克尔 珀尔,,,,,中文,other,婚姻家庭;丈夫;夫妻关系,,,https://christian-digital-library-assets.gioia-zheng-stud.workers.dev/covers/cdl-000034.jpg,5,https://christian-digital-library-assets.gioia-zheng-stud.workers.dev/previews/cdl-000034,true,,待核实,false
cdl-002747,三一神論,,,,,,中文,other,三一论;神论;系统神学,,,,5,,true,,待核实,false
cdl-002258,三一神论,唐崇荣,,,,,中文,other,三一论;唐崇荣;系统神学,,,,5,,true,,待核实,false
cdl-002748,三位一体,洛兰·伯特纳,,,,,中文,theology,三位一体;神学;教义;系统神学,本书从圣经与教义传统出发，说明基督教三位一体信仰的基本内容与神学意义。,,,5,,true,,待核实,false
cdl-002749,三段论,,,,,,中文,other,,,,,5,,true,,待核实,false
cdl-002750,中国小说源流论,,,,生活·读书·新知三联书店,,中文,culture-society,三联·哈佛燕京学术丛书;中国文学;小说史,,,,5,,true,,待核实,false
cdl-002751,再登巴比伦塔：巴赫金与对话理论,,,,生活·读书·新知三联书店,,中文,culture-society,三联·哈佛燕京学术丛书;巴赫金;对话理论;文学理论,,,,5,,true,,待核实,false
cdl-002752,台湾的忧郁：论陈映真的写作与台湾的文学精神,,,,生活·读书·新知三联书店,,中文,culture-society,三联·哈佛燕京学术丛书;台湾文学;陈映真;文学研究,,,,5,,true,,待核实,false
cdl-002753,因明正理门论研究,,,,生活·读书·新知三联书店,,中文,culture-society,三联·哈佛燕京学术丛书;因明;佛教;逻辑,,,,5,,true,,待核实,false
cdl-002754,工业组织与经济增长的理论研究,,,,生活·读书·新知三联书店,,中文,culture-society,三联·哈佛燕京学术丛书;经济学;工业组织;经济增长,,,,5,,true,,待核实,false
cdl-002755,法律的文化解释（增订本）,,,,生活·读书·新知三联书店,,中文,culture-society,三联·哈佛燕京学术丛书;文化;法律;法学,,,,5,,true,,待核实,false
cdl-002756,罗素与中国,,,,生活·读书·新知三联书店,,中文,culture-society,三联·哈佛燕京学术丛书;罗素;中国思想;思想史,,,,5,,true,,待核实,false
cdl-002757,论可能生活（修订版）,,,,生活·读书·新知三联书店,,中文,culture-society,三联·哈佛燕京学术丛书;伦理学;哲学;生活哲学,,,,5,,true,,待核实,false
cdl-002758,20世纪上半期中国文学的现代意识,,,,生活·读书·新知三联书店,,中文,culture-society,三联·哈佛燕京学术丛书;中国文学;现代意识;文学研究,,,,5,,true,,待核实,false
cdl-002759,中古中国与外来文明,,,,生活·读书·新知三联书店,,中文,culture-society,三联·哈佛燕京学术丛书;中古中国;文明交流;历史,,,,5,,true,,待核实,false
cdl-002760,中国清真女寺史,,,,生活·读书·新知三联书店,,中文,culture-society,三联·哈佛燕京学术丛书;清真女寺;伊斯兰;宗教史,,,,5,,true,,待核实,false
cdl-002761,无调式的辩证想象：阿多诺《否定的辩证法》的文本学解读,,,,生活·读书·新知三联书店,,中文,culture-society,三联·哈佛燕京学术丛书;阿多诺;否定的辩证法;哲学,,,,5,,true,,待核实,false
cdl-002762,正义的两面,,,,生活·读书·新知三联书店,,中文,culture-society,三联·哈佛燕京学术丛书;正义;政治哲学;伦理学,,,,5,,true,,待核实,false
cdl-002763,法国戏剧百年：1880-1980,,,,生活·读书·新知三联书店,,中文,culture-society,三联·哈佛燕京学术丛书;法国戏剧;戏剧史;文学研究,,,,5,,true,,待核实,false
cdl-002765,古代宗教与伦理：儒家思想的根源,,,,生活·读书·新知三联书店,,中文,culture-society,三联·哈佛燕京学术丛书;伦理;宗教;儒家思想,,,,5,,true,,待核实,false
cdl-002766,爱默生和中国,,,,生活·读书·新知三联书店,,中文,culture-society,三联·哈佛燕京学术丛书;爱默生;中国思想;比较文学,,,,5,,true,,待核实,false
cdl-002767,语言与哲学,,,,生活·读书·新知三联书店,,中文,culture-society,三联·哈佛燕京学术丛书;语言哲学;哲学,,,,5,,true,,待核实,false
cdl-002768,门阀士族与永明文学,,,,生活·读书·新知三联书店,,中文,culture-society,三联·哈佛燕京学术丛书;门阀士族;永明文学;文学史,,,,5,,true,,待核实,false
cdl-002769,君子儒与诗教：先秦儒家文学思想考论,,,,生活·读书·新知三联书店,,中文,culture-society,三联·哈佛燕京学术丛书;儒家;诗教;先秦文学,,,,5,,true,,待核实,false
cdl-002770,良知学的展开：王龙溪与中晚明的阳明学,,,,生活·读书·新知三联书店,,中文,culture-society,三联·哈佛燕京学术丛书;阳明学;王龙溪;思想史,,,,5,,true,,待核实,false
cdl-002771,三联·哈佛燕京学术丛书第九辑：都市里的村庄,,,,,,中文,culture-society,社会;城市;哈佛燕京;三联,,,,5,,true,,待核实,false
cdl-002772,代价论：一个社会学的新视角,,,,生活·读书·新知三联书店,,中文,culture-society,三联·哈佛燕京学术丛书;社会学;代价论,,,,5,,true,,待核实,false
cdl-002773,境生象外：华夏审美与艺术特征考察,,,,生活·读书·新知三联书店,,中文,culture-society,三联·哈佛燕京学术丛书;美学;艺术;华夏审美,,,,5,,true,,待核实,false
cdl-002774,海德格尔哲学概论,,,,生活·读书·新知三联书店,,中文,culture-society,三联·哈佛燕京学术丛书;海德格尔;哲学,,,,5,,true,,待核实,false
cdl-002775,清末的新知识界,,,,生活·读书·新知三联书店,,中文,culture-society,三联·哈佛燕京学术丛书;清末;知识界;思想史,,,,5,,true,,待核实,false
cdl-002776,现象学及其效应：胡塞尔与当代德国哲学,,,,生活·读书·新知三联书店,,中文,culture-society,三联·哈佛燕京学术丛书;现象学;胡塞尔;德国哲学,,,,5,,true,,待核实,false
cdl-002777,走出男权传统的藩篱,,,,生活·读书·新知三联书店,,中文,culture-society,三联·哈佛燕京学术丛书;性别研究;女性主义;文化研究,,,,5,,true,,待核实,false
cdl-002778,金元全真道内丹心性学,,,,生活·读书·新知三联书店,,中文,culture-society,三联·哈佛燕京学术丛书;全真道;内丹;道教,,,,5,,true,,待核实,false
cdl-002779,京剧跷和中国的性别关系,,,,生活·读书·新知三联书店,,中文,culture-society,三联·哈佛燕京学术丛书;京剧;性别研究;戏曲,,,,5,,true,,待核实,false
cdl-002780,传统与变迁：江浙农民的社会心理及近代以来的嬗变,,,,生活·读书·新知三联书店,,中文,culture-society,三联·哈佛燕京学术丛书;社会心理;江浙农民;社会变迁,,,,5,,true,,待核实,false
cdl-002781,奎因哲学研究,,,,生活·读书·新知三联书店,,中文,culture-society,三联·哈佛燕京学术丛书;奎因;哲学;分析哲学,,,,5,,true,,待核实,false
cdl-002782,神秘主义诗学,,,,生活·读书·新知三联书店,,中文,culture-society,三联·哈佛燕京学术丛书;神秘主义;诗学;文学理论,,,,5,,true,,待核实,false
cdl-002783,稷下学研究：中国古代的思想自由与百家争鸣,,,,生活·读书·新知三联书店,,中文,culture-society,三联·哈佛燕京学术丛书;稷下学;思想史;百家争鸣,,,,5,,true,,待核实,false
cdl-002784,选举社会及其终结：秦汉至晚清历史的一种社会学阐释,,,,生活·读书·新知三联书店,,中文,culture-society,三联·哈佛燕京学术丛书;历史社会学;选举社会;秦汉;晚清,,,,5,,true,,待核实,false
cdl-002786,从自由主义到后自由主义,,,,生活·读书·新知三联书店,,中文,culture-society,三联·哈佛燕京学术丛书;自由主义;政治思想;社会理论,,,,5,,true,,待核实,false
cdl-002785,从自由主义到后自由主义,应奇,,,生活·读书·新知三联书店,,中文,culture-society,三联·哈佛燕京学术丛书;自由主义;政治思想;社会理论,,,,5,,true,,待核实,false
cdl-002787,多视角看江南经济史：1250-1850,,,,生活·读书·新知三联书店,,中文,culture-society,三联·哈佛燕京学术丛书;江南经济史;经济史;历史,,,,5,,true,,待核实,false
cdl-002788,推敲：自我、小说在18世纪的英国,,,,生活·读书·新知三联书店,,中文,culture-society,三联·哈佛燕京学术丛书;英国文学;小说;自我,,,,5,,true,,待核实,false
cdl-002789,政治儒学：当代儒学的转向、特质与发展,,,,生活·读书·新知三联书店,,中文,culture-society,三联·哈佛燕京学术丛书;政治儒学;儒学;政治思想,,,,5,,true,,待核实,false
cdl-002790,中国文论与西方诗学,,,,生活·读书·新知三联书店,,中文,culture-society,三联·哈佛燕京学术丛书;中国文论;西方诗学;文学理论,,,,5,,true,,待核实,false
cdl-002791,为了忘却的集体记忆：解读50篇文革小说,,,,生活·读书·新知三联书店,,中文,culture-society,三联·哈佛燕京学术丛书;文革小说;集体记忆;文学研究,,,,5,,true,,待核实,false
cdl-002792,人类的四分之一：马尔萨斯的神话与中国的现实,,,,生活·读书·新知三联书店,,中文,culture-society,三联·哈佛燕京学术丛书;人口;马尔萨斯;中国社会,,,,5,,true,,待核实,false
cdl-002793,古道西风：考古新发现与中西文化交流,,,,生活·读书·新知三联书店,,中文,culture-society,三联·哈佛燕京学术丛书;考古;中西文化交流;文化史,,,,5,,true,,待核实,false
cdl-002794,走进分析哲学,,,,生活·读书·新知三联书店,,中文,culture-society,三联·哈佛燕京学术丛书;分析哲学;哲学,,,,5,,true,,待核实,false
cdl-002795,选择、接受与疏离：王国维接受叔本华、朱光潜接受克罗齐对比研究,,,,生活·读书·新知三联书店,,中文,culture-society,三联·哈佛燕京学术丛书;王国维;朱光潜;比较研究;美学,,,,5,,true,,待核实,false
cdl-002796,三联·哈佛燕京学术丛书第四辑：中国史前考古学史研究,,,,,,中文,culture-society,历史;考古;哈佛燕京;三联,,,,5,,true,,待核实,false
cdl-002797,儒学地域化的近代形态,,,,生活·读书·新知三联书店,,中文,culture-society,三联·哈佛燕京学术丛书;儒学;地域化;近代思想,,,,5,,true,,待核实,false
cdl-002798,历史哲学的重建,,,,生活·读书·新知三联书店,,中文,culture-society,三联·哈佛燕京学术丛书;历史哲学;哲学,,,,5,,true,,待核实,false
cdl-002799,心学之思：王阳明哲学的阐释,,,,生活·读书·新知三联书店,,中文,culture-society,三联·哈佛燕京学术丛书;王阳明;心学;哲学,,,,5,,true,,待核实,false
cdl-002800,社会人类学与中国研究,,,,生活·读书·新知三联书店,,中文,culture-society,三联·哈佛燕京学术丛书;社会人类学;中国研究,,,,5,,true,,待核实,false
cdl-002801,绵延之维,,,,生活·读书·新知三联书店,,中文,culture-society,三联·哈佛燕京学术丛书;哲学;思想史,,,,5,,true,,待核实,false
cdl-002802,教育的目的,,,,三联书店,,中文,culture-society,教育;文化生活译丛,,,,5,,true,,待核实,false
cdl-002803,三联哈佛燕京学术丛书1994-2014,,,,,,中文,other,,,,,5,,true,,待核实,false
cdl-004384,基督教要义（三联旧版，上中下合集）,约翰·加尔文,,,,,中文,other,系统神学;改革宗;加尔文;基督教要义,,,,5,,true,,待核实,false
cdl-005112,提升你的讲道能力（上册）,,,,,,中文,pastoral,讲道;讲道训练;教会事奉,,,,5,,true,,待核实,false
cdl-002804,上古基督教思想简史,,,,,,中文,church-history,简史,,,,5,,true,,待核实,false
cdl-002805,上山之钥 李慕圣,,,,,,中文,other,,,,,5,,true,,待核实,false
cdl-002227,上帝，为什么：黑人·苦难·恶,安东尼 平,,,,,中文,theology,上帝,,,,5,,true,,待核实,false
cdl-001898,上帝、世俗社会与道德的基础当代宗教哲学的探索,关启文,,,,,中文,theology,上帝,,,,5,,true,,待核实,false
cdl-002806,上帝与女性：传统基督教文化视野中的西方女性,,,,,,中文,theology,上帝;基督,,,,5,,true,,待核实,false
cdl-000035,上帝为什么要向迦南人发动战争,,,,,,中文,theology,上帝,,,https://christian-digital-library-assets.gioia-zheng-stud.workers.dev/covers/cdl-000035.jpg,3,https://christian-digital-library-assets.gioia-zheng-stud.workers.dev/previews/cdl-000035,true,,待核实,false
cdl-002807,上帝主权的恩典：司布真讲道选,司布真,,,,,中文,theology,上帝;恩典;讲道;救恩,本书选录司布真关于上帝主权与恩典的讲道，强调救恩出于上帝的怜悯与大能。,,,5,,true,,待核实,false
cdl-001011,上帝之善 神学 教会与社会秩序,,,,,,中文,theology,神学,,,https://christian-digital-library-assets.gioia-zheng-stud.workers.dev/covers/cdl-001011.jpg,5,https://christian-digital-library-assets.gioia-zheng-stud.workers.dev/previews/cdl-001011,true,,待核实,false
cdl-002808,上帝之城,奥古斯丁,,,,,中文,theology,上帝,,,,5,,true,,待核实,false
cdl-002809,上帝之城,,,,,,中文,theology,上帝,,,,5,,true,,待核实,false
cdl-002810,上帝之城,奥古斯丁,,王晓朝,,,中文,church-history,奥古斯丁;教会史;神学经典,,,,5,,true,,待核实,false
cdl-002811,上帝创造万物,,,,,,中文,theology,上帝,,,,5,,true,,待核实,false
cdl-002812,上帝國的信息,,,,,,中文,theology,上帝,,,,5,,true,,待核实,false
cdl-002365,上帝子民的伦理学：重现申命记中的恩典社会,萊特,,,,,中文,bible-study,申命记,,,,0,,true,,待核实,false
cdl-000036,上帝子民的倫理學 申命記注釋,萊特,,,,,中文,bible-study,申命記,,,https://christian-digital-library-assets.gioia-zheng-stud.workers.dev/covers/cdl-000036.jpg,5,https://christian-digital-library-assets.gioia-zheng-stud.workers.dev/previews/cdl-000036,true,,待核实,false
cdl-002813,上帝对亚伯拉罕的诺言,,,,,,中文,theology,上帝,,,,5,,true,,待核实,false
cdl-002814,上帝是为了我们还是他自己,约翰派博,,,,,中文,theology,上帝,,,,3,,true,,待核实,false
cdl-001901,上帝是否存在,理查德德 斯温伯尔尼,,,,,中文,theology,上帝,,,,5,,true,,待核实,false
cdl-002815,上帝死了，神学何为,,,,,,中文,theology,神学,,,,5,,true,,待核实,false
cdl-002816,上帝疯狂了,,,,,,中文,theology,上帝,,,,5,,true,,待核实,false
cdl-001580,上帝的企管学,保罗·史蒂文斯（Paul Stevens）,,,,,中文,culture-society,职场;管理;信仰与工作,,,https://christian-digital-library-assets.gioia-zheng-stud.workers.dev/covers/cdl-001580.jpg,5,https://christian-digital-library-assets.gioia-zheng-stud.workers.dev/previews/cdl-001580,true,,待核实,false
cdl-002817,上帝的名耶和华,梁望惠,,,,,中文,theology,上帝,,,,5,,true,,待核实,false
cdl-002818,上帝的圣民：圣经神学,,,,,,中文,bible-study,圣经,,,,0,,true,,待核实,false
cdl-001695,上帝的声音,魏乐德,,,,,中文,theology,上帝,,,https://christian-digital-library-assets.gioia-zheng-stud.workers.dev/covers/cdl-001695.jpg,5,https://christian-digital-library-assets.gioia-zheng-stud.workers.dev/previews/cdl-001695,true,,待核实,false
cdl-000038,上帝的守望者,,,,,,中文,theology,上帝,,,https://christian-digital-library-assets.gioia-zheng-stud.workers.dev/covers/cdl-000038.jpg,5,https://christian-digital-library-assets.gioia-zheng-stud.workers.dev/previews/cdl-000038,true,,待核实,false
cdl-002819,上帝的属性,,,,,,中文,theology,上帝,,,,5,,true,,待核实,false
cdl-002820,上帝的恩典,约翰·慕理（John Murray）,约翰·慕理（John Murray，1898-1975）是苏格兰改革宗神学家，曾任威斯敏斯特神学院系统神学教授。他在救赎论、伦理学、律法与恩典等主题上影响深远。,,,,中文,theology,恩典;救恩论;改革宗;神学,本书从改革宗神学角度讨论上帝恩典的性质、根基与施行，帮助读者认识救恩完全出于神主动而丰盛的怜悯。,,,5,,true,,版权受保护,false
cdl-002622,上帝的神秘：卡尔·巴特与后现代神学基础,,,,,,中文,theology,神学,,,,5,,true,,待核实,false
cdl-002426,上帝的蓝图,沃恩 罗伯茨 Vaughan Roberts,,,,,中文,theology,上帝,,,,5,,true,,待核实,false
cdl-002821,上帝的蓝图,单页,,,,,中文,theology,上帝,,,,5,,true,,待核实,false
cdl-002822,上帝的蓝图目录版,,,,,,中文,reference,目录,,,,5,,true,,待核实,false
cdl-000039,上帝的起源,伊 斯克袄尔佐夫,,,,,中文,theology,上帝,,,https://christian-digital-library-assets.gioia-zheng-stud.workers.dev/covers/cdl-000039.jpg,5,https://christian-digital-library-assets.gioia-zheng-stud.workers.dev/previews/cdl-000039,true,,待核实,false
cdl-002823,上帝的道與歷史的動向,,,,,,中文,church-history,歷史,,,,5,,true,,待核实,false
cdl-002645,上帝知道什么：时间与神圣知识问题,,,,,,中文,spiritual-life,与神,,,,5,,true,,待核实,false
cdl-002824,上帝考验亚伯拉罕的爱,,,,,,中文,theology,上帝,,,,5,,true,,待核实,false
cdl-000040,上帝道成肉身的隐喻,约翰 希克,,,,,中文,theology,上帝;道成肉身,,,https://christian-digital-library-assets.gioia-zheng-stud.workers.dev/covers/cdl-000040.jpg,5,https://christian-digital-library-assets.gioia-zheng-stud.workers.dev/previews/cdl-000040,true,,待核实,false
cdl-005348,新约正典的起源、发展和意义,麦慈格（Bruce M. Metzger）,,刘平、曹静,上海人民出版社,2008,中文,bible-study,圣经;新约;正典;圣经历史,,,,5,,true,,待核实,false
cdl-000042,上瘾的真相 揭开 瘾情 重获新生的康愈之路,王倩倩,,,,,中文,other,成瘾;辅导;康复;生命更新,,,https://christian-digital-library-assets.gioia-zheng-stud.workers.dev/covers/cdl-000042.jpg,5,https://christian-digital-library-assets.gioia-zheng-stud.workers.dev/previews/cdl-000042,true,,待核实,false
cdl-002825,上行之诗,信徒的上行历程,,,,,中文,other,诗篇;灵修;信徒生命,,,,5,,true,,待核实,false
cdl-005113,提升你的讲道能力（下册）,,,,,,中文,pastoral,讲道;讲道训练;教会事奉,,,,5,,true,,待核实,false
cdl-002826,不为五斗米折腰：从腓立比看诚信正直,曾立华,,,,,中文,bible-study,腓立比,,,,5,,true,,待核实,false
cdl-001845,不做陌生人,黄伯和,,,,,中文,other,,,,,5,,true,,待核实,false
cdl-002827,不再一样,布克比 金科德,,,,,中文,other,经历神;灵修;门徒训练;神的旨意,,,,5,,true,,待核实,false
cdl-002828,不再一样的领导力 亨利布克比 & 理察布克比,,,,,,中文,other,领导力;教会事奉;属灵领导,,,,5,,true,,待核实,false
cdl-001581,不再一样的领导力,亨利·布克比,,,,,中文,pastoral,领导力;教会事奉;属灵领导,,,,5,,true,,待核实,false
cdl-002830,不列颠百科全书：国际中文版（第11卷）,,,,,,中文,reference,百科全书;工具书;参考书,,,,5,,true,,待核实,false
cdl-002831,不列颠百科全书：国际中文版（第15卷）,,,,,,中文,reference,百科全书;工具书;参考书,,,,5,,true,,待核实,false
cdl-002832,不列颠百科全书：国际中文版（第16卷）,,,,,,中文,reference,百科全书;工具书;参考书,,,,5,,true,,待核实,false
cdl-002833,不列颠百科全书：国际中文版（第20卷）,,,,,,中文,reference,百科全书;工具书;参考书,,,,5,,true,,待核实,false
cdl-002834,不列颠百科全书：国际中文版索引（第19-20卷合并）,,,,,,中文,reference,百科全书;索引;工具书,,,,5,,true,,待核实,false
cdl-002835,不变的爱(玛拉基书注释),,,,,,中文,bible-study,注释;玛拉基,,,,5,,true,,待核实,false
cdl-002836,不变的爱(玛拉基书注释),,,,,,中文,bible-study,注释;玛拉基,,,,5,,true,,待核实,false
cdl-002837,不变的爱(繁体),,,,,,中文,other,玛拉基书;旧约;注释;神的爱,,,,5,,true,,待核实,false
cdl-002405,不变的爱：玛拉基书注释,华德凯瑟,,,,,中文,bible-study,注释;玛拉基,,,,5,,true,,待核实,false
cdl-002838,不变的爱：玛拉基书注释,华德 凯瑟,,,,,中文,bible-study,注释;玛拉基,,,,5,,true,,待核实,false
cdl-002839,不可叫人小看你年轻,,,,,,中文,other,青年;门徒训练;基督徒生活;事奉,,,,5,,true,,待核实,false
cdl-002840,不可或缺的增长,卢家骏,,,,,中文,other,教会增长;牧养;事工,,,,5,,true,,待核实,false
cdl-001582,不可理喻的上帝：杜博生,DOBSON JAMES C,,,,,中文,theology,上帝,,,,5,,true,,待核实,false
cdl-002841,不可能的可能性 尼布尔的人性,,,,,,中文,other,尼布尔;人性论;神学思想;文化研究,,,,5,,true,,待核实,false
cdl-000006,不可能的可能性 简评尼布尔的人性观,张秀英,,,,,中文,other,尼布尔;人性论;神学思想;文化研究,,,https://christian-digital-library-assets.gioia-zheng-stud.workers.dev/covers/cdl-000006.jpg,5,https://christian-digital-library-assets.gioia-zheng-stud.workers.dev/previews/cdl-000006,true,,待核实,false
cdl-002842,不可虚伪,赵中辉,,,,,中文,other,基督徒生活;诚实;灵修,,,,2,,true,,待核实,false
cdl-002843,不可言说的言说,,,,,,中文,other,,,,,5,,true,,待核实,false
cdl-001774,不可讨价还价的神：周学信,,,,,,中文,other,神论;神的主权;系统神学,,,,5,,true,,待核实,false
cdl-000043,不断归正的教会,,,,,,中文,theology,教会,,,https://christian-digital-library-assets.gioia-zheng-stud.workers.dev/covers/cdl-000043.jpg,5,https://christian-digital-library-assets.gioia-zheng-stud.workers.dev/previews/cdl-000043,true,,待核实,false
cdl-002844,不是与属血气的争战,,,,,,中文,other,属灵争战;祷告;基督徒生活,,,,5,,true,,待核实,false
cdl-002845,不服从的江湖,王怡,,,,,中文,other,公共神学;王怡;中国教会;社会评论,,,,5,,true,,待核实,false
cdl-002846,不朽的声音：世界经典演讲,,,,,,中文,other,演讲;历史;文化,,,,5,,true,,待核实,false
cdl-002847,不知之云,,,,,,中文,other,灵修;默观祈祷;神秘神学;经典,,,,5,,true,,待核实,false
cdl-002848,不要恐惧抑郁症,,,,,,中文,other,心理辅导;抑郁;医治;关怀,,,,5,,true,,待核实,false
cdl-001992,与上帝立约,施达雄,,,,,中文,theology,上帝,,,,5,,true,,待核实,false
cdl-001919,与主同在,Tom O Hara s j,,,,,中文,spiritual-life,与主,,,https://christian-digital-library-assets.gioia-zheng-stud.workers.dev/covers/cdl-001919.jpg,5,https://christian-digital-library-assets.gioia-zheng-stud.workers.dev/previews/cdl-001919,true,,待核实,false
cdl-000633,与主同轭,,,,,,中文,spiritual-life,与主,,,,5,,true,,待核实,false
cdl-001814,与众不同的圣经教学,罗依 苏克,,,,,中文,bible-study,圣经,,,,5,,true,,待核实,false
cdl-002234,与你同行：默想十架苦路,卢云,,,,,中文,other,十架苦路;默想;灵修;卢云,,,,5,,true,,待核实,false
cdl-002849,与你同行默想十架苦路—卢云,,,,,,中文,other,十架苦路;默想;灵修;卢云,,,,5,,true,,待核实,false
cdl-002214,以利亚：与其得力之秘诀,F. B. 麦尔,,,,,中文,spiritual-life,以利亚;灵修;信心;圣经人物,,,,5,,true,,待核实,false
cdl-000634,与属灵伟人同行,,,,,,中文,spiritual-life,属灵,,,,5,,true,,待核实,false
cdl-000679,与撒旦的争战 认识敌人的弱点、策略和失败,周必克,,,,,中文,other,属灵争战;撒但;改革宗;基督徒生活,,,https://christian-digital-library-assets.gioia-zheng-stud.workers.dev/covers/cdl-000679.jpg,5,https://christian-digital-library-assets.gioia-zheng-stud.workers.dev/previews/cdl-000679,true,,待核实,false
cdl-000044,与神合一,,,,,,中文,spiritual-life,与神,,,https://christian-digital-library-assets.gioia-zheng-stud.workers.dev/covers/cdl-000044.jpg,5,https://christian-digital-library-assets.gioia-zheng-stud.workers.dev/previews/cdl-000044,true,,待核实,false
cdl-000045,与神同在,劳伦斯,,,,,中文,spiritual-life,与神,,,https://christian-digital-library-assets.gioia-zheng-stud.workers.dev/covers/cdl-000045.jpg,5,https://christian-digital-library-assets.gioia-zheng-stud.workers.dev/previews/cdl-000045,true,,待核实,false
cdl-000636,与神同行,莱尔（J. C. Ryle）,莱尔（J. C. Ryle，1816-1900）是英国圣公会牧者，曾任利物浦主教。他以清晰、直接的福音讲论和灵修作品闻名，著有多部圣经注释与基督徒生活作品。,,,,中文,spiritual-life,灵修;与神同行;基督徒生活,本书围绕基督徒日常生命与敬虔操练，劝勉读者在信心、祷告、顺服与圣洁中学习与神同行。,,https://christian-digital-library-assets.gioia-zheng-stud.workers.dev/covers/cdl-000636.jpg,5,https://christian-digital-library-assets.gioia-zheng-stud.workers.dev/previews/cdl-000636,true,,版权受保护,false
cdl-001584,与神同行的领袖：奥夫,艾克曼,,,,,中文,spiritual-life,与神,,,https://christian-digital-library-assets.gioia-zheng-stud.workers.dev/covers/cdl-001584.jpg,5,https://christian-digital-library-assets.gioia-zheng-stud.workers.dev/previews/cdl-001584,true,,待核实,false
cdl-000046,与神对话 1,,,,,,中文,spiritual-life,与神,,,https://christian-digital-library-assets.gioia-zheng-stud.workers.dev/covers/cdl-000046.jpg,5,https://christian-digital-library-assets.gioia-zheng-stud.workers.dev/previews/cdl-000046,true,,待核实,false
cdl-000047,与神对话 2,,,,,,中文,spiritual-life,与神,,,https://christian-digital-library-assets.gioia-zheng-stud.workers.dev/covers/cdl-000047.jpg,5,https://christian-digital-library-assets.gioia-zheng-stud.workers.dev/previews/cdl-000047,true,,待核实,false
cdl-000048,与神对话 3,,,,,,中文,spiritual-life,与神,,,https://christian-digital-library-assets.gioia-zheng-stud.workers.dev/covers/cdl-000048.jpg,5,https://christian-digital-library-assets.gioia-zheng-stud.workers.dev/previews/cdl-000048,true,,待核实,false
cdl-000049,与神对话 4,,,,,,中文,spiritual-life,与神,,,https://christian-digital-library-assets.gioia-zheng-stud.workers.dev/covers/cdl-000049.jpg,5,https://christian-digital-library-assets.gioia-zheng-stud.workers.dev/previews/cdl-000049,true,,待核实,false
cdl-000337,与神对话（二）,尼尔·唐纳德·沃尔什,,,,,中文,culture-society,灵性;宗教思想;当代宗教,,,,5,,true,,待核实,false
cdl-000338,与神对话（三）,尼尔·唐纳德·沃尔什,,,,,中文,culture-society,灵性;宗教思想;当代宗教,,,,5,,true,,待核实,false
cdl-000050,与神面对面,比尔 强生,,,,,中文,spiritual-life,与神,,,https://christian-digital-library-assets.gioia-zheng-stud.workers.dev/covers/cdl-000050.jpg,5,https://christian-digital-library-assets.gioia-zheng-stud.workers.dev/previews/cdl-000050,true,,待核实,false
cdl-002851,与马同跑：耶利米的非凡人生,尤金·毕德生,,,南京大学出版社,,中文,bible-study,耶利米;先知书;生命操练,,,,5,,true,,待核实,false
cdl-000051,世界历史与救赎历史,洛维特,,,,,中文,church-history,历史,,,https://christian-digital-library-assets.gioia-zheng-stud.workers.dev/covers/cdl-000051.jpg,5,https://christian-digital-library-assets.gioia-zheng-stud.workers.dev/previews/cdl-000051,true,,待核实,false
cdl-000052,世界在等待的門徒,斯托得,,,,,中文,spiritual-life,門徒,,,https://christian-digital-library-assets.gioia-zheng-stud.workers.dev/covers/cdl-000052.jpg,5,https://christian-digital-library-assets.gioia-zheng-stud.workers.dev/previews/cdl-000052,true,,待核实,false
cdl-002374,世界在等待的门徒,东方美,,,,,中文,spiritual-life,门徒,,,,5,,true,,待核实,false
cdl-002852,世界在等待的门徒,,,,,,中文,spiritual-life,门徒,,,,5,,true,,待核实,false
cdl-004722,世界宗教简史,已解锁,,,,,中文,church-history,简史,,,,5,,true,,待核实,false
cdl-002853,世界文明史 宗教改革,,,,,,中文,church-history,宗教改革,,,,5,,true,,待核实,false
cdl-002854,世界猶太人歷史,,,,,,中文,church-history,歷史,,,,5,,true,,待核实,false
cdl-002855,世界观的故事,,,,,,中文,other,世界观;文化;思想史,,,,5,,true,,待核实,false
cdl-002856,东方的遗产,,,,,,中文,other,历史;东方文明;文化,,,,5,,true,,待核实,false
cdl-002857,东正教和东正教在中国,,,,,,中文,other,东正教;中国教会史;教会历史,,,,5,,true,,待核实,false
cdl-000053,东正教教会学说概要,C H 布尔加科夫,,,,,中文,theology,教会,,,https://christian-digital-library-assets.gioia-zheng-stud.workers.dev/covers/cdl-000053.jpg,5,https://christian-digital-library-assets.gioia-zheng-stud.workers.dev/previews/cdl-000053,true,,待核实,false
cdl-000054,东正教神学导论,弗 洛斯基,,,,,中文,theology,神学,,,https://christian-digital-library-assets.gioia-zheng-stud.workers.dev/covers/cdl-000054.jpg,5,https://christian-digital-library-assets.gioia-zheng-stud.workers.dev/previews/cdl-000054,true,,待核实,false
cdl-000055,丝绸之路的音乐文化,周吉,,,,,中文,culture-society,文化,,,https://christian-digital-library-assets.gioia-zheng-stud.workers.dev/covers/cdl-000055.jpg,5,https://christian-digital-library-assets.gioia-zheng-stud.workers.dev/previews/cdl-000055,true,,待核实,false
cdl-002858,丢人现眼的福音派,,,,,,中文,other,福音派;教会反思;公共信仰,,,,5,,true,,待核实,false
cdl-001611,两个13亿训练手册,黄约瑟,,,,,中文,reference,手册,,,https://christian-digital-library-assets.gioia-zheng-stud.workers.dev/covers/cdl-001611.jpg,5,https://christian-digital-library-assets.gioia-zheng-stud.workers.dev/previews/cdl-001611,true,,待核实,false
cdl-002859,两河流域史前时代,,,,,,中文,other,古代近东;历史;考古,,,,5,,true,,待核实,false
cdl-002860,两种上帝,,,,,,中文,theology,上帝,,,,5,,true,,待核实,false
cdl-002417,两种上帝：弗洛伊德的问题，鲁益师的回答,尼可里 Armand M Nicholi Jr,,,,,中文,theology,上帝,,,,5,,true,,待核实,false
cdl-002861,两种智慧(雅各书),,,,,,中文,bible-study,雅各书,,,,5,,true,,待核实,false
cdl-002862,两种智慧(雅各书),,,,,,中文,bible-study,雅各书,,,,5,,true,,待核实,false
cdl-002863,两约中间史略,,,,,,中文,other,两约中间期;圣经历史;犹太背景,,,,5,,true,,待核实,false
cdl-002864,两约探秘,梁燕城,,,,,中文,other,两约中间期;圣经背景;护教,,,,5,,true,,待核实,false
cdl-002865,两约探秘,梁燕城,,,,,中文,other,两约中间期;圣经背景;护教,,,,5,,true,,待核实,false
cdl-000916,个人布道,,,,,,中文,missions,布道,,,https://christian-digital-library-assets.gioia-zheng-stud.workers.dev/covers/cdl-000916.jpg,5,https://christian-digital-library-assets.gioia-zheng-stud.workers.dev/previews/cdl-000916,true,,待核实,false
cdl-000001,个人的属灵生活,,,,,,中文,spiritual-life,属灵生活;属灵,,,https://christian-digital-library-assets.gioia-zheng-stud.workers.dev/covers/cdl-000001.jpg,5,https://christian-digital-library-assets.gioia-zheng-stud.workers.dev/previews/cdl-000001,true,,待核实,false
cdl-002866,个体的人：祁克果的基督教生存论思想,,,,,,中文,theology,基督,,,,5,,true,,待核实,false
cdl-000354,中世纪上帝的文化,张绥,,,,,中文,theology,上帝,,,,5,,true,,待核实,false
cdl-002574,中世纪教会史,毕尔麦尔 等 宗教文化,,,,,中文,church-history,教会史,,,,5,,true,,待核实,false
cdl-000638,中世纪教育文选,,,,,,中文,culture-society,教育,,,,5,,true,,待核实,false
cdl-000639,中俄廣告修辭策略對比分析,高雯君,,,,,中文,other,,,,https://christian-digital-library-assets.gioia-zheng-stud.workers.dev/covers/cdl-000639.jpg,1,https://christian-digital-library-assets.gioia-zheng-stud.workers.dev/previews/cdl-000639,true,,待核实,false
cdl-000640,中国上古神话通论,,,,,,中文,other,,,,https://christian-digital-library-assets.gioia-zheng-stud.workers.dev/covers/cdl-000640.jpg,5,https://christian-digital-library-assets.gioia-zheng-stud.workers.dev/previews/cdl-000640,true,,待核实,false
cdl-002575,中国与基督教,谢和耐,,,,,中文,theology,基督,,,,5,,true,,待核实,false
cdl-000641,中国人的心灵与基督宗教,,,,,,中文,theology,基督,,,,5,,true,,待核实,false
cdl-000056,中国佛教哲学,徐文明,,,,,中文,culture-society,哲学,,,https://christian-digital-library-assets.gioia-zheng-stud.workers.dev/covers/cdl-000056.jpg,5,https://christian-digital-library-assets.gioia-zheng-stud.workers.dev/previews/cdl-000056,true,,待核实,false
cdl-002606,中国佛教哲学要义,方立天,,,,,中文,culture-society,哲学,,,,5,,true,,待核实,false
cdl-000057,中国内地会简史,,,,,,中文,church-history,简史;内地会,,,https://christian-digital-library-assets.gioia-zheng-stud.workers.dev/covers/cdl-000057.jpg,5,https://christian-digital-library-assets.gioia-zheng-stud.workers.dev/previews/cdl-000057,true,,待核实,false
cdl-002764,世袭社会及其解体：中国历史上的春秋时代,,,,生活·读书·新知三联书店,,中文,culture-society,三联·哈佛燕京学术丛书;春秋时代;中国历史;社会史,,,,5,,true,,待核实,false
cdl-002867,中国古代基督教及开封犹太人,江文汉,,,,,中文,theology,基督,,,,5,,true,,待核实,false
cdl-000642,中国哲学对欧洲的影响,,,,,,中文,culture-society,哲学,,,,5,,true,,待核实,false
cdl-000643,中国哲学辞典,,,,,,中文,reference,辞典,,,https://christian-digital-library-assets.gioia-zheng-stud.workers.dev/covers/cdl-000643.jpg,5,https://christian-digital-library-assets.gioia-zheng-stud.workers.dev/previews/cdl-000643,true,,待核实,false
cdl-000289,中国基督宗教艺术的历史,基督教研究,,,,,中文,church-history,历史,,,,5,,true,,待核实,false
cdl-002868,中国基督教史,杨森富,,,,,中文,theology,基督,,,,5,,true,,待核实,false
cdl-002869,中国基督教史纲,王治心,,,,,中文,theology,基督,,,,5,,true,,待核实,false
cdl-000644,中国基督教简史,褟浩荣,,,,,中文,church-history,简史,,,https://christian-digital-library-assets.gioia-zheng-stud.workers.dev/covers/cdl-000644.jpg,5,https://christian-digital-library-assets.gioia-zheng-stud.workers.dev/previews/cdl-000644,true,,待核实,false
cdl-002870,中国基督教简史,姚民权,,,,,中文,church-history,简史,,,,5,,true,,待核实,false
cdl-000199,中国士绅反教的原因,吕实强,,,,,中文,other,中国教会史;反教运动;近代史,,,https://christian-digital-library-assets.gioia-zheng-stud.workers.dev/covers/cdl-000199.jpg,5,https://christian-digital-library-assets.gioia-zheng-stud.workers.dev/previews/cdl-000199,true,,待核实,false
cdl-002871,中国天主教史人物传,方豪,,,,,中文,other,天主教;中国教会史;人物传记,,,,5,,true,,待核实,false
cdl-002872,中国天主教史论丛,方豪,,,,,中文,other,天主教;中国教会史;历史研究,,,,5,,true,,待核实,false
cdl-001585,中国教会史论文集,赵天恩,,,,,中文,church-history,教会史,,,,5,,true,,待核实,false
cdl-002656,中国文化与基督教,,,,,,中文,theology,基督,,,,5,,true,,待核实,false
cdl-002873,中国文化与基督教的冲撞,J 谢和耐,,,,,中文,theology,基督,,,,5,,true,,待核实,false
cdl-001586,中国文化处境的神学反思：梁燕城,徐济时,,,,,中文,theology,神学,,,,5,,true,,待核实,false
cdl-000726,中国景教 中国古代基督教研究,朱谦之,,,,,中文,theology,基督,,,,5,,true,,待核实,false
cdl-000058,中国现代哲学史资料汇编,,,,,,中文,culture-society,哲学,,,https://christian-digital-library-assets.gioia-zheng-stud.workers.dev/covers/cdl-000058.jpg,5,https://christian-digital-library-assets.gioia-zheng-stud.workers.dev/previews/cdl-000058,true,,待核实,false
cdl-000059,中国现代哲学史资料汇编,,,,,,中文,culture-society,哲学,,,https://christian-digital-library-assets.gioia-zheng-stud.workers.dev/covers/cdl-000059.jpg,5,https://christian-digital-library-assets.gioia-zheng-stud.workers.dev/previews/cdl-000059,true,,待核实,false
cdl-000060,中国现代哲学史资料汇编,,,,,,中文,culture-society,哲学,,,https://christian-digital-library-assets.gioia-zheng-stud.workers.dev/covers/cdl-000060.jpg,5,https://christian-digital-library-assets.gioia-zheng-stud.workers.dev/previews/cdl-000060,true,,待核实,false
cdl-000061,中国现代哲学史资料汇编,,,,,,中文,culture-society,哲学,,,https://christian-digital-library-assets.gioia-zheng-stud.workers.dev/covers/cdl-000061.jpg,5,https://christian-digital-library-assets.gioia-zheng-stud.workers.dev/previews/cdl-000061,true,,待核实,false
cdl-000062,中国现代哲学史资料汇编,,,,,,中文,culture-society,哲学,,,https://christian-digital-library-assets.gioia-zheng-stud.workers.dev/covers/cdl-000062.jpg,5,https://christian-digital-library-assets.gioia-zheng-stud.workers.dev/previews/cdl-000062,true,,待核实,false
cdl-000063,中国现代哲学史资料汇编,,,,,,中文,culture-society,哲学,,,https://christian-digital-library-assets.gioia-zheng-stud.workers.dev/covers/cdl-000063.jpg,5,https://christian-digital-library-assets.gioia-zheng-stud.workers.dev/previews/cdl-000063,true,,待核实,false
cdl-000064,中国现代哲学史资料汇编,,,,,,中文,culture-society,哲学,,,https://christian-digital-library-assets.gioia-zheng-stud.workers.dev/covers/cdl-000064.jpg,5,https://christian-digital-library-assets.gioia-zheng-stud.workers.dev/previews/cdl-000064,true,,待核实,false
cdl-000065,中国现代哲学史资料汇编,,,,,,中文,culture-society,哲学,,,https://christian-digital-library-assets.gioia-zheng-stud.workers.dev/covers/cdl-000065.jpg,5,https://christian-digital-library-assets.gioia-zheng-stud.workers.dev/previews/cdl-000065,true,,待核实,false
cdl-000066,中国现代哲学史资料汇编,,,,,,中文,culture-society,哲学,,,https://christian-digital-library-assets.gioia-zheng-stud.workers.dev/covers/cdl-000066.jpg,5,https://christian-digital-library-assets.gioia-zheng-stud.workers.dev/previews/cdl-000066,true,,待核实,false
cdl-000067,中国现代哲学史资料汇编,,,,,,中文,culture-society,哲学,,,https://christian-digital-library-assets.gioia-zheng-stud.workers.dev/covers/cdl-000067.jpg,5,https://christian-digital-library-assets.gioia-zheng-stud.workers.dev/previews/cdl-000067,true,,待核实,false
cdl-000068,中国现代哲学史资料汇编,,,,,,中文,culture-society,哲学,,,https://christian-digital-library-assets.gioia-zheng-stud.workers.dev/covers/cdl-000068.jpg,5,https://christian-digital-library-assets.gioia-zheng-stud.workers.dev/previews/cdl-000068,true,,待核实,false
cdl-000069,中国现代哲学史资料汇编,,,,,,中文,culture-society,哲学,,,https://christian-digital-library-assets.gioia-zheng-stud.workers.dev/covers/cdl-000069.jpg,5,https://christian-digital-library-assets.gioia-zheng-stud.workers.dev/previews/cdl-000069,true,,待核实,false
cdl-000070,中国现代哲学史资料汇编,,,,,,中文,culture-society,哲学,,,https://christian-digital-library-assets.gioia-zheng-stud.workers.dev/covers/cdl-000070.jpg,5,https://christian-digital-library-assets.gioia-zheng-stud.workers.dev/previews/cdl-000070,true,,待核实,false
cdl-000071,中国现代哲学史资料汇编,,,,,,中文,culture-society,哲学,,,https://christian-digital-library-assets.gioia-zheng-stud.workers.dev/covers/cdl-000071.jpg,5,https://christian-digital-library-assets.gioia-zheng-stud.workers.dev/previews/cdl-000071,true,,待核实,false
cdl-000072,中国现代哲学史资料汇编,,,,,,中文,culture-society,哲学,,,https://christian-digital-library-assets.gioia-zheng-stud.workers.dev/covers/cdl-000072.jpg,5,https://christian-digital-library-assets.gioia-zheng-stud.workers.dev/previews/cdl-000072,true,,待核实,false
cdl-002576,中国现代哲学史资料汇编,,,,,,中文,culture-society,哲学,,,,5,,true,,待核实,false
cdl-002577,中国现代哲学史资料汇编,,,,,,中文,culture-society,哲学,,,,5,,true,,待核实,false
cdl-002578,中国现代哲学史资料汇编,,,,,,中文,culture-society,哲学,,,,5,,true,,待核实,false
cdl-002579,中国现代哲学史资料汇编,,,,,,中文,culture-society,哲学,,,,5,,true,,待核实,false
cdl-000481,中国现代科学全书基督教学,段琦,,,,,中文,theology,基督,,,,5,,true,,待核实,false
cdl-000645,中国百科大辞典02(逻辑学),,,,,,中文,reference,辞典;百科,,,,5,,true,,待核实,false
cdl-000073,中国百科大辞典宗教篇,,,,,,中文,reference,辞典;百科,,,https://christian-digital-library-assets.gioia-zheng-stud.workers.dev/covers/cdl-000073.jpg,5,https://christian-digital-library-assets.gioia-zheng-stud.workers.dev/previews/cdl-000073,true,,待核实,false
cdl-000074,中国的以巴弗,,,,,,中文,other,代祷;宣教;中国教会,,,https://christian-digital-library-assets.gioia-zheng-stud.workers.dev/covers/cdl-000074.jpg,5,https://christian-digital-library-assets.gioia-zheng-stud.workers.dev/previews/cdl-000074,true,,待核实,false
cdl-001854,中国的异端,林献羔,,,,,中文,other,异端辨析;中国教会;护教,,,,5,,true,,待核实,false
cdl-001421,中国礼仪之争历史文献和意义,,,,,,中文,church-history,历史,,,,5,,true,,待核实,false
cdl-002095,中国神学导论,夏雨人,,,,,中文,theology,神学,,,,5,,true,,待核实,false
cdl-002874,中国祭祖问题,,,,,,中文,other,祭祖;中国文化;信仰辨析,,,,5,,true,,待核实,false
cdl-000075,中国近代史大纲,蒋廷黻,,,,,中文,other,中国近代史;历史;文化,,,https://christian-digital-library-assets.gioia-zheng-stud.workers.dev/covers/cdl-000075.jpg,5,https://christian-digital-library-assets.gioia-zheng-stud.workers.dev/previews/cdl-000075,true,,待核实,false
cdl-000646,中文圣经注释：诗篇上,,,,,,中文,bible-study,圣经;注释;诗篇,,,,5,,true,,待核实,false
cdl-002601,国民作家的立场：中日现代文学关系研究,,,,生活·读书·新知三联书店,,中文,culture-society,三联·哈佛燕京学术丛书;文学研究;中日关系;现代文学,,,,5,,true,,待核实,false
cdl-000647,中英廣告修辭方法之比較,徐秋香,,,,,中文,other,,,,https://christian-digital-library-assets.gioia-zheng-stud.workers.dev/covers/cdl-000647.jpg,2,https://christian-digital-library-assets.gioia-zheng-stud.workers.dev/previews/cdl-000647,true,,待核实,false
cdl-002875,中西交通史料汇编1 6,方豪,,,,,中文,other,,,,,5,,true,,待核实,false
cdl-002876,丰满的恩光,,,,,,中文,other,恩典;灵修;基督徒生活,,,,5,,true,,待核实,false
cdl-002877,丰盛教会的故事,,,,,,中文,theology,教会,,,,5,,true,,待核实,false
cdl-000076,丰盛的恩典,班扬,,,,,中文,theology,恩典,,,https://christian-digital-library-assets.gioia-zheng-stud.workers.dev/covers/cdl-000076.jpg,5,https://christian-digital-library-assets.gioia-zheng-stud.workers.dev/previews/cdl-000076,true,,待核实,false
cdl-002879,丰盛的恩典,,,,,,中文,theology,恩典,,,,5,,true,,待核实,false
cdl-002878,丰盛的恩典,约翰·班扬,,,,,中文,spiritual-life,恩典;约翰·班扬;灵修;基督徒生活,,,,5,,true,,待核实,false
cdl-001602,丰盛的敬拜 1993：梅智理,MOYE JERRY,,,,,中文,spiritual-life,敬拜,,,,5,,true,,待核实,false
cdl-002880,丰盛的生命,,,,,,中文,other,生命成长;灵修;基督徒生活,,,,5,,true,,待核实,false
cdl-000077,为主受苦,魏恩波,,,,,中文,other,受苦;逼迫;见证;基督徒生活,,,https://christian-digital-library-assets.gioia-zheng-stud.workers.dev/covers/cdl-000077.jpg,5,https://christian-digital-library-assets.gioia-zheng-stud.workers.dev/previews/cdl-000077,true,,待核实,false
cdl-000914,为主忠心服事老年人,,,,,,中文,other,老人事工;教会事奉;牧养关怀,,,,5,,true,,待核实,false
cdl-002881,为主所欲,,,,,,中文,other,,,,,5,,true,,待核实,false
cdl-002882,为主所欲,,,,,,中文,other,,,,,5,,true,,待核实,false
cdl-002883,为什么反对圣经论语对读运动,,,,,,中文,bible-study,圣经,,,,5,,true,,待核实,false
cdl-002884,为什么是基督教 小约翰,,,,,,中文,theology,基督,,,,5,,true,,待核实,false
cdl-002885,为什么良善的上帝容许苦难存在,,,,,,中文,theology,上帝,,,,5,,true,,待核实,false
cdl-002886,为什么要为儿女施洗,理查德·伯瑞特（Richard L. Pratt Jr.）,理查德·伯瑞特（Richard L. Pratt Jr.）是改革宗旧约学者和第三千禧年神学资源中心创办人，长期从事圣经神学、旧约研究与神学教育资源制作。,,,,中文,theology,洗礼;儿女;圣约;改革宗,本书从改革宗圣约神学角度解释为何基督徒家庭的儿女可以领受洗礼，并讨论相关的圣经根据与教会实践。,,,5,,true,,版权受保护,false
cdl-002887,为什么要加入一间教会,,,,,,中文,theology,教会,,,,5,,true,,待核实,false
cdl-002888,为什么要学习圣经,Sproul,,,,,中文,bible-study,圣经,,,,5,,true,,待核实,false
cdl-002889,为何不是短歌 为何是圣诗,,,,,,中文,other,圣诗;敬拜;音乐,,,,5,,true,,待核实,false
cdl-000078,为何我们今日需要读清教徒,,,,,,中文,church-history,清教徒,,,https://christian-digital-library-assets.gioia-zheng-stud.workers.dev/covers/cdl-000078.jpg,5,https://christian-digital-library-assets.gioia-zheng-stud.workers.dev/previews/cdl-000078,true,,待核实,false
cdl-002890,为何我们今日需要读清教徒,,,,,,中文,church-history,清教徒,,,,5,,true,,待核实,false
cdl-001639,为何教会不像样,陈喜谦,,,,,中文,theology,教会,,,https://christian-digital-library-assets.gioia-zheng-stud.workers.dev/covers/cdl-001639.jpg,5,https://christian-digital-library-assets.gioia-zheng-stud.workers.dev/previews/cdl-001639,true,,待核实,false
cdl-000079,为何是他,提姆 凯勒,,,,,中文,other,护教;信仰疑问;怀疑主义;提摩太凯勒,,,https://christian-digital-library-assets.gioia-zheng-stud.workers.dev/covers/cdl-000079.jpg,5,https://christian-digital-library-assets.gioia-zheng-stud.workers.dev/previews/cdl-000079,true,,待核实,false
cdl-002891,为何要传福音 唐崇荣,,,,,,中文,missions,传福音,,,,5,,true,,待核实,false
cdl-002893,为婚姻立界线,,,,,,中文,family-ministry,婚姻,,,,5,,true,,待核实,false
cdl-002892,为婚姻立界线：下一个男人或女人真的会更好吗,,,,,,中文,family-ministry,婚姻;家庭;界线,,,,5,,true,,待核实,false
cdl-002894,为孩子立界线,,,,,,中文,family-ministry,孩子,,,,5,,true,,待核实,false
cdl-002895,为工作立界线,,,,,,中文,other,职场;界线;工作生活平衡;心理辅导,,,,5,,true,,待核实,false
cdl-002343,为真理而战,史托德,,,,,中文,other,护教;真理;福音派;史托德,,,,5,,true,,待核实,false
cdl-002896,为真道而战—提摩太后书—史托德,,,,,,中文,bible-study,提摩太,,,,5,,true,,待核实,false
cdl-001640,为神赢得我们的城市：如何攻破属灵的坚固营垒,约翰·道生,,,,,中文,missions,城市;宣教;属灵争战,,,https://christian-digital-library-assets.gioia-zheng-stud.workers.dev/covers/cdl-001640.jpg,5,https://christian-digital-library-assets.gioia-zheng-stud.workers.dev/previews/cdl-001640,true,,待核实,false
cdl-001894,为神赢得我们的城市：如何攻破属灵的坚固营垒,约翰 道生,,,,,中文,spiritual-life,属灵,,,,5,,true,,待核实,false
cdl-002897,为约会立界线,,,,,,中文,other,恋爱;界线;婚姻家庭;心理辅导,,,,5,,true,,待核实,false
cdl-001962,为自己出征,Robert Fisher,,,,,中文,other,自我成长;寓言;心理,,,,5,,true,,待核实,false
cdl-002898,为谁辛苦为谁忙,,,,,,中文,other,,,,,5,,true,,待核实,false
cdl-002899,为青少年立界线,,,,,,中文,family-ministry,青少年,,,,5,,true,,待核实,false
cdl-002900,为青少年立界线,,,,,,中文,family-ministry,青少年,,,,5,,true,,待核实,false
cdl-002055,主，我愿像你,史普罗,,,,,中文,other,基督徒生活;圣洁;成圣;史普罗,,,,5,,true,,待核实,false
cdl-000648,主与人同住：约翰福音纪传,于中旻,,,,,中文,bible-study,约翰福音,,,https://christian-digital-library-assets.gioia-zheng-stud.workers.dev/covers/cdl-000648.jpg,5,https://christian-digital-library-assets.gioia-zheng-stud.workers.dev/previews/cdl-000648,true,,待核实,false
cdl-001641,主啊! 我要痊癒,刘富里,,,,,中文,other,医治;祷告;灵修;关怀,,,,5,,true,,待核实,false
cdl-000649,主在人间,,,,,,中文,other,,,,,5,,true,,待核实,false
cdl-000650,主日,约瑟夫·派博（Joseph A. Pipa Jr.）,约瑟夫·派博（Joseph A. Pipa Jr.）是改革宗神学家，曾任格林维尔长老会神学院院长，研究领域包括安息日、主日、威斯敏斯特信条与改革宗教义。,,,,中文,theology,主日;安息日;改革宗;教义,本书从圣经与改革宗传统讨论主日的意义，说明基督徒如何理解并实践主日敬拜、安息与属灵更新。,,,5,,true,,版权受保护,false
cdl-000651,主日的礼赞,,,,,,中文,spiritual-life,主日,,,https://christian-digital-library-assets.gioia-zheng-stud.workers.dev/covers/cdl-000651.jpg,5,https://christian-digital-library-assets.gioia-zheng-stud.workers.dev/previews/cdl-000651,true,,待核实,false
cdl-000652,主日简史 胡斯托·冈萨雷斯,,,,,,中文,church-history,简史,,,https://christian-digital-library-assets.gioia-zheng-stud.workers.dev/covers/cdl-000652.jpg,5,https://christian-digital-library-assets.gioia-zheng-stud.workers.dev/previews/cdl-000652,true,,待核实,false
cdl-000653,主曾晓谕 无误圣经,林慈信,,,,,中文,bible-study,圣经,,,,5,,true,,待核实,false
cdl-002901,主爱长阔高深,呂沛渊,,,,,中文,other,神的爱;灵修;改革宗,,,,5,,true,,待核实,false
cdl-000654,主的羊听主声音,吕沛渊,,,,,中文,other,神的引导;灵修;改革宗,,,,4,,true,,待核实,false
cdl-000655,主耶稣与他的朋友,卡森,,,,,中文,other,福音书;耶稣;门徒;圣经研究,,,https://christian-digital-library-assets.gioia-zheng-stud.workers.dev/covers/cdl-000655.jpg,5,https://christian-digital-library-assets.gioia-zheng-stud.workers.dev/previews/cdl-000655,true,,待核实,false
cdl-002902,主耶稣与他的朋友,卡森,,,,,中文,other,福音书;耶稣;门徒;圣经研究,,,,5,,true,,待核实,false
cdl-000656,主耶稣与神的国度,,,,,,中文,spiritual-life,与神,,,https://christian-digital-library-assets.gioia-zheng-stud.workers.dev/covers/cdl-000656.jpg,5,https://christian-digital-library-assets.gioia-zheng-stud.workers.dev/previews/cdl-000656,true,,待核实,false
cdl-001149,主耶稣与神的国度,卡森,,,,,中文,spiritual-life,与神,,,,5,,true,,待核实,false
cdl-000657,主耶稣基督的宝血,,,,,,中文,theology,基督,,,,5,,true,,待核实,false
cdl-002903,主耶稣基督的宝血,麦卫真,,,,,中文,theology,基督,,,,5,,true,,待核实,false
cdl-000658,主耶稣的比喻,,,,,,中文,other,耶稣比喻;福音书;释经;圣经研究,,,,5,,true,,待核实,false
cdl-002416,主耶稣的比喻,斯诺德格拉斯 Klyne R Snodgrass,,,,,中文,other,耶稣比喻;福音书;释经;圣经研究,,,,5,,true,,待核实,false
cdl-002904,主耶稣的比喻,斯诺德格拉斯,,,,,中文,other,耶稣比喻;福音书;释经;圣经研究,,,,5,,true,,待核实,false
cdl-000659,主耶稣的比喻系列课程,,,,,,中文,other,耶稣比喻;福音书;课程;圣经研究,,,https://christian-digital-library-assets.gioia-zheng-stud.workers.dev/covers/cdl-000659.jpg,5,https://christian-digital-library-assets.gioia-zheng-stud.workers.dev/previews/cdl-000659,true,,待核实,false
cdl-000660,主耶稣的画像,,,,,,中文,other,耶稣;基督论;福音书,,,https://christian-digital-library-assets.gioia-zheng-stud.workers.dev/covers/cdl-000660.jpg,5,https://christian-digital-library-assets.gioia-zheng-stud.workers.dev/previews/cdl-000660,true,,待核实,false
cdl-002020,主耶稣的画像,博克 Darrell L Bock,,,,,中文,other,耶稣;基督论;福音书;圣经研究,,,,5,,true,,待核实,false
cdl-000939,主耶穌幫助我學生本,,,,,,中文,other,儿童教材;主日学;门徒训练,,,https://christian-digital-library-assets.gioia-zheng-stud.workers.dev/covers/cdl-000939.jpg,5,https://christian-digital-library-assets.gioia-zheng-stud.workers.dev/previews/cdl-000939,true,,待核实,false
cdl-000661,主耶穌與祂的朋友,,,,,,中文,other,,,,,5,,true,,待核实,false
cdl-000662,主耶穌與神的國度,,,,,,中文,spiritual-life,與神,,,,5,,true,,待核实,false
cdl-002580,主题式背经,,,,,,中文,other,背经;门徒训练;圣经,,,,5,,true,,待核实,false
cdl-002905,义人之根,陶恕,,,,,中文,other,灵修;陶恕;基督徒生活,,,,5,,true,,待核实,false
cdl-002406,义仆与君王：马太福音(卷下):新约,吴罗瑜,,,,,中文,bible-study,新约;马太福音,,,,5,,true,,待核实,false
cdl-001643,代祷：改变你的城市,乔治·欧提思,,,,,中文,spiritual-life,祷告;代祷;城市转化;宣教,,,https://christian-digital-library-assets.gioia-zheng-stud.workers.dev/covers/cdl-001643.jpg,5,https://christian-digital-library-assets.gioia-zheng-stud.workers.dev/previews/cdl-001643,true,,待核实,false
cdl-002907,乘性追击,更新资源,,,,,中文,other,,,,,5,,true,,待核实,false
cdl-002908,乘風破浪,,,,,,中文,other,,,,,5,,true,,待核实,false
cdl-002915,九标志系列丛书,释经讲道,,,,,中文,other,释经讲道;讲道;教会建造,,,,5,,true,,待核实,false
cdl-002916,九标志系列丛书,长老职分,,,,,中文,other,长老;教会治理;教会建造,,,,5,,true,,待核实,false
cdl-002909,九标志系列丛书：何谓健康教会,,,,,,中文,theology,教会,,,,5,,true,,待核实,false
cdl-002910,九标志系列丛书：健康的教会成员,,,,,,中文,pastoral,教会成员,,,,5,,true,,待核实,false
cdl-002911,九标志系列丛书：教会成员制,,,,,,中文,pastoral,教会成员,,,,5,,true,,待核实,false
cdl-002912,九标志系列丛书：教会纪律,,,,,,中文,theology,教会,,,,5,,true,,待核实,false
cdl-002913,九标志系列丛书：福音信息与个人布道内文,,,,,,中文,missions,布道,,,,5,,true,,待核实,false
cdl-002914,九标志系列丛书：福音真意,,,,,,中文,other,福音;教会建造;九标志,,,,5,,true,,待核实,false
cdl-000943,书名待核,,,,,,中文,other,,,,https://christian-digital-library-assets.gioia-zheng-stud.workers.dev/covers/cdl-000943.jpg,5,https://christian-digital-library-assets.gioia-zheng-stud.workers.dev/previews/cdl-000943,true,,待核实,false
cdl-000974,宗教对话模式,,,,,,中文,culture-society,宗教对话;文化;社会,,,,5,,true,,待核实,false
cdl-000975,关于上帝信仰的对话,,,,,,中文,theology,上帝;信仰;对话,,,https://christian-digital-library-assets.gioia-zheng-stud.workers.dev/covers/cdl-000975.jpg,5,https://christian-digital-library-assets.gioia-zheng-stud.workers.dev/previews/cdl-000975,true,,待核实,false
cdl-001092,爱的喜乐劝谕,,,,,,中文,spiritual-life,灵修;爱;劝勉,,,https://christian-digital-library-assets.gioia-zheng-stud.workers.dev/covers/cdl-001092.jpg,5,https://christian-digital-library-assets.gioia-zheng-stud.workers.dev/previews/cdl-001092,true,,待核实,false
cdl-001141,书名待核,DAR 摩根,,,,,中文,other,,,,,5,,true,,待核实,false
cdl-001274,奥美文案培训,,,,,,中文,culture-society,写作;文案;培训,,,,5,,true,,待核实,false
cdl-001281,社会分工论,,,,,,中文,culture-society,社会;文化;思想,,,,5,,true,,待核实,false
cdl-001307,扎根,,,,,,中文,spiritual-life,灵修;生命成长,,,https://christian-digital-library-assets.gioia-zheng-stud.workers.dev/covers/cdl-001307.jpg,5,https://christian-digital-library-assets.gioia-zheng-stud.workers.dev/previews/cdl-001307,true,,待核实,false
cdl-003458,创世答问,,,,,,中文,bible-study,创世记;圣经;问答,,,,5,,true,,待核实,false
cdl-004334,基督教对文明的影响,,,,,,中文,culture-society,基督教;文明;文化,,,,5,,true,,待核实,false
cdl-004843,当代中国基督教发展史,,,,,,中文,church-history,中国基督教;教会历史;当代,,,,5,,true,,待核实,false
cdl-006691,防备辩驳异端,,,,,,中文,theology,护教;异端;辩驳,,,,5,,true,,待核实,false
cdl-002917,买不停：基督徒消费探索,,,,,,中文,culture-society,消费主义;金钱;基督徒生活;文化,,,,5,,true,,待核实,false
cdl-002918,了解和赢得泛灵论者,,,,,,中文,other,泛灵论;宣教;跨文化,,,,5,,true,,待核实,false
cdl-002919,了解学生,播道,,,,,中文,other,学生事工;教育;牧养,,,,5,,true,,待核实,false
cdl-001587,争战的祷告：彼得,魏格纳,,,,,中文,spiritual-life,祷告,,,https://christian-digital-library-assets.gioia-zheng-stud.workers.dev/covers/cdl-001587.jpg,5,https://christian-digital-library-assets.gioia-zheng-stud.workers.dev/previews/cdl-001587,true,,待核实,false
cdl-000081,争战的赞美,罗伯 盖恩,,,,,中文,spiritual-life,赞美,,,https://christian-digital-library-assets.gioia-zheng-stud.workers.dev/covers/cdl-000081.jpg,5,https://christian-digital-library-assets.gioia-zheng-stud.workers.dev/previews/cdl-000081,true,,待核实,false
cdl-002920,事奉神：基督徒的生活侍奉,克兰菲德,,,,,中文,theology,基督,,,,5,,true,,待核实,false
cdl-002921,二元论与三元论的人观探讨 于忠纶,,,,,,中文,other,人论;系统神学;神学争议,,,,5,,true,,待核实,false
cdl-002922,二十一世纪宗教与文明新探,,,,,,中文,culture-society,宗教,,,,0,,true,,待核实,false
cdl-002923,二十一世纪旧约导论,,,,,,中文,bible-study,旧约,,,,0,,true,,待核实,false
cdl-000082,二十世纪宗教思想,约翰 麦奎利,,,,,中文,culture-society,宗教,,,https://christian-digital-library-assets.gioia-zheng-stud.workers.dev/covers/cdl-000082.jpg,5,https://christian-digital-library-assets.gioia-zheng-stud.workers.dev/previews/cdl-000082,true,,待核实,false
cdl-002924,二十世纪宗教思想,约翰·麦奎利,,,,,中文,theology,宗教思想;现代神学;二十世纪神学,,,,5,,true,,待核实,false
cdl-002925,二十世纪旧约导论,,,,,,中文,bible-study,旧约,,,,5,,true,,待核实,false
cdl-000083,二十世纪神学评介,葛伦斯vs奥尔森,,,,,中文,theology,神学,,,https://christian-digital-library-assets.gioia-zheng-stud.workers.dev/covers/cdl-000083.jpg,5,https://christian-digital-library-assets.gioia-zheng-stud.workers.dev/previews/cdl-000083,true,,待核实,false
cdl-002926,二十世纪神学评介,葛伦斯 奥尔森,,,,,中文,theology,神学,,,,5,,true,,待核实,false
cdl-000084,二十世纪西方宗教哲学文选,刘小枫,,,,,中文,culture-society,哲学;宗教,,,https://christian-digital-library-assets.gioia-zheng-stud.workers.dev/covers/cdl-000084.jpg,5,https://christian-digital-library-assets.gioia-zheng-stud.workers.dev/previews/cdl-000084,true,,待核实,false
cdl-001715,二十世纪马太福音研究文集,黄根春,,,,,中文,bible-study,马太福音,,,https://christian-digital-library-assets.gioia-zheng-stud.workers.dev/covers/cdl-001715.jpg,5,https://christian-digital-library-assets.gioia-zheng-stud.workers.dev/previews/cdl-001715,true,,待核实,false
cdl-002927,二十世纪马太福音研究文集,黄根春选,,,,,中文,bible-study,马太福音,,,,5,,true,,待核实,false
cdl-000192,二千年教会史,历史的轨迹,,,,,中文,church-history,教会史,,,https://christian-digital-library-assets.gioia-zheng-stud.workers.dev/covers/cdl-000192.jpg,5,https://christian-digital-library-assets.gioia-zheng-stud.workers.dev/previews/cdl-000192,true,,待核实,false
cdl-000193,二千年教会史,历史的轨迹,,,,,中文,church-history,教会史,,,https://christian-digital-library-assets.gioia-zheng-stud.workers.dev/covers/cdl-000193.jpg,5,https://christian-digital-library-assets.gioia-zheng-stud.workers.dev/previews/cdl-000193,true,,待核实,false
cdl-002928,二千年灵修神学历史,彭顺强,彭顺强是香港华人神学与灵修研究作者，曾任中国宣道神学院灵修神学专任讲师。他的著作关注基督教灵修传统、属灵生命塑造和信仰历史。,无,天道书楼,2005,中文,church-history,灵修;神学;教会历史;属灵传统;天道,本书梳理两千年基督徒灵修传统，并选用历代原著材料，帮助读者认识不同时代的属灵操练与神学思想。,,,5,,true,,版权受保护,false
cdl-002929,二千年灵修神学历史,彭顺强,彭顺强是香港华人神学与灵修研究作者，曾任中国宣道神学院灵修神学专任讲师。他的著作关注基督教灵修传统、属灵生命塑造和信仰历史。,无,天道书楼,2005,中文,church-history,灵修;神学;教会历史;属灵传统;天道,本书梳理两千年基督徒灵修传统，并选用历代原著材料，帮助读者认识不同时代的属灵操练与神学思想。,,,5,,true,,版权受保护,false
cdl-002930,于斌枢机传,,,,,,中文,other,天主教;人物传记;中国教会史,,,,5,,true,,待核实,false
cdl-000085,五位英格兰改教家,,,,,,中文,church-history,改教,,,https://christian-digital-library-assets.gioia-zheng-stud.workers.dev/covers/cdl-000085.jpg,5,https://christian-digital-library-assets.gioia-zheng-stud.workers.dev/previews/cdl-000085,true,,待核实,false
cdl-002931,五千年犹太文明史,,,,,,中文,other,犹太历史;文明史;文化,,,,5,,true,,待核实,false
cdl-002932,旧约五小卷：五彩缤纷,贝利、魏柏,,,,,中文,bible-study,旧约;五小卷;圣经研究;注释,,,,5,,true,,待核实,false
cdl-002933,五旬宗的釋經初探(張略),,,,,,中文,bible-study,釋經,,,,5,,true,,待核实,false
cdl-000086,五月花号,希尔顿,,,,,中文,other,教会历史;清教徒;美国历史,,,https://christian-digital-library-assets.gioia-zheng-stud.workers.dev/covers/cdl-000086.jpg,5,https://christian-digital-library-assets.gioia-zheng-stud.workers.dev/previews/cdl-000086,true,,待核实,false
cdl-001709,五经：史叙，律法与神学,刘承业,,,,,中文,theology,神学,,,,5,,true,,待核实,false
cdl-006970,五经历史书,默想,,,,,中文,church-history,历史,,,,5,,true,,待核实,false
cdl-006971,五经历史书,默想,,,,,中文,church-history,历史,,,,5,,true,,待核实,false
cdl-006972,五经历史书,默想,,,,,中文,church-history,历史,,,,5,,true,,待核实,false
cdl-006973,五经历史书,默想,,,,,中文,church-history,历史,,,,5,,true,,待核实,false
cdl-002934,五经导论,赖建国,,,,,中文,other,摩西五经;旧约;导论;圣经研究,,,,5,,true,,待核实,false
cdl-002935,五花八门创意研经指引,,,,,,中文,bible-study,研经,,,,5,,true,,待核实,false
cdl-000087,亚他那修信经浅析,钟晖,,,,,中文,theology,信经,,,https://christian-digital-library-assets.gioia-zheng-stud.workers.dev/covers/cdl-000087.jpg,5,https://christian-digital-library-assets.gioia-zheng-stud.workers.dev/previews/cdl-000087,true,,待核实,false
cdl-002936,亚他那修信经浅析,钟晖,,,,,中文,theology,信经,,,,5,,true,,待核实,false
cdl-002938,亚伯拉罕：应许和现实的落差,,,,,,中文,bible-study,亚伯拉罕;圣经;信心,,,,5,,true,,待核实,false
cdl-002939,亚伯拉罕和耶弗他杀子献祭的文化探析,胡文建,,,,,中文,culture-society,文化,,,,4,,true,,待核实,false
cdl-002940,亚伯拉罕的神观和：因信称义,濮荣健,,,,,中文,theology,称义,,,,5,,true,,待核实,false
cdl-002941,亚历山大帝国,,,,,,中文,other,古代史;希腊化;历史,,,,5,,true,,待核实,false
cdl-002942,亚威信仰与古代以色列社会：歌德瓦与马克思主义社会学圣经批评,成祖明,,,,,中文,bible-study,圣经,,,,5,,true,,待核实,false
cdl-002232,亚当：神的爱子,卢云,,,,,中文,other,卢云;灵修;耶稣;神的爱,,,,5,,true,,待核实,false
cdl-001604,亚洲处境与圣经诠释,李炽昌,,,,,中文,bible-study,圣经,,,https://christian-digital-library-assets.gioia-zheng-stud.workers.dev/covers/cdl-001604.jpg,5,https://christian-digital-library-assets.gioia-zheng-stud.workers.dev/previews/cdl-001604,true,,待核实,false
cdl-002943,亚洲处境与圣经诠释,,,,,,中文,bible-study,圣经,,,,5,,true,,待核实,false
cdl-002944,亚里士多德,,,,,,中文,other,哲学;亚里士多德;思想史,,,,5,,true,,待核实,false
cdl-002945,亚里士多德全集（第九卷）,亚里士多德,,苗力田 主编,中国人民大学出版社,2016,中文,culture-society,哲学;亚里士多德;政治学;修辞学;经典,《亚里士多德全集》第九卷收录政治学、家政学、修辞术等相关文本，是西方古典哲学与政治思想研究的重要资料。,,,5,,true,,待核实,false
cdl-000089,交通的秘诀,慕安德烈,,,,,中文,other,,,,https://christian-digital-library-assets.gioia-zheng-stud.workers.dev/covers/cdl-000089.jpg,5,https://christian-digital-library-assets.gioia-zheng-stud.workers.dev/previews/cdl-000089,true,,待核实,false
cdl-002137,亦师亦友：雕琢生命的使徒关系,侯活·肯特勒斯、威廉·肯特勒斯,,,,,中文,spiritual-life,门徒训练;生命成长;陪伴,,,,0,,true,,待核实,false
cdl-002946,亨利克劳德,约翰汤森德,,,,,中文,other,,,,,5,,true,,待核实,false
cdl-001588,享受爱情与婚姻的秘密：麦斯,蒙洛,,,,,中文,family-ministry,婚姻,,,https://christian-digital-library-assets.gioia-zheng-stud.workers.dev/covers/cdl-001588.jpg,5,https://christian-digital-library-assets.gioia-zheng-stud.workers.dev/previews/cdl-001588,true,,待核实,false
cdl-002947,亲吻神学：中世纪修道院情书选,,,,,,中文,theology,神学,,,,5,,true,,待核实,false
cdl-002948,亲吻穷人：若瑟神父与第四世界运动,,,,,,中文,other,,,,,5,,true,,待核实,false
cdl-002959,亲子课程 教师版,附录,,,,,中文,family-ministry,亲子,,,,5,,true,,待核实,false
cdl-002949,亲子课程 教师版：01课,,,,,,中文,family-ministry,亲子,,,,5,,true,,待核实,false
cdl-002950,亲子课程 教师版：02课,,,,,,中文,family-ministry,亲子,,,,5,,true,,待核实,false
cdl-002951,亲子课程 教师版：03课,,,,,,中文,family-ministry,亲子,,,,5,,true,,待核实,false
cdl-002952,亲子课程 教师版：04课,,,,,,中文,family-ministry,亲子,,,,5,,true,,待核实,false
cdl-002953,亲子课程 教师版：05课,,,,,,中文,family-ministry,亲子,,,,5,,true,,待核实,false
cdl-002954,亲子课程 教师版：06课,,,,,,中文,family-ministry,亲子,,,,5,,true,,待核实,false
cdl-002955,亲子课程 教师版：07课,,,,,,中文,family-ministry,亲子,,,,5,,true,,待核实,false
cdl-002956,亲子课程 教师版：08课,,,,,,中文,family-ministry,亲子,,,,5,,true,,待核实,false
cdl-002957,亲子课程 教师版：09课,,,,,,中文,family-ministry,亲子,,,,5,,true,,待核实,false
cdl-002958,亲子课程 教师版：序,,,,,,中文,family-ministry,亲子,,,,5,,true,,待核实,false
cdl-002960,亲爱主 牵我手,卢云,,,,,中文,other,祷告;灵修;卢云,,,,5,,true,,待核实,false
cdl-002237,亲爱主，牵我手：认识祷告真义,卢云,,,,,中文,spiritual-life,祷告,,,,5,,true,,待核实,false
cdl-002961,亲爱的别把上帝缩小了,,,,,,中文,theology,上帝,,,,5,,true,,待核实,false
cdl-002962,亲眼见你 十个扭转性的祷告,,,,,,中文,spiritual-life,祷告,,,,5,,true,,待核实,false
cdl-000090,人之废,C. S. 路易斯,,,,,中文,culture-society,伦理;教育;文化批判;C.S.路易斯,,,https://christian-digital-library-assets.gioia-zheng-stud.workers.dev/covers/cdl-000090.jpg,5,https://christian-digital-library-assets.gioia-zheng-stud.workers.dev/previews/cdl-000090,true,,待核实,false
cdl-001696,人啊，你往何处去,葛培理,,,,,中文,other,福音;布道;人生意义;葛培理,,,https://christian-digital-library-assets.gioia-zheng-stud.workers.dev/covers/cdl-001696.jpg,5,https://christian-digital-library-assets.gioia-zheng-stud.workers.dev/previews/cdl-001696,true,,待核实,false
cdl-002963,人如何改变 在恩典中经历蜕变的喜乐,,,,,,中文,theology,恩典,,,,5,,true,,待核实,false
cdl-002964,人性与神性的激荡,,,,,,中文,spiritual-life,与神,,,,5,,true,,待核实,false
cdl-001843,人性八恶,John Updike 等,,,,,中文,culture-society,人性;伦理;文化,,,https://christian-digital-library-assets.gioia-zheng-stud.workers.dev/covers/cdl-001843.jpg,5,https://christian-digital-library-assets.gioia-zheng-stud.workers.dev/previews/cdl-001843,true,,待核实,false
cdl-001967,人性的探索：基督教信仰与心理学研究,万尔斯,,,,,中文,theology,基督;信仰,,,https://christian-digital-library-assets.gioia-zheng-stud.workers.dev/covers/cdl-001967.jpg,5,https://christian-digital-library-assets.gioia-zheng-stud.workers.dev/previews/cdl-001967,true,,待核实,false
cdl-000091,人是怎么改变的,大卫崔普,,,,,中文,other,圣经辅导;生命改变;成圣,,,https://christian-digital-library-assets.gioia-zheng-stud.workers.dev/covers/cdl-000091.jpg,5,https://christian-digital-library-assets.gioia-zheng-stud.workers.dev/previews/cdl-000091,true,,待核实,false
cdl-002965,人是最危险的动物,马有藻,,,,,中文,other,人论;罪;圣经研究,,,,5,,true,,待核实,false
cdl-000929,人本与神本 章力生,,,,,,中文,spiritual-life,与神,,,,5,,true,,待核实,false
cdl-002966,人生100问,寇尔森,,,,,中文,other,人生问题;护教;信仰入门,,,,5,,true,,待核实,false
cdl-002967,人生中的福音,,,,,,中文,other,福音;人生意义;信仰入门,,,,5,,true,,待核实,false
cdl-002968,人生的偶然,雪小禅,,,,,中文,other,,,,,5,,true,,待核实,false
cdl-002969,人生的意义,,,,,,中文,other,人生意义;哲学;信仰反思,,,,5,,true,,待核实,false
cdl-002970,人生的阶段,勃纳德 利维古德,,,,,中文,other,生命阶段;成长;人生规划,,,,5,,true,,待核实,false
cdl-002971,人的发现 马丁 路德与宗教改革 李平晔,,,,,,中文,church-history,宗教改革;路德,,,,5,,true,,待核实,false
cdl-002259,人的情况与神的大能,钟马田,,,,,中文,spiritual-life,与神,,,,5,,true,,待核实,false
cdl-002972,人的本性与命运 上,尼布尔,,,,,中文,other,人性论;尼布尔;神学思想,,,,5,,true,,待核实,false
cdl-002973,人的本性与命运 下,尼布尔,,,,,中文,other,人性论;尼布尔;神学思想,,,,5,,true,,待核实,false
cdl-002608,人的概念与基督教伦理学,,,,,,中文,theology,基督,,,,5,,true,,待核实,false
cdl-002129,人的破碎与灵的出来,倪柝声,,,,,中文,other,灵修;十字架;生命破碎;倪柝声,,,,5,,true,,待核实,false
cdl-002560,人間信仰 約拿書,粱家麟,,,,,中文,bible-study,約拿,,,,5,,true,,待核实,false
cdl-002975,人间智慧,从箴言看如何活出信仰,,,,,中文,other,箴言;智慧文学;基督徒生活,,,,5,,true,,待核实,false
cdl-002976,人际关系神救赎的工场,,,,,,中文,theology,救赎,,,,5,,true,,待核实,false
cdl-002977,什么是三位一体,司布尔,,,,,中文,theology,三位一体,,,,5,,true,,待核实,false
cdl-000092,什么是基督教教育,魏司道,,,,,中文,theology,基督,,,https://christian-digital-library-assets.gioia-zheng-stud.workers.dev/covers/cdl-000092.jpg,5,https://christian-digital-library-assets.gioia-zheng-stud.workers.dev/previews/cdl-000092,true,,待核实,false
cdl-002978,什么是改革宗教会,马尔科姆·沃茨,,,,,中文,theology,改革宗;教会;教义,,,,5,,true,,待核实,false
cdl-002979,什么是教会,司布尔,,,,,中文,theology,教会,,,,5,,true,,待核实,false
cdl-001260,仁者无惧：路加福音,,,,,,中文,bible-study,路加福音,,,https://christian-digital-library-assets.gioia-zheng-stud.workers.dev/covers/cdl-001260.jpg,5,https://christian-digital-library-assets.gioia-zheng-stud.workers.dev/previews/cdl-001260,true,,待核实,false
cdl-000977,仆人式领导之旅,,,,,,中文,other,领导力;仆人领导;教会事奉,,,,5,,true,,待核实,false
cdl-002980,仆人式领导之旅,,,,,,中文,other,领导力;仆人领导;教会事奉,,,,5,,true,,待核实,false
cdl-000093,今天教会所面对的危险,张逸萍,,,,,中文,theology,教会,,,https://christian-digital-library-assets.gioia-zheng-stud.workers.dev/covers/cdl-000093.jpg,5,https://christian-digital-library-assets.gioia-zheng-stud.workers.dev/previews/cdl-000093,true,,待核实,false
cdl-000355,今天教会所面对的危险,张逸萍,,,,,中文,theology,教会,,,https://christian-digital-library-assets.gioia-zheng-stud.workers.dev/covers/cdl-000355.jpg,5,https://christian-digital-library-assets.gioia-zheng-stud.workers.dev/previews/cdl-000355,true,,待核实,false
cdl-002981,今天教会所面对的危险,张逸萍,,,,,中文,theology,教会,,,,5,,true,,待核实,false
cdl-002982,今天教会所面对的危险张逸萍,,,,,,中文,theology,教会,,,,5,,true,,待核实,false
cdl-002983,今日中国教会的挑战,王美锺,,,,,中文,theology,教会,,,,5,,true,,待核实,false
cdl-002984,今日哥林多教会,,,,,,中文,bible-study,哥林多,,,,5,,true,,待核实,false
cdl-002186,今日哥林多教会：哥林多前书注释,梁家麟,,,,,中文,bible-study,注释;哥林多,,,,5,,true,,待核实,false
cdl-002985,今日基督教教义,麦格夫,,,,,中文,theology,教义,,,,5,,true,,待核实,false
cdl-000998,今日如何读新约,,,,,,中文,bible-study,新约,,,,5,,true,,待核实,false
cdl-002986,今日如何读新约,R E V 伏斯特,,,,,中文,bible-study,新约,,,,0,,true,,待核实,false
cdl-002987,今日如何读新约,,,,,,中文,bible-study,新约,,,,5,,true,,待核实,false
cdl-002988,今日如何读旧约,,,,,,中文,bible-study,旧约,,,,5,,true,,待核实,false
cdl-002989,今日如何读旧约,,,,,,中文,bible-study,旧约,,,,5,,true,,待核实,false
cdl-001653,今日教会增长路向,健康的增长,,,,,中文,theology,教会,,,,5,,true,,待核实,false
cdl-002990,今日的耶稣 工友福音性查经(组员本),,,,,,中文,other,福音书;查经;耶稣,,,,5,,true,,待核实,false
cdl-002993,从《士师记》的文学特征和神学蕴涵看女性角色,吴献章,,,,,中文,bible-study,圣经;旧约;士师记;女性角色,,,,5,,true,,待核实,false
cdl-002995,从中国基督教化到基督教中国化,,,,,,中文,theology,基督,,,,2,,true,,待核实,false
cdl-002996,从主祷文学习祷告,王志勇,,,,,中文,spiritual-life,祷告,,,,5,,true,,待核实,false
cdl-006771,从九种讲道进路探讨马可福音的信息,非常道非常讲,,,,,中文,bible-study,马可福音,,,,5,,true,,待核实,false
cdl-006772,从九种讲道进路探讨马可福音的信息,非常道非常讲,,,,,中文,bible-study,马可福音,,,,5,,true,,待核实,false
cdl-002997,从亚当到亚伯拉罕,王国显,,,,,中文,bible-study,圣经;旧约;创世记;亚伯拉罕;圣经研究,,,,5,,true,,待核实,false
cdl-005703,从传道书看由虚空到有意义,泡沫中的彩虹,,,,,中文,missions,传道,,,,5,,true,,待核实,false
cdl-005729,从传道书看精彩的人生,活好我这生,,,,,中文,missions,传道,,,,5,,true,,待核实,false
cdl-005730,从传道书看精彩的人生,活好我这生,,,,,中文,missions,传道,,,,5,,true,,待核实,false
cdl-001140,从但以理书传讲基督,桂丹诺,,,,,中文,bible-study,但以理,,,https://christian-digital-library-assets.gioia-zheng-stud.workers.dev/covers/cdl-001140.jpg,5,https://christian-digital-library-assets.gioia-zheng-stud.workers.dev/previews/cdl-001140,true,,待核实,false
cdl-002998,从但以理书传讲基督,桂丹诺,,,,,中文,bible-study,但以理,,,,5,,true,,待核实,false
cdl-003740,从使徒行传看以赛亚书中救赎历史的成全,古道新释,,,,,中文,bible-study,以赛亚;使徒行传,,,,5,,true,,待核实,false
cdl-002999,从信仰到信仰,,,,,,中文,theology,信仰,,,,0,,true,,待核实,false
cdl-003000,从信心始祖亚伯拉罕谈起：创世记主题查经材料,何述俭,,,,,中文,bible-study,创世记;亚伯拉罕;查经,,,,5,,true,,待核实,false
cdl-003001,从创世纪到启示录,,,,,,中文,bible-study,启示录,,,,5,,true,,待核实,false
cdl-003002,从创世记传讲基督,,,,,,中文,bible-study,创世记,,,,5,,true,,待核实,false
cdl-003004,从哀伤到欢呼：诗篇与人生,杨牧谷,,,,,中文,bible-study,诗篇,,,,5,,true,,待核实,false
cdl-006253,从哈该书和撒迦利亚书看事奉的更新,脱胎换骨,,,,,中文,bible-study,哈该;撒迦利亚,,,,5,,true,,待核实,false
cdl-000094,从圣经传讲伦理学,华德凯瑟,,,,,中文,bible-study,圣经,,,https://christian-digital-library-assets.gioia-zheng-stud.workers.dev/covers/cdl-000094.jpg,5,https://christian-digital-library-assets.gioia-zheng-stud.workers.dev/previews/cdl-000094,true,,待核实,false
cdl-001175,从圣经传讲伦理学,华德凯瑟,,,,,中文,bible-study,圣经,,,https://christian-digital-library-assets.gioia-zheng-stud.workers.dev/covers/cdl-001175.jpg,5,https://christian-digital-library-assets.gioia-zheng-stud.workers.dev/previews/cdl-001175,true,,待核实,false
cdl-003005,从圣经传讲伦理学,,,,,,中文,bible-study,圣经,,,,5,,true,,待核实,false
cdl-001642,从圣经到宣讲：学人与学道,孙宝玲,,,,,中文,bible-study,圣经,,,,5,,true,,待核实,false
cdl-003006,从圣经到宣讲：学人与学道,,,,,,中文,bible-study,圣经,,,,5,,true,,待核实,false
cdl-003007,从圣经到宣讲：学人与学道,孙宝玲,,,,,中文,bible-study,圣经,,,,5,,true,,待核实,false
cdl-003008,从圣经看 动荡世代的奥秘,梁斐生,,,,,中文,bible-study,圣经,,,,5,,true,,待核实,false
cdl-003009,从圣经看如何处理失败、羞愧、罪咎,邝炳钊,,,,,中文,bible-study,圣经,,,,5,,true,,待核实,false
cdl-002085,从圣经看如何活得更快乐,邝炳钊,,,,,中文,bible-study,圣经,,,,5,,true,,待核实,false
cdl-003010,从圣经看如何活得更快乐,邝炳钊,,,,,中文,bible-study,圣经,,,,5,,true,,待核实,false
cdl-003011,从圣经看如何认识和提升自己,,,,,,中文,bible-study,圣经,,,,5,,true,,待核实,false
cdl-003012,从圣经看属灵领袖,,,,,,中文,bible-study,圣经,,,,5,,true,,待核实,false
cdl-003013,从圣经看灵恩运动,,,,,,中文,bible-study,圣经,,,,5,,true,,待核实,false
cdl-006248,从圣经看灵恩运动,胡德恩,,,,,中文,bible-study,圣经,,,,5,,true,,待核实,false
cdl-001744,从圣经看甲骨文,朱天民,,,,,中文,bible-study,圣经,,,https://christian-digital-library-assets.gioia-zheng-stud.workers.dev/covers/cdl-001744.jpg,5,https://christian-digital-library-assets.gioia-zheng-stud.workers.dev/previews/cdl-001744,true,,待核实,false
cdl-001867,从圣经观点看新时代运动,施宁,,,,,中文,bible-study,圣经,,,https://christian-digital-library-assets.gioia-zheng-stud.workers.dev/covers/cdl-001867.jpg,5,https://christian-digital-library-assets.gioia-zheng-stud.workers.dev/previews/cdl-001867,true,,待核实,false
cdl-006506,从士师记看敬拜人生,谁是我王,,,,,中文,bible-study,士师记,,,,5,,true,,待核实,false
cdl-003014,从天上来的异象,陈方,,,,,中文,other,异象;呼召;事奉,,,,5,,true,,待核实,false
cdl-003015,从天上来的异象,,,,,,中文,other,异象;呼召;事奉,,,,5,,true,,待核实,false
cdl-003016,从女性主义叙事学看《士师记》中的性别政治,徐俊,,,,,中文,bible-study,圣经;旧约;士师记;女性主义叙事学,,,,5,,true,,待核实,false
cdl-003017,从女性主义视角看生命伦理学,鲁琳,,,,,中文,culture-society,伦理,,,,5,,true,,待核实,false
cdl-003018,从女性主义角度诠释路得记和以斯帖记中的女性角色,,,,,,中文,bible-study,路得记;以斯帖,,,,5,,true,,待核实,false
cdl-003019,从属灵领袖摩西谈起,,,,,,中文,spiritual-life,属灵,,,,5,,true,,待核实,false
cdl-003022,从属灵领袖摩西谈起,,,,,,中文,spiritual-life,属灵,,,,5,,true,,待核实,false
cdl-000095,从岁首到年终,C S 路易斯,,,,,中文,other,灵修;每日默想;C.S.路易斯,,,https://christian-digital-library-assets.gioia-zheng-stud.workers.dev/covers/cdl-000095.jpg,5,https://christian-digital-library-assets.gioia-zheng-stud.workers.dev/previews/cdl-000095,true,,待核实,false
cdl-003023,从岁首到年终,C S Lewis,,,,,中文,other,灵修;每日默想;C.S.路易斯,,,,5,,true,,待核实,false
cdl-003024,从岁首到年终路易斯,,,,,,中文,other,灵修;每日默想;C.S.路易斯,,,,5,,true,,待核实,false
cdl-006768,从希伯来书看基督徒的卓越生命,非凡信仰,,,,,中文,bible-study,希伯来书,,,,5,,true,,待核实,false
cdl-002175,从幻想到祈祷,卢云,,,,,中文,other,卢云;祷告;灵修,,,,5,,true,,待核实,false
cdl-003025,从异教徒到基督徒 林语堂,,,,,,中文,theology,基督,,,,5,,true,,待核实,false
cdl-005767,从彼得前书看信徒如何跨越逆境,游刃有余,,,,,中文,bible-study,彼得前,,,,5,,true,,待核实,false
cdl-003026,从怀疑到信仰,桑安柱,,,,,中文,theology,信仰,,,,5,,true,,待核实,false
cdl-003027,从怀疑到信仰,桑安柱,,,,,中文,theology,信仰,,,,5,,true,,待核实,false
cdl-003028,从挣扎到成长：雅各书小组查经资料,苏颖睿,,,,,中文,bible-study,雅各书,,,,5,,true,,待核实,false
cdl-003029,从排行看爱情 A,,,,,,中文,other,,,,,5,,true,,待核实,false
cdl-003030,从排行看爱情 B,,,,,,中文,other,,,,,5,,true,,待核实,false
cdl-003031,从文化的视角来评判耶弗他的许愿：士10-6-12-7,凯习德,,,,,中文,culture-society,文化,,,,5,,true,,待核实,false
cdl-003032,从文献统计看中国近代图书馆的图书出版,,,,,,中文,other,,,,,5,,true,,待核实,false
cdl-000096,从旧约传讲基督,,,,,,中文,bible-study,旧约,,,https://christian-digital-library-assets.gioia-zheng-stud.workers.dev/covers/cdl-000096.jpg,5,https://christian-digital-library-assets.gioia-zheng-stud.workers.dev/previews/cdl-000096,true,,待核实,false
cdl-003033,从旧约传讲基督,,,,,,中文,bible-study,旧约,,,,5,,true,,待核实,false
cdl-003034,从旧约传讲基督,,,,,,中文,bible-study,旧约,,,,5,,true,,待核实,false
cdl-000097,从旧约传讲末世论,华德凯瑟,,,,,中文,bible-study,旧约,,,https://christian-digital-library-assets.gioia-zheng-stud.workers.dev/covers/cdl-000097.jpg,5,https://christian-digital-library-assets.gioia-zheng-stud.workers.dev/previews/cdl-000097,true,,待核实,false
cdl-003035,从旧约传讲末世论,,,,,,中文,bible-study,旧约,,,,5,,true,,待核实,false
cdl-003036,从旧约传讲末世论,,,,,,中文,bible-study,旧约,,,,5,,true,,待核实,false
cdl-003037,从末世论的角度看福音书中天国的已然与未然,,,,,,中文,other,末世论;天国;福音书;神学,,,,5,,true,,待核实,false
cdl-003038,从来就没有救世主,许小年,,,,,中文,other,,,,,5,,true,,待核实,false
cdl-003039,从框里出来的圣经神学,,,,,,中文,bible-study,圣经神学;释经;圣经研究,本书讨论圣经神学的基本视角，帮助读者从整本圣经的脉络、主题与救赎历史中理解经文。,,,5,,true,,版权受保护,false
cdl-003040,从永远到永远,,,,,,中文,other,,,,,5,,true,,待核实,false
cdl-000098,从灵洗到满有圣灵,林道亮,,,,,中文,theology,圣灵,,,https://christian-digital-library-assets.gioia-zheng-stud.workers.dev/covers/cdl-000098.jpg,5,https://christian-digital-library-assets.gioia-zheng-stud.workers.dev/previews/cdl-000098,true,,待核实,false
cdl-002172,从灵洗到满有圣灵,林道亮,,,,,中文,theology,圣灵,,,,5,,true,,待核实,false
cdl-002994,从男权中心到雌雄共体：女性主义对圣经翻译的影响,,,,,,中文,bible-study,圣经,,,,5,,true,,待核实,false
cdl-000099,从神学观点看灵恩派,麦克阿瑟,,,,,中文,theology,神学,,,https://christian-digital-library-assets.gioia-zheng-stud.workers.dev/covers/cdl-000099.jpg,5,https://christian-digital-library-assets.gioia-zheng-stud.workers.dev/previews/cdl-000099,true,,待核实,false
cdl-001914,从神学观点看灵恩派,麦克瑟,,,,,中文,theology,神学,,,,5,,true,,待核实,false
cdl-003041,从神学观点看灵恩派,约翰·麦克阿瑟（John MacArthur）,约翰·麦克阿瑟（John MacArthur）是美国牧师、圣经教师和作家，长期以逐卷释经讲道与教义辨析著称，著有多部圣经注释和神学作品。,,,,中文,theology,灵恩派;圣灵;教义辨析;神学,本书从教义和释经角度评估灵恩派相关议题，讨论圣灵工作、属灵恩赐与教会实践之间的关系。,,,5,,true,,版权受保护,false
cdl-003042,从神学观点看灵恩运动,,,,,,中文,theology,神学,,,,5,,true,,待核实,false
cdl-003043,从神话到史诗：希伯来圣经的历史性透视,徐卉,,,,,中文,bible-study,圣经;旧约;希伯来圣经;历史背景,,,,3,,true,,待核实,false
cdl-003044,从称义到成圣 保罗书信诠释,马有藻,,,,,中文,theology,称义,,,,5,,true,,待核实,false
cdl-003045,从称义到成圣(保罗书信诠释),,,,,,中文,theology,称义,,,,5,,true,,待核实,false
cdl-006061,从约书亚记看属灵争战得胜的生活与原则,稳操胜券,,,,,中文,bible-study,约书亚记,,,,5,,true,,待核实,false
cdl-002974,从约拿书看如何活出信仰,人间信仰,,,,,中文,bible-study,约拿,,,,5,,true,,待核实,false
cdl-004691,从约翰书信看信徒灵命成长,属灵欢欣之旅,,,,,中文,spiritual-life,灵命,,,,5,,true,,待核实,false
cdl-003046,从耶稣基督的比喻看丰盛生命之旅,,,,,,中文,theology,基督,,,,5,,true,,待核实,false
cdl-003047,从聆听到服侍,,,,,,中文,other,服侍;聆听;牧养关怀,,,,5,,true,,待核实,false
cdl-006615,从腓立比书看快乐满足的秘诀,逆境奏乐歌,,,,,中文,bible-study,腓立比,,,,5,,true,,待核实,false
cdl-003048,从西塞罗到奥古斯丁自然神学及其局限,,,,,,中文,church-history,奥古斯丁,,,,5,,true,,待核实,false
cdl-003049,从路加福音：使徒行传看如何行在主的路,,,,,,中文,bible-study,路加福音;使徒行传,,,,5,,true,,待核实,false
cdl-003050,从路加著作看颠覆现实的基督信仰,,,,,,中文,theology,基督;信仰,,,,0,,true,,待核实,false
cdl-003051,从路加著作看颠覆现实的基督信仰,鲍维均,,,,,中文,theology,基督;信仰,,,,5,,true,,待核实,false
cdl-000100,从释经到讲道,桂丹诺,,,,,中文,bible-study,释经,,,https://christian-digital-library-assets.gioia-zheng-stud.workers.dev/covers/cdl-000100.jpg,5,https://christian-digital-library-assets.gioia-zheng-stud.workers.dev/previews/cdl-000100,true,,待核实,false
cdl-001183,从释经到讲道,桂丹诺,,,,,中文,bible-study,释经,,,https://christian-digital-library-assets.gioia-zheng-stud.workers.dev/covers/cdl-001183.jpg,5,https://christian-digital-library-assets.gioia-zheng-stud.workers.dev/previews/cdl-001183,true,,待核实,false
cdl-003052,从释经到讲道,桂丹诺 加尔文,,,,,中文,bible-study,释经,,,,5,,true,,待核实,false
cdl-003053,从释经到讲道,,,,,,中文,bible-study,释经,,,,5,,true,,待核实,false
cdl-003054,从释经学到生活应用,陆苏河,,,,,中文,bible-study,释经,,,,5,,true,,待核实,false
cdl-000101,从马礼逊到司徒雷登,,,,,,中文,church-history,马礼逊,,,https://christian-digital-library-assets.gioia-zheng-stud.workers.dev/covers/cdl-000101.jpg,5,https://christian-digital-library-assets.gioia-zheng-stud.workers.dev/previews/cdl-000101,true,,待核实,false
cdl-003056,他必加增,,,,,,中文,other,,,,,5,,true,,待核实,false
cdl-002081,他是信实的,胡恩德,,,,,中文,other,神的信实;灵修;基督徒生活,,,,5,,true,,待核实,false
cdl-003057,代代相传(教牧协谈中家族理论之应用),费艾德,,,,,中文,other,教牧辅导;家庭系统;牧养,,,,5,,true,,待核实,false
cdl-000102,代祷的秘诀,慕安德烈,,,,,中文,other,祷告;代祷;灵修;慕安德烈,,,https://christian-digital-library-assets.gioia-zheng-stud.workers.dev/covers/cdl-000102.jpg,5,https://christian-digital-library-assets.gioia-zheng-stud.workers.dev/previews/cdl-000102,true,,待核实,false
cdl-003058,令你震惊的生活恶习,,,,,,中文,other,,,,,5,,true,,待核实,false
cdl-003059,以佛所书,,,,,,中文,other,以弗所书;新约;圣经研究,,,,5,,true,,待核实,false
cdl-003060,以假乱真,,,,,,中文,other,,,,,5,,true,,待核实,false
cdl-001836,以利亚与伊莱沙：以色列的战车马兵啊!,朱韬枢,,,,,中文,other,以利亚;以利沙;旧约;圣经人物,,,https://christian-digital-library-assets.gioia-zheng-stud.workers.dev/covers/cdl-001836.jpg,5,https://christian-digital-library-assets.gioia-zheng-stud.workers.dev/previews/cdl-001836,true,,待核实,false
cdl-003063,以利亚以利沙的故事,叙述文体释经法,,,,,中文,other,以利亚;以利沙;叙事释经;旧约,,,,5,,true,,待核实,false
cdl-003062,以利亚以利沙的故事：叙述文体释经法,张玉明,,,,,中文,bible-study,释经,,,,5,,true,,待核实,false
cdl-001834,以利亚伊莱沙的故事：叙事文体释经法,张玉明,,,,,中文,bible-study,释经,,,,5,,true,,待核实,false
cdl-000880,以基督为中心的婚恋,,,,,,中文,theology,基督,,,https://christian-digital-library-assets.gioia-zheng-stud.workers.dev/covers/cdl-000880.jpg,5,https://christian-digital-library-assets.gioia-zheng-stud.workers.dev/previews/cdl-000880,true,,待核实,false
cdl-003065,以基督为中心的敬拜,,,,,,中文,spiritual-life,敬拜,,,,5,,true,,待核实,false
cdl-003066,以基督为中心的讲章,,,,,,中文,pastoral,讲章,,,,5,,true,,待核实,false
cdl-000103,以基督为中心的讲道,柴培尔,,,,,中文,pastoral,讲道,,,https://christian-digital-library-assets.gioia-zheng-stud.workers.dev/covers/cdl-000103.jpg,5,https://christian-digital-library-assets.gioia-zheng-stud.workers.dev/previews/cdl-000103,true,,待核实,false
cdl-000201,以基督为中心的释经讲章,君王的使者,,,,,中文,bible-study,释经,,,https://christian-digital-library-assets.gioia-zheng-stud.workers.dev/covers/cdl-000201.jpg,5,https://christian-digital-library-assets.gioia-zheng-stud.workers.dev/previews/cdl-000201,true,,待核实,false
cdl-003068,以基督仆人的心志学习神学,,,,,,中文,theology,神学,,,,5,,true,,待核实,false
cdl-003069,以弗所,,,,,,中文,bible-study,以弗所,,,,5,,true,,待核实,false
cdl-001352,以弗所书,,,,,,中文,bible-study,以弗所,,,https://christian-digital-library-assets.gioia-zheng-stud.workers.dev/covers/cdl-001352.jpg,5,https://christian-digital-library-assets.gioia-zheng-stud.workers.dev/previews/cdl-001352,true,,待核实,false
cdl-001721,以弗所书,约翰 斯托得,,,,,中文,bible-study,以弗所,,,,5,,true,,待核实,false
cdl-003072,以弗所书,斯托得,,,,,中文,bible-study,以弗所,,,,5,,true,,待核实,false
cdl-003073,以弗所书,冯国泰,,,,,中文,bible-study,以弗所,,,,5,,true,,待核实,false
cdl-003076,以弗所书,,,,,,中文,bible-study,以弗所,,,,5,,true,,待核实,false
cdl-003077,以弗所书,冯国泰,,,,,中文,bible-study,以弗所,,,,5,,true,,待核实,false
cdl-003890,以弗所书——国际释经系列,,,,,,中文,bible-study,圣经;新约;以弗所书;国际释经,,,,0,,true,,待核实,false
cdl-006919,以弗所书,高坐在天上,,,,,中文,bible-study,以弗所,,,,5,,true,,待核实,false
cdl-003070,以弗所书 在基督里合一的新群体,黄浩义,,,,,中文,bible-study,以弗所,,,,5,,true,,待核实,false
cdl-001353,圣经信息系列：以弗所书——上帝的大家庭,约翰·斯托得（John R. W. Stott）,约翰·斯托得（John R. W. Stott，1921-2011）是英国牧师、神学家与圣经学者，长期服事伦敦万灵堂，并参与《洛桑信约》起草。他是二十世纪福音派重要代表之一，著有多部圣经注释、门徒训练和神学著作。,陈恩明,校园书房出版社,1997,中文,bible-study,圣经;新约;以弗所书;注释;圣经信息系列;斯托得,本书解释以弗所书的信息，特别关注神借着基督建立新群体、新生命和新关系的主题。,,,5,,true,,版权受保护,false
cdl-003071,以弗所书(字字珠玑),,,,,,中文,bible-study,以弗所,,,,5,,true,,待核实,false
cdl-003074,以弗所书：教会的丰盛与荣耀,梁伟民,,,,,中文,bible-study,以弗所,,,,5,,true,,待核实,false
cdl-003075,以弗所书：教会的兴盛与荣耀,,,,,,中文,bible-study,以弗所,,,,5,,true,,待核实,false
cdl-003078,以弗所书—教会的丰盛与荣耀(曾立华),,,,,,中文,bible-study,以弗所,,,,5,,true,,待核实,false
cdl-001157,以弗所书注释,欧白恩,,,,,中文,bible-study,注释;以弗所,,,,5,,true,,待核实,false
cdl-003079,以弗所书注释,加尔文,,,,,中文,bible-study,注释;以弗所,,,,5,,true,,待核实,false
cdl-004404,以弗所书研经,基督的丰盛,,,,,中文,bible-study,研经;以弗所,,,,5,,true,,待核实,false
cdl-002194,以弗所书研经材料：校园研经材料写作小组,,,,,,中文,bible-study,研经;以弗所,,,,5,,true,,待核实,false
cdl-003080,以弗所书（卷一）,钟马田,,,,,中文,bible-study,新约;以弗所书;讲道;钟马田,,,,5,,true,,待核实,false
cdl-003081,以弗所书（卷七）,钟马田,,,,,中文,bible-study,新约;以弗所书;讲道;钟马田,,,,5,,true,,待核实,false
cdl-003082,以弗所书（卷三）,钟马田,,,,,中文,bible-study,新约;以弗所书;讲道;钟马田,,,,5,,true,,待核实,false
cdl-003083,以弗所书（卷二）,钟马田,,,,,中文,bible-study,新约;以弗所书;讲道;钟马田,,,,5,,true,,待核实,false
cdl-003084,以弗所书（卷四）,钟马田,,,,,中文,bible-study,新约;以弗所书;讲道;钟马田,,,,5,,true,,待核实,false
cdl-003085,以弗所書研經材料,校園,,,,,中文,bible-study,研經;以弗所,,,,5,,true,,待核实,false
cdl-003086,以撒和雅各永不离弃的恩典,,,,,,中文,theology,恩典,,,,5,,true,,待核实,false
cdl-003088,以斯帖记,蔡金玲,,,,,中文,bible-study,以斯帖,,,,5,,true,,待核实,false
cdl-003087,以斯帖记(国际圣经注释应用系列)—卡连 乔布斯,,,,,,中文,bible-study,圣经;注释;以斯帖,,,,5,,true,,待核实,false
cdl-003089,以斯帖记注释,马太亨利,,,,,中文,bible-study,注释;以斯帖,,,,5,,true,,待核实,false
cdl-003090,以斯帖记注释,马太亨利,,,,,中文,bible-study,注释;以斯帖,,,,5,,true,,待核实,false
cdl-003091,以斯帖记注释 马太亨利,,,,,,中文,bible-study,注释;以斯帖,,,,5,,true,,待核实,false
cdl-001476,以斯拉记,,,,,,中文,bible-study,以斯拉,,,https://christian-digital-library-assets.gioia-zheng-stud.workers.dev/covers/cdl-001476.jpg,5,https://christian-digital-library-assets.gioia-zheng-stud.workers.dev/previews/cdl-001476,true,,待核实,false
cdl-003092,以斯拉记 马太亨利,,,,,,中文,bible-study,以斯拉,,,,5,,true,,待核实,false
cdl-003093,以斯拉记——天道圣经注释,区应毓,区应毓是华人圣经学者与教会领袖，曾任加拿大华人神学院院长。他长期从事圣经教学、教会牧养和旧约历史书研究。,无,天道书楼,1998,中文,bible-study,圣经;旧约;以斯拉记;注释;天道圣经注释,本书属于《天道圣经注释》系列，从历史考据、文体结构和神学信息等方面解释以斯拉记。,,,5,,true,,版权受保护,false
cdl-003094,以斯拉记、尼希米记、以斯帖记,华候活,,,,,中文,bible-study,以斯拉;尼希米;以斯帖,,,,5,,true,,待核实,false
cdl-003095,以斯拉记、尼希米记、以斯帖记,,,,,,中文,bible-study,以斯拉;尼希米;以斯帖,,,,5,,true,,待核实,false
cdl-003096,以斯拉记、尼希米记、以斯帖记,盖瑞 史密斯,,,,,中文,bible-study,以斯拉;尼希米;以斯帖,,,,5,,true,,待核实,false
cdl-003097,以斯拉记、尼希米记、以斯贴记,华候活,,,,,中文,bible-study,以斯拉;尼希米,,,,5,,true,,待核实,false
cdl-003098,以斯拉记、尼西米记、以斯帖记全套课程,,,,,,中文,bible-study,以斯拉;以斯帖,,,,5,,true,,待核实,false
cdl-000104,以神为本,许宏,,,,,中文,other,神本主义;基督徒生活;神学,,,https://christian-digital-library-assets.gioia-zheng-stud.workers.dev/covers/cdl-000104.jpg,5,https://christian-digital-library-assets.gioia-zheng-stud.workers.dev/previews/cdl-000104,true,,待核实,false
cdl-001998,以神的眼光看城市,马克伦,,,,,中文,other,城市宣教;宣教;文化使命,,,,5,,true,,待核实,false
cdl-003099,以福音为中心的教会建造,,,,,,中文,theology,教会,,,,5,,true,,待核实,false
cdl-003100,以福音为中心的生活学员本,,,,,,中文,other,福音;门徒训练;小组教材,,,,5,,true,,待核实,false
cdl-003101,以福音为中心的生活教师本,,,,,,中文,other,福音;门徒训练;小组教材,,,,5,,true,,待核实,false
cdl-003102,以福音为中心的葬礼1,,,,,,中文,other,丧礼;牧养;福音,,,,5,,true,,待核实,false
cdl-003103,以福音为中心的葬礼2,,,,,,中文,other,丧礼;牧养;福音,,,,5,,true,,待核实,false
cdl-000105,以经解经,霍顿,,,,,中文,bible-study,解经,,,https://christian-digital-library-assets.gioia-zheng-stud.workers.dev/covers/cdl-000105.jpg,5,https://christian-digital-library-assets.gioia-zheng-stud.workers.dev/previews/cdl-000105,true,,待核实,false
cdl-000106,以耶稣仆人的心志学习神学,,,,,,中文,theology,神学,,,https://christian-digital-library-assets.gioia-zheng-stud.workers.dev/covers/cdl-000106.jpg,5,https://christian-digital-library-assets.gioia-zheng-stud.workers.dev/previews/cdl-000106,true,,待核实,false
cdl-003104,以耶稣仆人的心志学习神学,约翰·傅瑞姆（John M. Frame）,约翰·傅瑞姆（John M. Frame）是美国改革宗神学家和哲学家，曾任教于威斯敏斯特神学院与改革宗神学院，著有系统神学、伦理学和护教学作品。,苗仲善,第三千禧年神学资源中心,2013,中文,theology,神学学习;神学教育;门徒训练,本书劝勉神学生与基督徒以仆人的心志学习神学，把神学研究放在敬畏神、顺服圣经和服事教会的生命秩序中。,,,5,,true,,版权受保护,false
cdl-000177,以耶路撒冷之名,十字军东征,,,,,中文,other,教会历史;十字军东征;中世纪,,,https://christian-digital-library-assets.gioia-zheng-stud.workers.dev/covers/cdl-000177.jpg,5,https://christian-digital-library-assets.gioia-zheng-stud.workers.dev/previews/cdl-000177,true,,待核实,false
cdl-003105,以色列与巴比伦,,,,,,中文,other,旧约背景;古代近东;历史,,,,5,,true,,待核实,false
cdl-000109,以色列史综览,吴理恩,,,,,中文,other,以色列史;旧约背景;圣经历史,,,https://christian-digital-library-assets.gioia-zheng-stud.workers.dev/covers/cdl-000109.jpg,5,https://christian-digital-library-assets.gioia-zheng-stud.workers.dev/previews/cdl-000109,true,,待核实,false
cdl-001995,以色列史综览》研读手册,梁洁琼,,,,,中文,reference,手册,,,https://christian-digital-library-assets.gioia-zheng-stud.workers.dev/covers/cdl-001995.jpg,5,https://christian-digital-library-assets.gioia-zheng-stud.workers.dev/previews/cdl-001995,true,,待核实,false
cdl-000110,以色列特工,,,,,,中文,other,,,,https://christian-digital-library-assets.gioia-zheng-stud.workers.dev/covers/cdl-000110.jpg,5,https://christian-digital-library-assets.gioia-zheng-stud.workers.dev/previews/cdl-000110,true,,待核实,false
cdl-000379,以色列特工,摩沙迪,,,,,中文,other,,,,https://christian-digital-library-assets.gioia-zheng-stud.workers.dev/covers/cdl-000379.jpg,5,https://christian-digital-library-assets.gioia-zheng-stud.workers.dev/previews/cdl-000379,true,,待核实,false
cdl-000111,以色列移民与开发百年史,以 哈依姆 格瓦蒂,,,,,中文,other,,,,https://christian-digital-library-assets.gioia-zheng-stud.workers.dev/covers/cdl-000111.jpg,5,https://christian-digital-library-assets.gioia-zheng-stud.workers.dev/previews/cdl-000111,true,,待核实,false
cdl-003106,以西结书,晏保罗,,,,,中文,bible-study,以西结,,,,5,,true,,待核实,false
cdl-003107,以西结书,晏保罗,,,,,中文,bible-study,以西结,,,,5,,true,,待核实,false
cdl-003108,以西结书、但以理书,,,,,,中文,bible-study,以西结;但以理,,,,5,,true,,待核实,false
cdl-003109,以西结书上,唐佑之,,,,,中文,bible-study,以西结,,,,5,,true,,待核实,false
cdl-003110,以西结书下,唐佑之,,,,,中文,bible-study,以西结,,,,5,,true,,待核实,false
cdl-001594,以西结书精要诠释,Ezekiel 神的荣耀,,,,,中文,bible-study,以西结,,,,5,,true,,待核实,false
cdl-001644,以西结的领导学,曾思翰,,,,,中文,bible-study,以西结,,,https://christian-digital-library-assets.gioia-zheng-stud.workers.dev/covers/cdl-001644.jpg,5,https://christian-digital-library-assets.gioia-zheng-stud.workers.dev/previews/cdl-001644,true,,待核实,false
cdl-003111,以諾書,,,,,,中文,other,次经;伪经;犹太文献,,,,5,,true,,待核实,false
cdl-004308,以诺书,,,,,,中文,other,次经;伪经;犹太文献,,,,5,,true,,待核实,false
cdl-002456,以赛亚书,韦伯 Barry Webb,,,,,中文,bible-study,以赛亚,,,,5,,true,,待核实,false
cdl-003114,以赛亚书,韦伯,,,,,中文,bible-study,以赛亚,,,,5,,true,,待核实,false
cdl-003115,以赛亚书,,,,,,中文,bible-study,以赛亚,,,,5,,true,,待核实,false
cdl-003118,以赛亚书,吕紹昌,,,,,中文,bible-study,以赛亚,,,,5,,true,,待核实,false
cdl-003119,以赛亚书,吴献章,,,,,中文,bible-study,以赛亚,,,,5,,true,,待核实,false
cdl-003112,以赛亚书(40至66章),歐思沃,,,,,中文,bible-study,以赛亚,,,,5,,true,,待核实,false
cdl-003113,以赛亚书(一至三十九章),歐思沃,,,,,中文,bible-study,以赛亚,,,,5,,true,,待核实,false
cdl-003116,以赛亚书1-39,,,,,,中文,bible-study,以赛亚,,,,5,,true,,待核实,false
cdl-003117,以赛亚书40-66,,,,,,中文,bible-study,以赛亚,,,,5,,true,,待核实,false
cdl-002208,以赛亚书,乔治·鲁滨逊、罗兰·哈里森 等,,,,,中文,bible-study,圣经;旧约;以赛亚书;注释,,,,5,,true,,待核实,false
cdl-003120,以赛亚书全景,,,,,,中文,bible-study,以赛亚,,,,5,,true,,待核实,false
cdl-003121,以赛亚书全景（二）,,,,,,中文,bible-study,圣经;旧约;以赛亚书,,,,5,,true,,待核实,false
cdl-003122,以赛亚书概论,,,,,,中文,bible-study,以赛亚,,,,5,,true,,待核实,false
cdl-001558,以赛亚书诠释,Isaiah 神必救赎,,,,,中文,bible-study,以赛亚,,,,5,,true,,待核实,false
cdl-003123,以赛亚书诠释,马有藻,,,,,中文,bible-study,以赛亚,,,,5,,true,,待核实,false
cdl-003126,以赛亚书诠释,马有藻,,,,,中文,bible-study,以赛亚,,,,5,,true,,待核实,false
cdl-003124,以赛亚书诠释 马有藻,,,,,,中文,bible-study,以赛亚,,,,5,,true,,待核实,false
cdl-003125,以赛亚书诠释：荣耀与救赎,,,,,,中文,bible-study,以赛亚,,,,5,,true,,待核实,false
cdl-003128,以赛亚书释义（卷下）,,,,,,中文,bible-study,圣经;旧约;以赛亚书;释义,,,,5,,true,,待核实,false
cdl-001738,以赛亚书释义(卷下)唐佑之,,,,,,中文,bible-study,以赛亚,,,,5,,true,,待核实,false
cdl-003127,以赛亚书释义，加尔文,,,,,,中文,bible-study,以赛亚,,,,5,,true,,待核实,false
cdl-003129,以赛亚看见未来,,,,,,中文,bible-study,以赛亚,,,,5,,true,,待核实,false
cdl-003130,以赛来1-39章,,,,,,中文,other,以赛亚书;旧约;先知书;圣经研究,,,,5,,true,,待核实,false
cdl-003131,以赛来40-66章,,,,,,中文,other,以赛亚书;旧约;先知书;圣经研究,,,,5,,true,,待核实,false
cdl-000112,仰望神的祝福,,,,,,中文,spiritual-life,祝福,,,,0,,true,,待核实,false
cdl-003134,仰望约拿书解经交通,,,,,,中文,bible-study,解经;约拿,,,,5,,true,,待核实,false
cdl-003135,价值观的探索,唐崇荣,,,,,中文,other,价值观;伦理;唐崇荣,,,,5,,true,,待核实,false
cdl-003136,伊拉斯谟与宗教改革,,,,,,中文,church-history,宗教改革,,,,5,,true,,待核实,false
cdl-003137,伊斯兰如何看待恐怖主义,,,,,,中文,other,伊斯兰;宗教研究;社会议题,,,,5,,true,,待核实,false
cdl-003138,伏尔泰时代,,,,,,中文,other,,,,,5,,true,,待核实,false
cdl-000664,众人皆精兵—海波斯,,,,,,中文,other,,,,https://christian-digital-library-assets.gioia-zheng-stud.workers.dev/covers/cdl-000664.jpg,5,https://christian-digital-library-assets.gioia-zheng-stud.workers.dev/previews/cdl-000664,true,,待核实,false
cdl-000572,众目睽睽下的今世教会,薛华,,,,,中文,theology,教会,,,https://christian-digital-library-assets.gioia-zheng-stud.workers.dev/covers/cdl-000572.jpg,5,https://christian-digital-library-assets.gioia-zheng-stud.workers.dev/previews/cdl-000572,true,,待核实,false
cdl-000665,众神所栖：新疆历史上的宗教,,,,,,中文,church-history,历史,,,,5,,true,,待核实,false
cdl-003139,优秀是训练出来的,刘志雄,,,,,中文,other,品格教育;家庭教育;生命成长,,,,0,,true,,待核实,false
cdl-003140,优质心灵捕手—塑造学生属灵生命的DNA,,,,,,中文,spiritual-life,属灵,,,,5,,true,,待核实,false
cdl-001750,会幕,赵世光,,,,,中文,bible-study,会幕;旧约;圣经研究,,,,5,,true,,待核实,false
cdl-001714,会幕中的耶稣,唐文镐,,,,,中文,other,会幕;基督预表;旧约;圣经研究,,,,5,,true,,待核实,false
cdl-003141,会通与转化(基督教与新儒家的对话),,,,,,中文,theology,基督,,,,5,,true,,待核实,false
cdl-003142,会遇难系统神学,杨庆球,,,,,中文,theology,神学;系统神学,,,,5,,true,,待核实,false
cdl-001589,"伟大小孩养成术：克劳德,:汤森德",CLOUD HENRY,,,,,中文,other,亲子教育;品格培养;婚姻家庭,,,,5,,true,,待核实,false
cdl-001301,伟大的教师耶稣,,,,,,中文,other,耶稣;教育;福音书,,,,5,,true,,待核实,false
cdl-003143,伟大的织匠 发现上帝对你的奇妙计划,,,,,,中文,theology,上帝,,,,5,,true,,待核实,false
cdl-003144,传道书,,,,,,中文,bible-study,传道书;旧约;圣经研究,,,,5,,true,,待核实,false
cdl-003145,传道书（三）,,,,,,中文,bible-study,传道书;旧约;圣经研究,,,,5,,true,,待核实,false
cdl-003146,传到地极,赵中辉,,,,,中文,other,宣教;福音传播;赵中辉,,,,5,,true,,待核实,false
cdl-003147,传到地极,纪念赵中辉,,,,,中文,other,宣教;福音传播;中国教会,,,,5,,true,,待核实,false
cdl-003148,传到地级,,,,,,中文,other,宣教;福音传播,,,,5,,true,,待核实,false
cdl-000883,传教与教育 王忠欣,,,,,,中文,culture-society,教育,,,https://christian-digital-library-assets.gioia-zheng-stud.workers.dev/covers/cdl-000883.jpg,5,https://christian-digital-library-assets.gioia-zheng-stud.workers.dev/previews/cdl-000883,true,,待核实,false
cdl-003149,传教士与近代中国,,,,,,中文,other,宣教史;中国近代史;中国教会史,,,,5,,true,,待核实,false
cdl-000114,传福音与神的主权,,,,,,中文,missions,传福音,,,https://christian-digital-library-assets.gioia-zheng-stud.workers.dev/covers/cdl-000114.jpg,5,https://christian-digital-library-assets.gioia-zheng-stud.workers.dev/previews/cdl-000114,true,,待核实,false
cdl-003151,传福音与神的主权,,,,,,中文,missions,传福音,,,,5,,true,,待核实,false
cdl-003150,传福音与神的主权,巴刻（J. I. Packer）,巴刻（J. I. Packer，1926-2020）是神学家与作家，曾任加拿大维真学院神学教授。他的著作涵盖系统神学、清教徒传统、灵修与福音派信仰，其中《认识神》影响广泛。,赵中辉,改革宗出版社,2007,中文,missions,传福音;神的主权;宣教;改革宗,本书讨论神的主权与传福音责任之间的关系，说明对神主权的认识并不会削弱传福音，反而成为传福音的根基与动力。,,,5,,true,,版权受保护,false
cdl-001399,传讲耶稣的扫罗,,,,,,中文,other,保罗;使徒行传;宣教,,,https://christian-digital-library-assets.gioia-zheng-stud.workers.dev/covers/cdl-001399.jpg,5,https://christian-digital-library-assets.gioia-zheng-stud.workers.dev/previews/cdl-001399,true,,待核实,false
cdl-002378,传道书,张慕皑,,,,,中文,missions,传道,,,,5,,true,,待核实,false
cdl-003155,传道书,,,,,,中文,missions,传道,,,,5,,true,,待核实,false
cdl-003156,传道书,吴献章,,,,,中文,missions,传道,,,,5,,true,,待核实,false
cdl-003152,丁道尔：传道书——旧约圣经注释,伊顿（Michael A. Eaton）,伊顿（Michael A. Eaton）是圣经学者与牧者，从事圣经教学、讲道和旧约智慧文学研究。,蔡金铃、幸贞德,校园书房出版社,1994,中文,bible-study,圣经;旧约;注释;传道书;丁道尔;丁道尔旧约圣经注释,《丁道尔：传道书——旧约圣经注释》属于丁道尔旧约圣经注释系列，帮助读者理解传道书的历史背景、经文脉络与神学信息。,,,5,,true,,版权受保护,false
cdl-003153,丁道尔：传道书——旧约圣经注释,伊顿（Michael A. Eaton）,伊顿（Michael A. Eaton）是圣经学者与牧者，从事圣经教学、讲道和旧约智慧文学研究。,蔡金铃、幸贞德,校园书房出版社,1994,中文,bible-study,圣经;旧约;注释;传道书;丁道尔;丁道尔旧约圣经注释,《丁道尔：传道书——旧约圣经注释》属于丁道尔旧约圣经注释系列，帮助读者理解传道书的历史背景、经文脉络与神学信息。,,,5,,true,,版权受保护,false
cdl-003154,传道书(解经讲道),,,,,,中文,bible-study,解经,,,,5,,true,,待核实,false
cdl-002280,传道书：哀痛有时，跳舞有时,柯德纳 Derek Kidner,,,,,中文,missions,传道,,,,5,,true,,待核实,false
cdl-003157,传道书—试看人生,,,,,,中文,missions,传道,,,,5,,true,,待核实,false
cdl-003158,传道书诠释,,,,,,中文,missions,传道,,,,5,,true,,待核实,false
cdl-003159,传道书诠释,,,,,,中文,missions,传道,,,,5,,true,,待核实,false
cdl-003160,传道人与传道,葛普思,,,,,中文,missions,传道,,,,5,,true,,待核实,false
cdl-001597,传道人面对的问题,叶恩汉,,,,,中文,missions,传道,,,,5,,true,,待核实,false
cdl-005554,伦理学,朋霍费尔,,,,,中文,culture-society,伦理,,,,0,,true,,待核实,false
cdl-003161,伦理学方法,,,,,,中文,culture-society,伦理,,,,5,,true,,待核实,false
cdl-002609,伦理学诸理论,菲利帕·富特,,,,,中文,culture-society,伦理学;哲学;道德哲学,,,,5,,true,,待核实,false
cdl-003162,伦理观的故事,凯利·克拉克,,,,,中文,culture-society,伦理学;哲学;道德思想,,,,5,,true,,待核实,false
cdl-005598,伯克富：系统神学导论,林慈信,,,,,中文,theology,神学;系统神学,,,,5,,true,,待核实,false
cdl-002640,伯克富—释经学原理,,,,,,中文,bible-study,释经,,,,5,,true,,待核实,false
cdl-003164,将人的心意夺回,伯瑞特,,,,,中文,pastoral,护教;世界观;思想更新,,,,5,,true,,待核实,false
cdl-003165,伴偶查经概要(上下册),,,,,,中文,other,婚姻家庭;夫妻查经;查经,,,,5,,true,,待核实,false
cdl-003166,伴青少年渡过挣扎期,赖斯派瑞,,,,,中文,family-ministry,青少年,,,,5,,true,,待核实,false
cdl-003167,但以理：儿童读书法,金东焕,,,,,中文,bible-study,但以理,,,,5,,true,,待核实,false
cdl-003169,但以理书,邝炳钊,,,,,中文,bible-study,但以理,,,,5,,true,,待核实,false
cdl-003170,但以理书,邝炳钊,,,,,中文,bible-study,但以理,,,,5,,true,,待核实,false
cdl-003171,但以理书,冲伯 朗曼三世,,,,,中文,bible-study,但以理,,,,5,,true,,待核实,false
cdl-003172,但以理书,冲伯 朗曼三世,,,,,中文,bible-study,但以理,,,,5,,true,,待核实,false
cdl-001818,但以理书与启示文学,禤浩荣,禤浩荣是香港出生的牧者与圣经研究作者，曾在香港和加拿大牧会。他的著作多关注旧约文化背景、圣经预言和启示文学。,无,天道书楼,1998,中文,bible-study,圣经;旧约;但以理书;启示文学;天道,本书讨论但以理书的中心信息、成书议题、神学特色与启示文学背景，帮助读者理解但以理书与末世盼望的关联。,,,5,,true,,版权受保护,false
cdl-003173,但以理书与启示文学,禤浩荣,禤浩荣是香港出生的牧者与圣经研究作者，曾在香港和加拿大牧会。他的著作多关注旧约文化背景、圣经预言和启示文学。,无,天道书楼,1998,中文,bible-study,圣经;旧约;但以理书;启示文学;天道,本书讨论但以理书的中心信息、成书议题、神学特色与启示文学背景，帮助读者理解但以理书与末世盼望的关联。,,,5,,true,,版权受保护,false
cdl-003174,但以理书与启示文学,禤浩荣,禤浩荣是香港出生的牧者与圣经研究作者，曾在香港和加拿大牧会。他的著作多关注旧约文化背景、圣经预言和启示文学。,无,天道书楼,1998,中文,bible-study,圣经;旧约;但以理书;启示文学;天道,本书讨论但以理书的中心信息、成书议题、神学特色与启示文学背景，帮助读者理解但以理书与末世盼望的关联。,,,5,,true,,版权受保护,false
cdl-003175,但以理书文学注释 活出盼望,黄仪章,,,,,中文,bible-study,注释;但以理,,,,5,,true,,待核实,false
cdl-003176,但以理书文学注释：活出盼望,黄仪章,黄仪章是旧约学者，获美国芝加哥三一福音神学院哲学博士学位，主修旧约。他长期从事旧约神学、解经方法和圣经文学研究。,无,天道书楼,2002,中文,bible-study,圣经;旧约;但以理书;文学释经;天道,本书以文学角度研读但以理书，关注全书结构、段落主题和难解经文，并将学术研究与信仰实践相连接。,,,5,,true,,版权受保护,false
cdl-003177,但以理书文学释经：活出盼望,黄仪章,,,,,中文,bible-study,释经;但以理,,,,5,,true,,待核实,false
cdl-003178,但以理书注释，卷一，加尔文,,,,,,中文,bible-study,注释;但以理,,,,5,,true,,待核实,false
cdl-002355,但以理书讲解：从福音角度看但以理书,毕维廉,,,,,中文,bible-study,但以理,,,,5,,true,,待核实,false
cdl-003179,但以理书讲解：从福音角度看但以理书,毕维廉,,,,,中文,bible-study,但以理,,,,5,,true,,待核实,false
cdl-003180,但以理书讲解：从福音角度看但以理书,,,,,,中文,bible-study,但以理,,,,5,,true,,待核实,false
cdl-003181,但以理书讲解：从福音角度看但以理书,,,,,,中文,bible-study,但以理,,,,5,,true,,待核实,false
cdl-001233,但以理和神秘的梦,,,,,,中文,bible-study,但以理,,,,5,,true,,待核实,false
cdl-003182,但愿婚前我知道,,,,,,中文,other,婚前辅导;恋爱;婚姻家庭,,,,5,,true,,待核实,false
cdl-003184,但愿婚前我知道：12件预备婚姻的大事,盖瑞·查普曼,,,,,中文,family-ministry,婚姻;婚前辅导;家庭,,,,5,,true,,待核实,false
cdl-003185,但愿婚前我知道：12件预备婚姻的大事,盖瑞·查普曼,,,,,中文,family-ministry,婚姻;婚前辅导;家庭,,,,5,,true,,待核实,false
cdl-003186,佈道神學,唐崇榮,,,,,中文,missions,佈道,,,,1,,true,,待核实,false
cdl-001955,住在基督里,慕安得烈,,,,,中文,theology,基督,,,https://christian-digital-library-assets.gioia-zheng-stud.workers.dev/covers/cdl-001955.jpg,5,https://christian-digital-library-assets.gioia-zheng-stud.workers.dev/previews/cdl-001955,true,,待核实,false
cdl-001638,从基督教看中国孝道,何世明,,,,,中文,culture-society,孝道;中国文化;伦理;基督教,,,,5,,true,,待核实,false
cdl-001198,何西阿书,嘉大卫,,,,,中文,bible-study,何西阿,,,,5,,true,,待核实,false
cdl-003191,何西阿书,长远受苦的爱,,,,,中文,bible-study,何西阿,,,,5,,true,,待核实,false
cdl-003192,何西阿书,长远受苦的爱,,,,,中文,bible-study,何西阿,,,,5,,true,,待核实,false
cdl-003193,何西阿书,唐佑之,,,,,中文,bible-study,何西阿,,,,5,,true,,待核实,false
cdl-003194,何西阿书,唐佑之,,,,,中文,bible-study,何西阿,,,,5,,true,,待核实,false
cdl-003195,何西阿书,嘉大卫,,,,,中文,bible-study,何西阿,,,,5,,true,,待核实,false
cdl-003196,何西阿书,嘉大卫,,,,,中文,bible-study,何西阿,,,,5,,true,,待核实,false
cdl-003197,何西阿书,唐佑之,,,,,中文,bible-study,何西阿,,,,5,,true,,待核实,false
cdl-003198,何西阿书,唐佑之,,,,,中文,bible-study,何西阿,,,,5,,true,,待核实,false
cdl-001199,何西阿书——天道圣经注释,唐佑之,,,天道,,中文,bible-study,圣经;旧约;何西阿书;注释,,,https://christian-digital-library-assets.gioia-zheng-stud.workers.dev/covers/cdl-001199.jpg,5,https://christian-digital-library-assets.gioia-zheng-stud.workers.dev/previews/cdl-001199,true,,待核实,false
cdl-003187,何西阿书——天道圣经注释,唐佑之,,,天道,,中文,bible-study,圣经;旧约;何西阿书;注释,,,,5,,true,,待核实,false
cdl-002025,何西阿书：长远受苦的爱,苏颖智,,,,,中文,bible-study,何西阿,,,,0,,true,,待核实,false
cdl-003688,何西阿书今释(杨牧谷),受伤的恋者,,,,,中文,bible-study,何西阿,,,,5,,true,,待核实,false
cdl-003199,何西阿书伴读,,,,,,中文,bible-study,何西阿,,,,5,,true,,待核实,false
cdl-001200,何西阿书天道研经导读 嘉大卫,,,,,,中文,bible-study,研经;何西阿,,,https://christian-digital-library-assets.gioia-zheng-stud.workers.dev/covers/cdl-001200.jpg,5,https://christian-digital-library-assets.gioia-zheng-stud.workers.dev/previews/cdl-001200,true,,待核实,false
cdl-003200,何谓信心,司布尔,,,,,中文,spiritual-life,信心,,,,5,,true,,待核实,false
cdl-003201,何谓健康教会,,,,,,中文,theology,教会,,,,5,,true,,待核实,false
cdl-003202,何谓健康教会,,,,,,中文,theology,教会,,,,5,,true,,待核实,false
cdl-002454,何谓救恩,金世润,,,,,中文,theology,救恩,,,,0,,true,,待核实,false
cdl-002330,作个分辨者,华伦 魏斯比,,,,,中文,other,分辨力;基督徒生活;灵修,,,,5,,true,,待核实,false
cdl-003203,作为基督徒的蒋中正,刘维开,,,,,中文,theology,基督,,,,5,,true,,待核实,false
cdl-002581,作门徒的代价,朋霍费尔,,,,,中文,spiritual-life,门徒,,,,5,,true,,待核实,false
cdl-003204,你一定爱读的极简欧洲史,约翰·赫斯特,,,,,中文,culture-society,欧洲史;历史;文化,,,,5,,true,,待核实,false
cdl-001590,你不怪，只是不一样,Mark A. Simone,,,,,中文,spiritual-life,自我认识;生命成长;差异;基督徒生活,,,,5,,true,,待核实,false
cdl-003205,你也能傳福音 研经材料,贝碧琦,,,,,中文,bible-study,研经,,,,5,,true,,待核实,false
cdl-001987,你也能参与宣教,高力富,,,,,中文,missions,宣教,,,https://christian-digital-library-assets.gioia-zheng-stud.workers.dev/covers/cdl-001987.jpg,5,https://christian-digital-library-assets.gioia-zheng-stud.workers.dev/previews/cdl-001987,true,,待核实,false
cdl-003206,你也能自己研經,杨瑞克,,,,,中文,bible-study,研經,,,,5,,true,,待核实,false
cdl-001645,你们在教我孩子什么：葛罗丝曼,GROSSMAN MIRIAM,,,,,中文,family-ministry,孩子,,,,5,,true,,待核实,false
cdl-002117,你们来看吧：神学故事的约请,宋泉盛,,,,,中文,theology,神学,,,,5,,true,,待核实,false
cdl-000117,你应当相信三位一体吗,,,,,,中文,theology,三位一体,,,https://christian-digital-library-assets.gioia-zheng-stud.workers.dev/covers/cdl-000117.jpg,5,https://christian-digital-library-assets.gioia-zheng-stud.workers.dev/previews/cdl-000117,true,,待核实,false
cdl-000118,你应当相信三位一体吗,,,,,,中文,theology,三位一体,,,https://christian-digital-library-assets.gioia-zheng-stud.workers.dev/covers/cdl-000118.jpg,5,https://christian-digital-library-assets.gioia-zheng-stud.workers.dev/previews/cdl-000118,true,,待核实,false
cdl-000119,你当刚强壮胆,,,,,,中文,other,勇气;信心;基督徒生活,,,https://christian-digital-library-assets.gioia-zheng-stud.workers.dev/covers/cdl-000119.jpg,5,https://christian-digital-library-assets.gioia-zheng-stud.workers.dev/previews/cdl-000119,true,,待核实,false
cdl-003207,你当刚强壮胆,,,,,,中文,other,勇气;信心;基督徒生活,,,,5,,true,,待核实,false
cdl-003208,你往何处去,,,,,,中文,other,,,,,5,,true,,待核实,false
cdl-003209,你很特别,,,,,,中文,other,自我价值;儿童;寓言,,,,5,,true,,待核实,false
cdl-001788,你所念的你明白么：神话语的诠释,吴罗瑜、许志贤,,,,,中文,bible-study,释经学;圣经解释;圣经研究,,,https://christian-digital-library-assets.gioia-zheng-stud.workers.dev/covers/cdl-001788.jpg,5,https://christian-digital-library-assets.gioia-zheng-stud.workers.dev/previews/cdl-001788,true,,待核实,false
cdl-002082,你是我所喜悦的!建立讨神喜悦的事奉,陈终道,,,,,中文,other,事奉;门徒训练;基督徒生活,,,,5,,true,,待核实,false
cdl-003210,你的右手也必扶持我,,,,,,中文,other,苦难;安慰;灵修,,,,1,,true,,待核实,false
cdl-001646,你的属灵恩赐：韦拿,WAGNER PETER C,,,,,中文,spiritual-life,属灵,,,,5,,true,,待核实,false
cdl-003211,你的权利从哪里来,艾伦·德肖维茨,,,,,中文,culture-society,法律;人权;社会思想,,,,5,,true,,待核实,false
cdl-001002,你的灯亮着吗 发现问题的真正所在,,,,,,中文,other,问题解决;系统思维;管理,,,,5,,true,,待核实,false
cdl-003212,你的盼望是什么，莱尔,,,,,,中文,other,盼望;福音;莱尔,,,,5,,true,,待核实,false
cdl-003213,你的盼望是什么，莱尔,,,,,,中文,other,盼望;福音;莱尔,,,,5,,true,,待核实,false
cdl-003214,你的话是真理：圣经难题汇编,马有澡,,,,,中文,bible-study,圣经,,,,5,,true,,待核实,false
cdl-001786,你的话是真理：圣经难题范例汇编,马有藻,,,,,中文,bible-study,圣经,,,,0,,true,,待核实,false
cdl-003215,你要一個新的開始嗎,,,,,,中文,other,福音;悔改;信仰入门,,,,1,,true,,待核实,false
cdl-000120,使万民作门徒,,,,,,中文,spiritual-life,门徒,,,https://christian-digital-library-assets.gioia-zheng-stud.workers.dev/covers/cdl-000120.jpg,5,https://christian-digital-library-assets.gioia-zheng-stud.workers.dev/previews/cdl-000120,true,,待核实,false
cdl-003216,使命传承的故事,曾思翰,,,,,中文,other,宣教;使命;见证,,,,5,,true,,待核实,false
cdl-001469,使徒书信主题,,,,,,中文,other,使徒书信;新约;圣经研究,,,,5,,true,,待核实,false
cdl-003217,使徒保罗传,,,,,,中文,other,保罗;人物传记;新约背景,,,,5,,true,,待核实,false
cdl-000121,使徒信经,,,,,,中文,theology,信经,,,https://christian-digital-library-assets.gioia-zheng-stud.workers.dev/covers/cdl-000121.jpg,5,https://christian-digital-library-assets.gioia-zheng-stud.workers.dev/previews/cdl-000121,true,,待核实,false
cdl-003219,使徒信经新释,S杨牧谷,,,,,中文,theology,信经,,,,5,,true,,待核实,false
cdl-003220,使徒信经新释,杨牧谷,,,,,中文,theology,信经,,,,5,,true,,待核实,false
cdl-003221,使徒信经新释,杨牧谷,,,,,中文,theology,信经,,,,5,,true,,待核实,false
cdl-003218,使徒信经新释(繁体),,,,,,中文,theology,信经,,,,5,,true,,待核实,false
cdl-003223,使徒信经的信仰,,,,,,中文,theology,信经;信仰,,,,5,,true,,待核实,false
cdl-003222,使徒信经的信仰 基督的基本道理,,,,,,中文,theology,信经;基督;信仰,,,,5,,true,,待核实,false
cdl-003224,使徒信经辩护,赵荣烨,,,,,中文,theology,信经,,,,5,,true,,待核实,false
cdl-000857,使徒后期教父 游斯丁、爱任钮,,,,,,中文,other,教父;早期教会;教会历史,,,,5,,true,,待核实,false
cdl-000122,使徒所传的十字架,莱昂 莫里斯,,,,,中文,theology,十字架,,,https://christian-digital-library-assets.gioia-zheng-stud.workers.dev/covers/cdl-000122.jpg,5,https://christian-digital-library-assets.gioia-zheng-stud.workers.dev/previews/cdl-000122,true,,待核实,false
cdl-003225,使徒所传的十字架,,,,,,中文,theology,十字架,,,,5,,true,,待核实,false
cdl-000123,使徒行传,刘焕俊,,,,,中文,bible-study,使徒行传,,,https://christian-digital-library-assets.gioia-zheng-stud.workers.dev/covers/cdl-000123.jpg,5,https://christian-digital-library-assets.gioia-zheng-stud.workers.dev/previews/cdl-000123,true,,待核实,false
cdl-003230,使徒行传,冯国泰,,,,,中文,bible-study,使徒行传,,,,5,,true,,待核实,false
cdl-003231,使徒行传,冯国泰,,,,,中文,bible-study,使徒行传,,,,5,,true,,待核实,false
cdl-003232,使徒行传,博克,,,,,中文,bible-study,使徒行传,,,,5,,true,,待核实,false
cdl-003233,使徒行传,布如斯,,,,,中文,bible-study,使徒行传,,,,5,,true,,待核实,false
cdl-003234,使徒行传,摩根,,,,,中文,bible-study,使徒行传,,,,5,,true,,待核实,false
cdl-003235,使徒行传,艾德曼,,,,,中文,bible-study,使徒行传,,,,5,,true,,待核实,false
cdl-003236,使徒行传,冯国泰,,,,,中文,bible-study,使徒行传,,,,5,,true,,待核实,false
cdl-003226,使徒行传 博克,,,,,,中文,bible-study,使徒行传,,,,5,,true,,待核实,false
cdl-003227,使徒行传 斯托得,,,,,,中文,bible-study,使徒行传,,,,5,,true,,待核实,false
cdl-001986,使徒行传：灵修版,卢容弟 等,,,,,中文,bible-study,圣经;新约;使徒行传;灵修,,,,5,,true,,待核实,false
cdl-003228,使徒行传(上),,,,,,中文,bible-study,使徒行传,,,,5,,true,,待核实,false
cdl-003891,使徒行传（上）——国际释经系列,,,,,,中文,bible-study,圣经;新约;使徒行传;国际释经,,,,5,,true,,待核实,false
cdl-003229,使徒行传(下),,,,,,中文,bible-study,使徒行传,,,,5,,true,,待核实,false
cdl-003892,使徒行传（下）——国际释经系列,,,,,,中文,bible-study,圣经;新约;使徒行传;国际释经,,,,5,,true,,待核实,false
cdl-003922,使徒行传（卷上）——国际释经应用系列,,,,,,中文,bible-study,圣经;新约;使徒行传;国际释经应用,,,,0,,true,,待核实,false
cdl-003923,使徒行传（卷下）——国际释经应用系列,,,,,,中文,bible-study,圣经;新约;使徒行传;国际释经应用,,,,5,,true,,待核实,false
cdl-001321,圣经信息系列：使徒行传——祂施行拯救，直到地极,约翰·斯托得（John R. W. Stott）,约翰·斯托得（John R. W. Stott，1921-2011）是英国牧师、神学家与圣经学者，长期服事伦敦万灵堂，并参与《洛桑信约》起草。他是二十世纪福音派重要代表之一，著有多部圣经注释、门徒训练和神学著作。,黄元林,校园书房出版社,2009,中文,bible-study,圣经;新约;使徒行传;注释;圣经信息系列;斯托得,本书研读使徒行传，说明福音如何借着圣灵和初代教会传到地极，并帮助读者反思今日教会的见证。,,,5,,true,,版权受保护,false
cdl-002334,使徒行传：探讨宣导的原则和时间,陈骝,,,,,中文,bible-study,使徒行传,,,,5,,true,,待核实,false
cdl-003237,使徒行传卷1,张永信,,,,,中文,bible-study,使徒行传,,,,5,,true,,待核实,false
cdl-003238,使徒行传卷1,张永信,,,,,中文,bible-study,使徒行传,,,,5,,true,,待核实,false
cdl-001294,使徒行传卷1：注释,张永信,,,,,中文,bible-study,注释;使徒行传,,,,5,,true,,待核实,false
cdl-003239,使徒行传卷2,张永信,,,,,中文,bible-study,使徒行传,,,,5,,true,,待核实,false
cdl-003240,使徒行传卷2,张永信,,,,,中文,bible-study,使徒行传,,,,5,,true,,待核实,false
cdl-001295,使徒行传卷2：注释,张永信,,,,,中文,bible-study,注释;使徒行传,,,https://christian-digital-library-assets.gioia-zheng-stud.workers.dev/covers/cdl-001295.jpg,5,https://christian-digital-library-assets.gioia-zheng-stud.workers.dev/previews/cdl-001295,true,,待核实,false
cdl-001322,使徒行传卷2：注释,张永信,,,,,中文,bible-study,注释;使徒行传,,,,5,,true,,待核实,false
cdl-003241,使徒行传卷3,张永信,,,,,中文,bible-study,使徒行传,,,,5,,true,,待核实,false
cdl-003242,使徒行传卷3,张永信,,,,,中文,bible-study,使徒行传,,,,5,,true,,待核实,false
cdl-001296,使徒行传卷3:—注释,张永信,,,,,中文,bible-study,注释;使徒行传,,,https://christian-digital-library-assets.gioia-zheng-stud.workers.dev/covers/cdl-001296.jpg,5,https://christian-digital-library-assets.gioia-zheng-stud.workers.dev/previews/cdl-001296,true,,待核实,false
cdl-001297,使徒行传卷3：注释,张永信,,,,,中文,bible-study,注释;使徒行传,,,,5,,true,,待核实,false
cdl-003243,使徒行传和使徒书信解读,,,,,,中文,bible-study,使徒行传,,,,5,,true,,待核实,false
cdl-003244,使徒行传教师本 上,,,,,,中文,bible-study,使徒行传,,,,5,,true,,待核实,false
cdl-003245,使徒行传教师本 下,,,,,,中文,bible-study,使徒行传,,,,5,,true,,待核实,false
cdl-006214,使徒行传新视野,耶稣的群体,,,,,中文,bible-study,使徒行传,,,,5,,true,,待核实,false
cdl-006326,使徒行传概论 于中旻,行道之人,,,,,中文,bible-study,使徒行传,,,,5,,true,,待核实,false
cdl-002407,使徒行传注解(上册),黄迦勒,,,,,中文,bible-study,使徒行传,,,,5,,true,,待核实,false
cdl-002408,使徒行传注解(下册),黄迦勒,,,,,中文,bible-study,使徒行传,,,,5,,true,,待核实,false
cdl-003247,使徒行传注释（卷一）,约翰·加尔文,,,,,中文,bible-study,注释;使徒行传,,,,5,,true,,待核实,false
cdl-003246,使徒行传注释（卷二）,约翰·加尔文,,,,,中文,bible-study,注释;使徒行传,,,,5,,true,,待核实,false
cdl-003248,使徒行传注释（卷二）,约翰·加尔文,,,,,中文,bible-study,注释;使徒行传,,,,5,,true,,待核实,false
cdl-003249,使徒行传诠释,马有藻,,,,,中文,bible-study,使徒行传,,,,5,,true,,待核实,false
cdl-003250,使徒行傳,,,,,,中文,bible-study,使徒行傳,,,,5,,true,,待核实,false
cdl-002535,使徒行傳(解經叢書),莊劉真光,,,,,中文,bible-study,解經;使徒行傳,,,,5,,true,,待核实,false
cdl-003251,使徒行传注释（一）,,,,,,中文,bible-study,圣经;新约;使徒行传;注释,,,,5,,true,,待核实,false
cdl-003252,使徒行传注释（二）,,,,,,中文,bible-study,圣经;新约;使徒行传;注释,,,,5,,true,,待核实,false
cdl-003253,使徒行传注释（三）,,,,,,中文,bible-study,圣经;新约;使徒行传;注释,,,,5,,true,,待核实,false
cdl-003254,使徒行转,,,,,,中文,other,使徒行传;新约;圣经研究,,,,5,,true,,待核实,false
cdl-000988,使徒遗训等,,,,,,中文,other,早期教会;教父文献;使徒遗训,,,https://christian-digital-library-assets.gioia-zheng-stud.workers.dev/covers/cdl-000988.jpg,5,https://christian-digital-library-assets.gioia-zheng-stud.workers.dev/previews/cdl-000988,true,,待核实,false
cdl-003255,俄利根(奥利金)驳赛尔修斯,,,,,,中文,other,教父;护教;早期教会,,,,5,,true,,待核实,false
cdl-003256,俄巴底亚、约拿书,费亚VS凡尔顿,,,,,中文,bible-study,俄巴底亚;约拿,,,,5,,true,,待核实,false
cdl-003257,俄巴底亚书、约拿书、弥迦书,,,,,,中文,bible-study,俄巴底亚;约拿;弥迦,,,,5,,true,,待核实,false
cdl-003258,俄巴底亚书研读,,,,,,中文,bible-study,俄巴底亚,,,,5,,true,,待核实,false
cdl-003259,俄底修斯的伤疤和亚伯拉罕献祭,陆扬,,,,,中文,other,,,,,5,,true,,待核实,false
cdl-001454,俄罗斯帝国,,,,,,中文,other,,,,,5,,true,,待核实,false
cdl-000124,俗世中的上帝,莫尔特曼,,,,,中文,theology,上帝,,,https://christian-digital-library-assets.gioia-zheng-stud.workers.dev/covers/cdl-000124.jpg,5,https://christian-digital-library-assets.gioia-zheng-stud.workers.dev/previews/cdl-000124,true,,待核实,false
cdl-002125,俗世中的上帝,莫尔特曼,,,,,中文,theology,上帝,,,,5,,true,,待核实,false
cdl-003260,俗世中的上帝,,,,,,中文,theology,上帝,,,,5,,true,,待核实,false
cdl-003261,俗世中的安息日操练,唐慕华,,,,,中文,other,安息日;属灵操练;生活节奏,,,,5,,true,,待核实,false
cdl-003263,俗世圣徒,尤金毕德生,,,,,中文,other,职业召命;灵修;基督徒生活,,,,5,,true,,待核实,false
cdl-002176,俗世的神学：基督教文化学刊(第8辑·2002):杨慧林，余达心,,,,,,中文,theology,神学,,,,5,,true,,待核实,false
cdl-003265,保守与坚信,一次得救永远得救议题研讨会,,,,,中文,other,救恩论;一次得救永远得救;神学争议,,,,5,,true,,待核实,false
cdl-003266,保守主义,刘军宁,,,,,中文,other,,,,,5,,true,,待核实,false
cdl-003267,保守我引导我,巴刻J I Packer,,,,,中文,other,神的引导;祷告;巴刻,,,,5,,true,,待核实,false
cdl-001988,保罗,约翰 杜蓝,,,,,中文,bible-study,保罗;新约;圣经研究,,,,5,,true,,待核实,false
cdl-003268,保罗·麦尔 传承之钥,二十五把成功的钥匙,,,,,中文,other,,,,,5,,true,,待核实,false
cdl-002357,保罗书信(一),张道明,,,,,中文,other,保罗书信;新约;圣经研究,,,,0,,true,,待核实,false
cdl-002358,保罗书信(二),张道明,,,,,中文,other,保罗书信;新约;圣经研究,,,,0,,true,,待核实,false
cdl-002196,保罗书信：圣经灵修版,,,,,,中文,bible-study,圣经,,,,5,,true,,待核实,false
cdl-003269,保罗书信：圣经灵修版,,,,,,中文,bible-study,圣经,,,,5,,true,,待核实,false
cdl-002197,保罗书信合参,杨克勤,,,,,中文,other,保罗书信;新约;工具书,,,,5,,true,,待核实,false
cdl-003270,保罗书信困语 (第三部),,,,,,中文,other,保罗书信;释经难题;新约,,,,5,,true,,待核实,false
cdl-003271,保罗书信注释,,,,,,中文,bible-study,注释,,,,0,,true,,待核实,false
cdl-003272,保罗书信研经,,,,,,中文,bible-study,研经,,,,5,,true,,待核实,false
cdl-003273,保罗书信研经,,,,,,中文,bible-study,研经,,,,5,,true,,待核实,false
cdl-002320,保罗书信研读,潘苏齐冰,,,,,中文,other,保罗书信;新约;圣经研究,,,,5,,true,,待核实,false
cdl-001552,保罗书信诠释,Paul 从称义到成圣,,,,,中文,other,保罗书信;称义;成圣;新约,,,https://christian-digital-library-assets.gioia-zheng-stud.workers.dev/covers/cdl-001552.jpg,5,https://christian-digital-library-assets.gioia-zheng-stud.workers.dev/previews/cdl-001552,true,,待核实,false
cdl-003274,保罗书信诠释,马有藻,,,,,中文,other,保罗书信;新约;圣经研究,,,,5,,true,,待核实,false
cdl-003275,保罗书信诠释,马有藻,,,,,中文,other,保罗书信;新约;圣经研究,,,,5,,true,,待核实,false
cdl-003276,保罗区普 危机四伏的呼召,教牧事奉独特而艰巨的挑战,,,,,中文,other,教牧事奉;牧者生命;保罗区普,,,,5,,true,,待核实,false
cdl-001402,保罗奇遇的经历,,,,,,中文,other,,,,,5,,true,,待核实,false
cdl-003277,保罗新观,,,,,,中文,other,保罗新观;保罗研究;新约神学,,,,5,,true,,待核实,false
cdl-003278,保罗的人格与属灵生活,,,,,,中文,spiritual-life,属灵生活;属灵,,,,5,,true,,待核实,false
cdl-003279,保罗的祷告,,,,,,中文,spiritual-life,祷告,,,,5,,true,,待核实,false
cdl-003281,保罗的祷告,,,,,,中文,spiritual-life,祷告,,,,5,,true,,待核实,false
cdl-003280,保罗的祷告 灵命更新的呼召,卡森,,,,,中文,spiritual-life,祷告;灵命,,,,5,,true,,待核实,false
cdl-001144,保罗神学 新旧观,魏斯特鸿,,,,,中文,theology,神学,,,https://christian-digital-library-assets.gioia-zheng-stud.workers.dev/covers/cdl-001144.jpg,5,https://christian-digital-library-assets.gioia-zheng-stud.workers.dev/previews/cdl-001144,true,,待核实,false
cdl-003282,保罗神学：圣灵论,戈登 费依,,,,,中文,theology,神学,,,,5,,true,,待核实,false
cdl-002340,保罗神学：新旧观,魏斯特鴻 Stephen Westerholm,,,,,中文,theology,神学,,,,5,,true,,待核实,false
cdl-003283,保罗神学崭新观,,,,,,中文,theology,神学,,,,5,,true,,待核实,false
cdl-003284,保罗神学崭新观,赖特,,,,,中文,theology,神学,,,,5,,true,,待核实,false
cdl-003285,保罗神学崭新观,赖特,,,,,中文,theology,神学,,,,5,,true,,待核实,false
cdl-003286,保罗神学崭新观,赖特,,,,,中文,theology,神学,,,,5,,true,,待核实,false
cdl-000125,保罗神学新旧观,威斯特鸿,,,,,中文,theology,神学,,,https://christian-digital-library-assets.gioia-zheng-stud.workers.dev/covers/cdl-000125.jpg,5,https://christian-digital-library-assets.gioia-zheng-stud.workers.dev/previews/cdl-000125,true,,待核实,false
cdl-003287,保罗神学新旧观,,,,,,中文,theology,神学,,,,5,,true,,待核实,false
cdl-003288,保罗神学新旧观,魏斯特鸿,,,,,中文,theology,神学,,,,5,,true,,待核实,false
cdl-003289,保罗神学的十堂课,,,,,,中文,theology,神学,,,,5,,true,,待核实,false
cdl-003290,保羅的「聖經神學」 救贖歷史的進路,,,,,,中文,bible-study,聖經,,,,5,,true,,待核实,false
cdl-003291,保羅的禱告,,,,,,中文,spiritual-life,禱告,,,,5,,true,,待核实,false
cdl-003292,十架窄路,俞崇恩,,,,,中文,spiritual-life,,,,,5,,true,,待核实,false
cdl-003294,新生命成长 成熟之路,俞成华,,,,,中文,spiritual-life,,,,,5,,true,,待核实,false
cdl-003295,生命的信息,俞成华,,,,,中文,spiritual-life,,,,,5,,true,,待核实,false
cdl-003296,信与不信的再思,郭峰,,,,,中文,other,信仰反思;护教;基督徒生活,,,,5,,true,,待核实,false
cdl-000997,信与忘约伯福音及其他,,,,,,中文,bible-study,约伯,,,,5,,true,,待核实,false
cdl-003297,信主之後,思考問題,,,,,中文,other,初信造就;信仰入门;门徒训练,,,,5,,true,,待核实,false
cdl-003298,信仰、試煉與得勝,,,,,,中文,theology,信仰,,,,5,,true,,待核实,false
cdl-003299,信仰上帝与理性：基督教神学的根基,,,,,,中文,theology,神学,,,,5,,true,,待核实,false
cdl-003300,信仰与知识,唐佑之,,,,,中文,theology,信仰,,,,5,,true,,待核实,false
cdl-003301,信仰与神学,刘若民,,,,,中文,theology,神学,,,,5,,true,,待核实,false
cdl-000126,信仰与神学-从神学的定义理解神学研究者的使命,,,,,,中文,theology,神学,,,https://christian-digital-library-assets.gioia-zheng-stud.workers.dev/covers/cdl-000126.jpg,5,https://christian-digital-library-assets.gioia-zheng-stud.workers.dev/previews/cdl-000126,true,,待核实,false
cdl-003302,信仰之环,路益师,,,,,中文,theology,信仰,,,,5,,true,,待核实,false
cdl-003303,信仰之环,鲁益师,,,,,中文,theology,信仰,,,,5,,true,,待核实,false
cdl-003304,信仰你答我问,奥尔森,,,,,中文,theology,信仰,,,,5,,true,,待核实,false
cdl-003305,信仰或非信仰,,,,,,中文,theology,信仰,,,,5,,true,,待核实,false
cdl-001780,信仰的(不)可能性,曾庆豹,,,,,中文,theology,信仰,,,https://christian-digital-library-assets.gioia-zheng-stud.workers.dev/covers/cdl-001780.jpg,5,https://christian-digital-library-assets.gioia-zheng-stud.workers.dev/previews/cdl-001780,true,,待核实,false
cdl-003306,信仰的力量,塞缪尔·斯迈尔斯,,,,,中文,spiritual-life,信仰;品格;生命成长,,,,5,,true,,待核实,false
cdl-003307,信仰的回答,,,,,,中文,theology,信仰,,,,5,,true,,待核实,false
cdl-001736,信仰的回答：系统神学五十题,奥特,,,,,中文,theology,神学;系统神学;教义,,,https://christian-digital-library-assets.gioia-zheng-stud.workers.dev/covers/cdl-001736.jpg,5,https://christian-digital-library-assets.gioia-zheng-stud.workers.dev/previews/cdl-001736,true,,待核实,false
cdl-000610,信仰的归宿,阮恩荣,,,,,中文,theology,信仰,,,,2,,true,,待核实,false
cdl-001907,信仰的彩虹：与宗教多元主义批评者的对话,约翰 希克,,,,,中文,theology,信仰,,,https://christian-digital-library-assets.gioia-zheng-stud.workers.dev/covers/cdl-001907.jpg,5,https://christian-digital-library-assets.gioia-zheng-stud.workers.dev/previews/cdl-001907,true,,待核实,false
cdl-003310,信仰的法则 斯达克,,,,,,中文,theology,信仰,,,,5,,true,,待核实,false
cdl-003311,信仰的深情,爱德华滋,,,,,中文,theology,信仰,,,,5,,true,,待核实,false
cdl-001929,信仰答客问,许立中 等,,,,,中文,theology,信仰;护教;基督教入门,,,,5,,true,,待核实,false
cdl-003312,信仰系列(三):圣经难题解答,,,,,,中文,bible-study,圣经,,,,5,,true,,待核实,false
cdl-003313,信仰系列6灵命塑造,,,,,,中文,spiritual-life,灵命,,,,5,,true,,待核实,false
cdl-003314,信仰與奮鬥力的建造,,,,,,中文,theology,信仰,,,,5,,true,,待核实,false
cdl-003315,信仰與生活,十誡今意,,,,,中文,theology,信仰,,,,5,,true,,待核实,false
cdl-000663,信仰路上的思想和信念,仗剑江湖,,,,,中文,theology,信仰,,,https://christian-digital-library-assets.gioia-zheng-stud.workers.dev/covers/cdl-000663.jpg,5,https://christian-digital-library-assets.gioia-zheng-stud.workers.dev/previews/cdl-000663,true,,待核实,false
cdl-001650,信徒争战指南：汤怀特,WHITE THOMAS B,,,,,中文,other,属灵争战;基督徒生活;护教,,,,5,,true,,待核实,false
cdl-003316,信徒圣经注释(卷一),,,,,,中文,bible-study,圣经;注释,,,,5,,true,,待核实,false
cdl-003317,信徒圣经注释(卷三),,,,,,中文,bible-study,圣经;注释,,,,5,,true,,待核实,false
cdl-003318,信徒圣经注释(卷二),,,,,,中文,bible-study,圣经;注释,,,,5,,true,,待核实,false
cdl-003319,信徒神学,沈介山 zip,,,,,中文,theology,神学,,,,5,,true,,待核实,false
cdl-001687,信徒祷告生活,慕安德烈 Andrew Murray,,,,,中文,spiritual-life,祷告,,,https://christian-digital-library-assets.gioia-zheng-stud.workers.dev/covers/cdl-001687.jpg,5,https://christian-digital-library-assets.gioia-zheng-stud.workers.dev/previews/cdl-001687,true,,待核实,false
cdl-002128,信得更真,施达雄,,,,,中文,other,信心;灵修;基督徒生活,,,,5,,true,,待核实,false
cdl-003320,信心,巴刻,,,,,中文,spiritual-life,信心,,,,5,,true,,待核实,false
cdl-000127,信心中的看见,赖王秀籣,,,,,中文,spiritual-life,信心,,,https://christian-digital-library-assets.gioia-zheng-stud.workers.dev/covers/cdl-000127.jpg,5,https://christian-digital-library-assets.gioia-zheng-stud.workers.dev/previews/cdl-000127,true,,待核实,false
cdl-001865,信心引导我们前进,陈泽民,,,,,中文,spiritual-life,信心,,,,5,,true,,待核实,false
cdl-003321,信心注视的对象,曾绍恺,,,,,中文,spiritual-life,信心,,,,5,,true,,待核实,false
cdl-000128,信心生活的秘诀,慕安德烈,,,,,中文,spiritual-life,信心,,,https://christian-digital-library-assets.gioia-zheng-stud.workers.dev/covers/cdl-000128.jpg,5,https://christian-digital-library-assets.gioia-zheng-stud.workers.dev/previews/cdl-000128,true,,待核实,false
cdl-003322,信心的操练,,,,,,中文,spiritual-life,信心,,,,5,,true,,待核实,false
cdl-003323,信心的支票簿,,,,,,中文,spiritual-life,信心,,,,5,,true,,待核实,false
cdl-002171,信心的本质,朴永善,,,,,中文,spiritual-life,信心,,,,5,,true,,待核实,false
cdl-000363,信心的见证人,慕勒,,,,,中文,spiritual-life,信心,,,https://christian-digital-library-assets.gioia-zheng-stud.workers.dev/covers/cdl-000363.jpg,5,https://christian-digital-library-assets.gioia-zheng-stud.workers.dev/previews/cdl-000363,true,,待核实,false
cdl-001816,信心的试验：诗篇七十三篇研究,钟马田,,,,,中文,bible-study,诗篇,,,,0,,true,,待核实,false
cdl-002222,亚伯拉罕：信心的顺服,F. B. 麦尔,,,,,中文,spiritual-life,亚伯拉罕;信心;灵修;圣经人物,,,,5,,true,,待核实,false
cdl-000129,信望爱 圣经伦理学导论,周功和,,,,,中文,bible-study,圣经,,,https://christian-digital-library-assets.gioia-zheng-stud.workers.dev/covers/cdl-000129.jpg,5,https://christian-digital-library-assets.gioia-zheng-stud.workers.dev/previews/cdl-000129,true,,待核实,false
cdl-003325,信望爱：圣经伦理学导论,周功和,,,,,中文,bible-study,圣经,,,,5,,true,,待核实,false
cdl-003326,信望爱：圣经伦理学导论,,,,,,中文,bible-study,圣经,,,,5,,true,,待核实,false
cdl-003324,信望爱：圣经伦理学导论,,,,,,中文,theology,圣经;伦理;神学,,,,5,,true,,待核实,false
cdl-003327,信望爱圣经伦理学导论—周功和,,,,,,中文,bible-study,圣经,,,,5,,true,,待核实,false
cdl-003328,信理神学 卷1,,,,,,中文,theology,神学,,,,5,,true,,待核实,false
cdl-003329,信理神学 卷5,,,,,,中文,theology,神学,,,,5,,true,,待核实,false
cdl-003330,信耶稣不用钱(刘晓亭),,,,,,中文,other,福音;恩典;信仰入门,,,,5,,true,,待核实,false
cdl-003331,信耶稣得世福,康来昌,,,,,中文,other,福音辨析;成功神学;信仰反思,,,,3,,true,,待核实,false
cdl-004478,天恩研经：新约误解简论（修订一版）,,,,,,中文,bible-study,新约;研经;释经,,,,5,,true,,待核实,false
cdl-001689,修辞学,陈正治,,,,,中文,other,,,,,5,,true,,待核实,false
cdl-001100,修道主义的兴起,从沙漠教父到中世纪早期 英 玛里琳 邓恩,,,,,中文,other,修道主义;教会历史;中世纪,,,https://christian-digital-library-assets.gioia-zheng-stud.workers.dev/covers/cdl-001100.jpg,5,https://christian-digital-library-assets.gioia-zheng-stud.workers.dev/previews/cdl-001100,true,,待核实,false
cdl-003332,修道主义的兴起：从沙漠教父到中世纪早期,玛里琳邓恩,,,,,中文,other,修道主义;教会历史;中世纪,,,,5,,true,,待核实,false
cdl-000004,倍增事工──宣教传福音与门徒训练,,,,,,中文,missions,宣教;传福音,,,https://christian-digital-library-assets.gioia-zheng-stud.workers.dev/covers/cdl-000004.jpg,5,https://christian-digital-library-assets.gioia-zheng-stud.workers.dev/previews/cdl-000004,true,,待核实,false
cdl-003333,借独生子耶稣显明出来的神的爱 I,,,,,,中文,other,神的爱;基督论;灵修,,,,5,,true,,待核实,false
cdl-003334,借独生子耶稣显明出来的神的爱 II,,,,,,中文,other,神的爱;基督论;灵修,,,,5,,true,,待核实,false
cdl-003335,倾倒至死 祈祷使徒海德,,,,,,中文,other,祷告;代祷;人物传记,,,,5,,true,,待核实,false
cdl-002086,倾福于你,施达雄,,,,,中文,other,祝福;灵修;信心,,,,5,,true,,待核实,false
cdl-002000,偏差溯源：上古基督教思想简史,沈介山,,,,,中文,church-history,简史,,,,5,,true,,待核实,false
cdl-002124,做个忠心者,华伦 魏斯比,,,,,中文,other,忠心;基督徒生活;事奉,,,,5,,true,,待核实,false
cdl-002057,做个自由人,华伦 魏斯比,,,,,中文,other,加拉太书;自由;基督徒生活,,,,5,,true,,待核实,false
cdl-001652,做神学：一同走进处境神学,罗利·葛林（Laurie Green）,,,,,中文,theology,神学;处境神学,,,https://christian-digital-library-assets.gioia-zheng-stud.workers.dev/covers/cdl-001652.jpg,5,https://christian-digital-library-assets.gioia-zheng-stud.workers.dev/previews/cdl-001652,true,,待核实,false
cdl-002123,做门徒的代价潘霍华,追随基督,,,,,中文,spiritual-life,门徒,,,,5,,true,,待核实,false
cdl-003336,健康基督徒的十七个特征,,,,,,中文,theology,基督,,,,5,,true,,待核实,false
cdl-003337,健康教会九标志,,,,,,中文,theology,教会,,,,5,,true,,待核实,false
cdl-000130,健康教会的九个标志·学习手册,,,,,,中文,reference,手册,,,https://christian-digital-library-assets.gioia-zheng-stud.workers.dev/covers/cdl-000130.jpg,5,https://christian-digital-library-assets.gioia-zheng-stud.workers.dev/previews/cdl-000130,true,,待核实,false
cdl-001708,健康的教会：十个让教会健康的特性,史蒂芬 麦克基亚,,,,,中文,theology,教会,,,https://christian-digital-library-assets.gioia-zheng-stud.workers.dev/covers/cdl-001708.jpg,5,https://christian-digital-library-assets.gioia-zheng-stud.workers.dev/previews/cdl-001708,true,,待核实,false
cdl-000131,健康的教会成员,安泰博,,,,,中文,pastoral,教会成员,,,https://christian-digital-library-assets.gioia-zheng-stud.workers.dev/covers/cdl-000131.jpg,5,https://christian-digital-library-assets.gioia-zheng-stud.workers.dev/previews/cdl-000131,true,,待核实,false
cdl-000134,傅道 試看人生,谢慧儿,,,,,中文,missions,傅道,,,https://christian-digital-library-assets.gioia-zheng-stud.workers.dev/covers/cdl-000134.jpg,5,https://christian-digital-library-assets.gioia-zheng-stud.workers.dev/previews/cdl-000134,true,,待核实,false
cdl-000135,傅道 試看人生,谢慧儿,,,,,中文,missions,傅道,,,https://christian-digital-library-assets.gioia-zheng-stud.workers.dev/covers/cdl-000135.jpg,5,https://christian-digital-library-assets.gioia-zheng-stud.workers.dev/previews/cdl-000135,true,,待核实,false
cdl-003339,傳福音與神的主權(修訂版),,,,,,中文,missions,傳福音,,,,5,,true,,待核实,false
cdl-003340,傳道書的職場智慧初探,,,,,,中文,missions,傳道,,,,5,,true,,待核实,false
cdl-003341,像样的教会管理,,,,,,中文,theology,教会,,,,5,,true,,待核实,false
cdl-003342,儒教与基督教：仁与爱的比较研究,姚新中,,赵艳霞,中国社会科学出版社,2002,中文,culture-society,儒教;基督教;仁;爱;比较研究,本书从仁与爱的核心观念入手，比较儒教与基督教在终极关怀、伦理精神与文化传统上的相通和差异。,,,5,,true,,待核实,false
cdl-000136,儒道佛与中国传统文化教育,李英华,,,,,中文,culture-society,文化;教育,,,https://christian-digital-library-assets.gioia-zheng-stud.workers.dev/covers/cdl-000136.jpg,5,https://christian-digital-library-assets.gioia-zheng-stud.workers.dev/previews/cdl-000136,true,,待核实,false
cdl-000137,儿子的超自然觉醒,杰克 福斯特,,,,,中文,other,身份;神儿女;灵修,,,https://christian-digital-library-assets.gioia-zheng-stud.workers.dev/covers/cdl-000137.jpg,5,https://christian-digital-library-assets.gioia-zheng-stud.workers.dev/previews/cdl-000137,true,,待核实,false
cdl-001654,儿童哲学：基础理论教学方法之思辨与实证,梁瑞祥,,,,,中文,family-ministry,儿童,,,,5,,true,,待核实,false
cdl-000138,儿童心理学,,,,,,中文,family-ministry,儿童,,,https://christian-digital-library-assets.gioia-zheng-stud.workers.dev/covers/cdl-000138.jpg,5,https://christian-digital-library-assets.gioia-zheng-stud.workers.dev/previews/cdl-000138,true,,待核实,false
cdl-003343,儿童爱之语,盖瑞 巧门,,,,,中文,family-ministry,儿童,,,,5,,true,,待核实,false
cdl-003344,元也里可温教考,陈垣,,,,,中文,other,景教;中国教会史;历史研究,,,,5,,true,,待核实,false
cdl-000139,兄弟相爱撼山河 威伯福斯与克拉朋联盟,张文亮,,,,,中文,church-history,威伯福斯,,,https://christian-digital-library-assets.gioia-zheng-stud.workers.dev/covers/cdl-000139.jpg,5,https://christian-digital-library-assets.gioia-zheng-stud.workers.dev/previews/cdl-000139,true,,待核实,false
cdl-002384,撒母耳：先知,F. B. 麦尔,,,,,中文,spiritual-life,撒母耳;旧约;圣经人物;灵修,,,,5,,true,,待核实,false
cdl-003345,先知与士大夫的形象之比较,吴旋,,,,,中文,other,先知;士大夫;比较研究;中国文化,,,,5,,true,,待核实,false
cdl-000140,先知书,,,,,,中文,bible-study,先知书;旧约;圣经研究,,,https://christian-digital-library-assets.gioia-zheng-stud.workers.dev/covers/cdl-000140.jpg,5,https://christian-digital-library-assets.gioia-zheng-stud.workers.dev/previews/cdl-000140,true,,待核实,false
cdl-002033,先知书,麦康维而 Gordon McConville,,,,,中文,bible-study,先知书;旧约;导论;圣经研究,,,,5,,true,,待核实,false
cdl-003346,先知书,,,,,,中文,bible-study,先知书;旧约;圣经研究,,,,5,,true,,待核实,false
cdl-003354,先知书,,,,,,中文,bible-study,先知书;旧约;圣经研究,,,,5,,true,,待核实,false
cdl-003347,先知书 哈、亚、玛,唐佑之,,,,,中文,bible-study,哈巴谷书;撒迦利亚书;玛拉基书;先知书;旧约,,,,5,,true,,待核实,false
cdl-003348,先知书 摩、弥,唐佑之,,,,,中文,bible-study,阿摩司书;弥迦书;先知书;旧约,,,,5,,true,,待核实,false
cdl-003349,先知书 番,唐佑之,,,,,中文,bible-study,西番雅书;先知书;旧约,,,,5,,true,,待核实,false
cdl-003350,先知书(上册),,,,,,中文,bible-study,先知书;旧约;圣经研究,,,,5,,true,,待核实,false
cdl-003351,先知书(下册),,,,,,中文,bible-study,先知书;旧约;圣经研究,,,,5,,true,,待核实,false
cdl-003352,先知书(中册),,,,,,中文,bible-study,先知书;旧约;圣经研究,,,,5,,true,,待核实,false
cdl-003355,先知书1,唐佑之,,,,,中文,bible-study,先知书;旧约;唐佑之;圣经研究,,,,5,,true,,待核实,false
cdl-001441,先知书1：摩、弥,唐佑之,,,,,中文,bible-study,阿摩司书;弥迦书;先知书;旧约,,,,5,,true,,待核实,false
cdl-003356,先知书2,唐佑之,,,,,中文,bible-study,先知书;旧约;唐佑之;圣经研究,,,,5,,true,,待核实,false
cdl-001442,何西阿书注释（二）,唐佑之,,,,,中文,bible-study,圣经;旧约;何西阿书;注释,,,,5,,true,,待核实,false
cdl-001443,先知书3,唐佑之,,,,,中文,bible-study,先知书;旧约;唐佑之;圣经研究,,,https://christian-digital-library-assets.gioia-zheng-stud.workers.dev/covers/cdl-001443.jpg,5,https://christian-digital-library-assets.gioia-zheng-stud.workers.dev/previews/cdl-001443,true,,待核实,false
cdl-003357,先知书3,唐佑之,,,,,中文,bible-study,先知书;旧约;唐佑之;圣经研究,,,,5,,true,,待核实,false
cdl-001247,先知书4：哈、亚、玛,唐佑之,,,,,中文,bible-study,哈巴谷书;撒迦利亚书;玛拉基书;先知书;旧约,,,https://christian-digital-library-assets.gioia-zheng-stud.workers.dev/covers/cdl-001247.jpg,5,https://christian-digital-library-assets.gioia-zheng-stud.workers.dev/previews/cdl-001247,true,,待核实,false
cdl-001444,先知书4：哈、亚、玛,唐佑之,,,,,中文,bible-study,哈巴谷书;撒迦利亚书;玛拉基书;先知书;旧约,,,https://christian-digital-library-assets.gioia-zheng-stud.workers.dev/covers/cdl-001444.jpg,5,https://christian-digital-library-assets.gioia-zheng-stud.workers.dev/previews/cdl-001444,true,,待核实,false
cdl-003353,先知书：旧约文学与神学,,,,,,中文,bible-study,旧约,,,,5,,true,,待核实,false
cdl-001693,先知书·启示文学解读,赵宁,,,,,中文,bible-study,先知书;启示文学;释经;圣经研究,,,,5,,true,,待核实,false
cdl-000141,先知性敬拜者,帕布罗 培瑞兹,,,,,中文,spiritual-life,敬拜,,,https://christian-digital-library-assets.gioia-zheng-stud.workers.dev/covers/cdl-000141.jpg,5,https://christian-digital-library-assets.gioia-zheng-stud.workers.dev/previews/cdl-000141,true,,待核实,false
cdl-003358,先知的热泪：耶利米书,苏美恩,,,,,中文,bible-study,耶利米,,,,5,,true,,待核实,false
cdl-003360,先知职在以色列的发展史,,,,,,中文,other,先知职分;以色列史;旧约背景,,,,5,,true,,待核实,false
cdl-003361,先知职在以色列的发展史,,,,,,中文,other,先知职分;以色列史;旧约背景,,,,5,,true,,待核实,false
cdl-001839,先贤之信：四重福音,宣信,,,,,中文,other,四重福音;宣信;宣教;神学,,,,0,,true,,待核实,false
cdl-000895,先驱与过客 林慈信,,,,,,中文,other,,,,https://christian-digital-library-assets.gioia-zheng-stud.workers.dev/covers/cdl-000895.jpg,5,https://christian-digital-library-assets.gioia-zheng-stud.workers.dev/previews/cdl-000895,true,,待核实,false
cdl-000142,光与盐 第二卷,李可柔和毕乐思,,,,,中文,other,,,,https://christian-digital-library-assets.gioia-zheng-stud.workers.dev/covers/cdl-000142.jpg,5,https://christian-digital-library-assets.gioia-zheng-stud.workers.dev/previews/cdl-000142,true,,待核实,false
cdl-003362,光与盐：探索近代中国改革的十位历史名人,,,,,,中文,church-history,历史,,,,5,,true,,待核实,false
cdl-003363,克尔凯戈尔日记选,,,,,,中文,other,哲学;克尔凯郭尔;日记;存在主义,,,,5,,true,,待核实,false
cdl-003365,克尔凯郭尔：百合、飞鸟、女演员,克尔凯郭尔,,,,,中文,culture-society,克尔凯郭尔;哲学;存在主义;灵修,,,,5,,true,,待核实,false
cdl-003366,克服内心的挣扎(节录),萨拉,,,,,中文,other,心理辅导;内在挣扎;生命成长,,,,0,,true,,待核实,false
cdl-003367,克服焦虑,,,,,,中文,other,焦虑;心理辅导;关怀,,,,5,,true,,待核实,false
cdl-003368,克莱斯論詩篇,,,,,,中文,bible-study,詩篇,,,,5,,true,,待核实,false
cdl-003369,兒福工作者面對的問題,,,,,,中文,other,儿童事工;社会关怀;辅导,,,,5,,true,,待核实,false
cdl-003370,入世圣徒,基督徒处世模式,,,,,中文,other,处世;基督徒生活;文化,,,,5,,true,,待核实,false
cdl-003371,入世的清教徒,利兰·赖肯（Leland Ryken）,利兰·赖肯（Leland Ryken）是美国惠顿学院英语荣休教授，长期从事文学、圣经文学和基督教人文传统研究，著有《入世的清教徒》《圣经文学导论》等作品。,杨征宇、朱保平,群言出版社,2011,中文,church-history,清教徒;教会历史;灵修,本书介绍清教徒在工作、婚姻、金钱、家庭、讲道、敬拜、圣经与教育等方面的生活观，帮助读者重新认识清教徒传统的整全信仰。,,,5,,true,,版权受保护,false
cdl-003372,全人投入的读经,,,,,,中文,other,读经;圣经研究;属灵操练,,,,5,,true,,待核实,false
cdl-003373,全备关怀的牧养之道,,,,,,中文,pastoral,牧养,,,,5,,true,,待核实,false
cdl-003374,全备关怀的牧养之道,尤金,,,,,中文,pastoral,牧养,,,,5,,true,,待核实,false
cdl-003375,全备的基督,,,,,,中文,theology,基督,,,,5,,true,,待核实,false
cdl-002159,旧约透析：全方位研读旧约,比尔·阿诺德、布赖恩·拜尔,,文子梁,国际圣经协会,2001,中文,bible-study,圣经;旧约;旧约导论;研经,,,,5,,true,,待核实,false
cdl-003376,全方位解读但以理书,,,,,,中文,bible-study,但以理,,,,5,,true,,待核实,false
cdl-003377,全方位解读但以理书,麦兆辉,,,,,中文,bible-study,但以理,,,,5,,true,,待核实,false
cdl-003378,全权之神,,,,,,中文,other,神论;神的主权;系统神学,,,,5,,true,,待核实,false
cdl-003380,公义与慈爱彼此相亲 王志勇新书 公共神学,,,,,,中文,theology,神学,,,,5,,true,,待核实,false
cdl-003383,公元2000宗教大趋势,杨牧谷,,,,,中文,culture-society,宗教,,,,5,,true,,待核实,false
cdl-003384,公共信仰的全球面相,霍伦巴赫,,,,,中文,theology,信仰,,,,5,,true,,待核实,false
cdl-003385,公共的信仰,沃弗,,,,,中文,theology,信仰,,,,5,,true,,待核实,false
cdl-003386,六A的力量,,,,,,中文,other,亲子教育;家庭关系;品格培养,,,,5,,true,,待核实,false
cdl-003387,共享诗篇灵筵,,,,,,中文,bible-study,诗篇,,,,5,,true,,待核实,false
cdl-000214,关于启示录的注释和布道-2,,,,,,中文,bible-study,注释;启示录,,,https://christian-digital-library-assets.gioia-zheng-stud.workers.dev/covers/cdl-000214.jpg,5,https://christian-digital-library-assets.gioia-zheng-stud.workers.dev/previews/cdl-000214,true,,待核实,false
cdl-000637,专题信息：关于基督徒委身教会的真理,,,,,,中文,pastoral,教会;委身;基督徒生活,,,,5,,true,,待核实,false
cdl-003607,十字架之路：关于逼迫、患难与门徒训练的圣经神学,Glenn M. Penner,,,,,中文,theology,逼迫;患难;门徒训练;十字架,,,,5,,true,,待核实,false
cdl-003389,关系DNA,盖瑞 史迈利,,,,,中文,other,关系;婚姻家庭;心理辅导,,,,5,,true,,待核实,false
cdl-003390,关顾辅导,张永信,,,,,中文,pastoral,辅导,,,,5,,true,,待核实,false
cdl-003391,内化与超越：论希伯来圣经中耶和华信仰与以色列民族的关系,,,,,,中文,bible-study,圣经,,,,5,,true,,待核实,false
cdl-000143,内在生活,慕安德烈,,,,,中文,other,内在生命;灵修;慕安德烈,,,https://christian-digital-library-assets.gioia-zheng-stud.workers.dev/covers/cdl-000143.jpg,5,https://christian-digital-library-assets.gioia-zheng-stud.workers.dev/previews/cdl-000143,true,,待核实,false
cdl-003392,内地会在绥远地区的发展过程,刘春子,,,,,中文,church-history,内地会,,,,5,,true,,待核实,false
cdl-000666,再临君王,,,,,,中文,other,再临;末世论;基督论,,,,5,,true,,待核实,false
cdl-002306,再思十架真意,麦葛福,,,,,中文,other,十字架;救赎论;麦葛福;神学,,,,5,,true,,待核实,false
cdl-002118,再思历史的主：人类困境与神的主权,钟马田,,,,,中文,theology,神的主权;历史;苦难;神学,,,,5,,true,,待核实,false
cdl-000667,再思因信称义,麦格拉斯,,,,,中文,theology,称义,,,https://christian-digital-library-assets.gioia-zheng-stud.workers.dev/covers/cdl-000667.jpg,5,https://christian-digital-library-assets.gioia-zheng-stud.workers.dev/previews/cdl-000667,true,,待核实,false
cdl-006960,再思因信称义,麦葛福,,,,,中文,theology,称义,,,,5,,true,,待核实,false
cdl-000037,再思地方教会的目的,上帝宣教之民,,,,,中文,theology,教会,,,https://christian-digital-library-assets.gioia-zheng-stud.workers.dev/covers/cdl-000037.jpg,5,https://christian-digital-library-assets.gioia-zheng-stud.workers.dev/previews/cdl-000037,true,,待核实,false
cdl-000144,再思救赎奇恩,慕理,,,,,中文,theology,救赎,,,https://christian-digital-library-assets.gioia-zheng-stud.workers.dev/covers/cdl-000144.jpg,5,https://christian-digital-library-assets.gioia-zheng-stud.workers.dev/previews/cdl-000144,true,,待核实,false
cdl-001893,再思救赎奇恩,慕理,,,,,中文,theology,救赎,,,,5,,true,,待核实,false
cdl-000668,再思救赎奇恩,约翰·慕理,,,天道书楼,1997,中文,theology,救赎;救恩论;基督论;改革宗,本书讨论基督救赎的成就与应用，帮助读者理解赎罪、称义、成圣与救恩确据等核心主题。,,https://christian-digital-library-assets.gioia-zheng-stud.workers.dev/covers/cdl-000668.jpg,5,https://christian-digital-library-assets.gioia-zheng-stud.workers.dev/previews/cdl-000668,true,,待核实,false
cdl-001726,再思福音使命：更新布道的动机与动力,斯托得,,,,,中文,missions,布道,,,,5,,true,,待核实,false
cdl-000669,再思福音真义：传福音VS社会行动,,,,,,中文,missions,传福音,,,,5,,true,,待核实,false
cdl-002305,再思解经错谬,卡森,,,,,中文,bible-study,解经,,,,5,,true,,待核实,false
cdl-000670,再思解经错谬 卡森 好书,,,,,,中文,bible-study,解经,,,,5,,true,,待核实,false
cdl-000671,再思青少年牧养,,,,,,中文,pastoral,牧养,,,https://christian-digital-library-assets.gioia-zheng-stud.workers.dev/covers/cdl-000671.jpg,5,https://christian-digital-library-assets.gioia-zheng-stud.workers.dev/previews/cdl-000671,true,,待核实,false
cdl-000672,再生情缘,杨牧谷,,,,,中文,other,婚姻家庭;小说;杨牧谷,,,https://christian-digital-library-assets.gioia-zheng-stud.workers.dev/covers/cdl-000672.jpg,5,https://christian-digital-library-assets.gioia-zheng-stud.workers.dev/previews/cdl-000672,true,,待核实,false
cdl-001808,再递块砖来：从尼西米看有效的领导方法,查理士 司温道,,,,,中文,other,尼希米记;领导力;教会事奉,,,https://christian-digital-library-assets.gioia-zheng-stud.workers.dev/covers/cdl-001808.jpg,5,https://christian-digital-library-assets.gioia-zheng-stud.workers.dev/previews/cdl-001808,true,,待核实,false
cdl-001943,再造真实的你,杰克 海福德,,,,,中文,other,身份;医治;生命更新,,,https://christian-digital-library-assets.gioia-zheng-stud.workers.dev/covers/cdl-001943.jpg,5,https://christian-digital-library-assets.gioia-zheng-stud.workers.dev/previews/cdl-001943,true,,待核实,false
cdl-003393,写给在大学读心理学的基督徒,张逸萍,,,,,中文,theology,基督,,,,5,,true,,待核实,false
cdl-003394,冯荫坤 擘开生命之饼,路加五个独有的比喻,,,,,中文,other,路加福音;耶稣比喻;释经;冯荫坤,,,,0,,true,,待核实,false
cdl-003395,冯荫坤 擘开生命之饼,路加五个独有的比喻,,,,,中文,other,路加福音;耶稣比喻;释经;冯荫坤,,,,5,,true,,待核实,false
cdl-003396,冯荫坤歌罗西腓利门书(上),,,,,,中文,bible-study,歌罗西;腓利门,,,,5,,true,,待核实,false
cdl-003397,凝聚你的团队力,约翰麦斯威尔,,,,,中文,other,团队建设;领导力;管理,,,,5,,true,,待核实,false
cdl-003399,凡到这里来的,巴刻J I Packer,,,,,中文,other,,,,,5,,true,,待核实,false
cdl-003400,凭信心不凭眼见,,,,,,中文,spiritual-life,信心,,,,5,,true,,待核实,false
cdl-006620,凯波尔与巴文克的圣经论,道成了文字,,,,,中文,bible-study,圣经,,,,5,,true,,待核实,false
cdl-001111,出人意外的恩典,杰瑞 席哲,,,,,中文,theology,恩典,,,https://christian-digital-library-assets.gioia-zheng-stud.workers.dev/covers/cdl-001111.jpg,5,https://christian-digital-library-assets.gioia-zheng-stud.workers.dev/previews/cdl-001111,true,,待核实,false
cdl-003401,出人意外的恩典,,,,,,中文,theology,恩典,,,,5,,true,,待核实,false
cdl-003402,出埃及、利未记—活道,,,,,,中文,bible-study,利未记,,,,5,,true,,待核实,false
cdl-003403,出埃及记,,,,,,中文,bible-study,圣经;旧约;出埃及记;圣经研究,,,,5,,true,,待核实,false
cdl-000146,出埃及記 上,彼得恩斯,,,,,中文,bible-study,出埃及記,,,https://christian-digital-library-assets.gioia-zheng-stud.workers.dev/covers/cdl-000146.jpg,5,https://christian-digital-library-assets.gioia-zheng-stud.workers.dev/previews/cdl-000146,true,,待核实,false
cdl-000147,出埃及記 下,彼得恩斯,,,,,中文,bible-study,出埃及記,,,https://christian-digital-library-assets.gioia-zheng-stud.workers.dev/covers/cdl-000147.jpg,5,https://christian-digital-library-assets.gioia-zheng-stud.workers.dev/previews/cdl-000147,true,,待核实,false
cdl-000711,出埃及记,,,,,,中文,bible-study,出埃及记,,,https://christian-digital-library-assets.gioia-zheng-stud.workers.dev/covers/cdl-000711.jpg,5,https://christian-digital-library-assets.gioia-zheng-stud.workers.dev/previews/cdl-000711,true,,待核实,false
cdl-003408,出埃及记,出死入生之路,,,,,中文,bible-study,出埃及记,,,,5,,true,,待核实,false
cdl-003409,出埃及记,出死入生之路,,,,,中文,bible-study,出埃及记,,,,5,,true,,待核实,false
cdl-003893,出埃及记（上）——国际释经系列,,,,,,中文,bible-study,圣经;旧约;出埃及记;国际释经,,,,5,,true,,待核实,false
cdl-003894,出埃及记（上）——国际释经系列,,,,,,中文,bible-study,圣经;旧约;出埃及记;国际释经,,,,5,,true,,待核实,false
cdl-003895,出埃及记（下）——国际释经系列,,,,,,中文,bible-study,圣经;旧约;出埃及记;国际释经,,,,5,,true,,待核实,false
cdl-001205,出埃及记：上,彼得 恩斯,,,,,中文,bible-study,出埃及记,,,,5,,true,,待核实,false
cdl-001206,出埃及记：下,彼得 恩斯,,,,,中文,bible-study,出埃及记,,,,5,,true,,待核实,false
cdl-002203,出埃及记：出死入生之路,苏颖智,,,,,中文,bible-study,出埃及记,,,,5,,true,,待核实,false
cdl-003020,出埃及记一至十四章的现代意义,从属灵领袖摩西谈起,,,,,中文,bible-study,出埃及记,,,,5,,true,,待核实,false
cdl-003021,出埃及记一至十四章的现代意义,从属灵领袖摩西谈起,,,,,中文,bible-study,出埃及记,,,,5,,true,,待核实,false
cdl-003411,出埃及记全套课程,,,,,,中文,bible-study,出埃及记,,,,5,,true,,待核实,false
cdl-003413,出埃及记卷上,赖建国,,,,,中文,bible-study,出埃及记,,,,5,,true,,待核实,false
cdl-003414,出埃及记卷上,赖建国,,,,,中文,bible-study,出埃及记,,,,5,,true,,待核实,false
cdl-003415,出埃及记卷下,赖建国,,,,,中文,bible-study,出埃及记,,,,5,,true,,待核实,false
cdl-003416,出埃及记卷下,赖建国,,,,,中文,bible-study,出埃及记,,,,5,,true,,待核实,false
cdl-002167,出埃及记注释,艾理逊,,,,,中文,bible-study,注释;出埃及记,,,,5,,true,,待核实,false
cdl-002295,出埃及记的信息(修订版下),卢俊义,,,,,中文,bible-study,出埃及记,,,,5,,true,,待核实,false
cdl-002268,出埃及记释义,米耶斯,,,,,中文,bible-study,出埃及记,,,,5,,true,,待核实,false
cdl-003417,出头天神学丛书7 离经叛道,保罗妇女观新解,,,,,中文,theology,神学,,,,5,,true,,待核实,false
cdl-001471,出谷纪探索,,,,,,中文,other,出埃及记;旧约;圣经研究,,,https://christian-digital-library-assets.gioia-zheng-stud.workers.dev/covers/cdl-001471.jpg,5,https://christian-digital-library-assets.gioia-zheng-stud.workers.dev/previews/cdl-001471,true,,待核实,false
cdl-003418,分别为圣 利未记、忠心善仆 民数记、整装待发 申命记 下冊,威尔斯比,,,,,中文,bible-study,利未记;民数记;申命记,,,,5,,true,,待核实,false
cdl-003419,分别为圣 利未记、忠心善仆 民数记、整装待发 申命记 下冊,威尔斯比,,,,,中文,bible-study,利未记;民数记;申命记,,,,5,,true,,待核实,false
cdl-003420,分别为圣：利未记；忠心善仆：民数记；整装待发：申命记（下册）,,,,,,中文,bible-study,圣经;旧约;利未记;民数记;申命记,,,,5,,true,,待核实,false
cdl-003421,分析阿摩司先知的特征和对传道人的意涵,,,,,,中文,bible-study,阿摩司,,,,5,,true,,待核实,false
cdl-003422,分解真理的道 (第一 和二部),马有藻,,,,,中文,other,释经学;圣经研究;马有藻,,,,5,,true,,待核实,false
cdl-003423,分解真理的道 (第四部),马有藻,,,,,中文,other,释经学;圣经研究;马有藻,,,,5,,true,,待核实,false
cdl-000149,切今之事,C S 路易斯,,,,,中文,other,C.S.路易斯;信仰随笔;文化评论,,,https://christian-digital-library-assets.gioia-zheng-stud.workers.dev/covers/cdl-000149.jpg,5,https://christian-digital-library-assets.gioia-zheng-stud.workers.dev/previews/cdl-000149,true,,待核实,false
cdl-003424,列子全译,,,,,,中文,other,道家;列子;中国哲学;经典,,,,5,,true,,待核实,false
cdl-003425,列王纪 刘剑云 上下,,,,,,中文,bible-study,列王纪,,,,5,,true,,待核实,false
cdl-003426,列王纪上、下,华侯活,,,,,中文,bible-study,列王纪,,,,5,,true,,待核实,false
cdl-003427,列王纪上、下,华侯活,,,,,中文,bible-study,列王纪,,,,5,,true,,待核实,false
cdl-003429,列王纪上下,,,,,,中文,bible-study,列王纪,,,,5,,true,,待核实,false
cdl-003430,列王纪上下,华侯活,,,,,中文,bible-study,列王纪,,,,5,,true,,待核实,false
cdl-000969,丁道尔：列王纪上下——旧约圣经注释,魏兹曼（D. J. Wiseman）,魏兹曼（D. J. Wiseman）是英国亚述学家与旧约研究者，曾参与大英博物馆和伦敦大学的古代近东研究工作。他的研究常将圣经文本与古代近东材料相互参照。,杨长慧,校园书房出版社,2000,中文,bible-study,圣经;旧约;注释;列王纪上下;丁道尔;丁道尔旧约圣经注释,《丁道尔：列王纪上下——旧约圣经注释》属于丁道尔旧约圣经注释系列，帮助读者理解列王纪上下的历史背景、经文脉络与神学信息。,,,5,,true,,版权受保护,false
cdl-000989,列王纪下 卷三 李保罗,,,,,,中文,bible-study,列王纪,,,,5,,true,,待核实,false
cdl-000990,列王纪下 卷四 李保罗,,,,,,中文,bible-study,列王纪,,,,5,,true,,待核实,false
cdl-003431,列王纪卷1,李保罗,,,,,中文,bible-study,列王纪,,,,5,,true,,待核实,false
cdl-003432,列王纪卷2,李保罗,,,,,中文,bible-study,列王纪,,,,5,,true,,待核实,false
cdl-003433,列王纪卷2,李保罗,,,,,中文,bible-study,列王纪,,,,5,,true,,待核实,false
cdl-003434,列王纪卷3,李保罗,,,,,中文,bible-study,列王纪,,,,5,,true,,待核实,false
cdl-003435,列王纪卷4,李保罗,,,,,中文,bible-study,列王纪,,,,5,,true,,待核实,false
cdl-003436,列王纪卷4,李保罗,,,,,中文,bible-study,列王纪,,,,5,,true,,待核实,false
cdl-000962,列王纪卷四：天道注释李保罗,,,,,,中文,bible-study,注释;列王纪,,,,5,,true,,待核实,false
cdl-003437,列王纵览,,,,,,中文,other,列王纪;旧约;圣经研究,,,,5,,true,,待核实,false
cdl-000971,列王记上下全景,,,,,,中文,bible-study,列王纪;旧约;圣经研究,,,https://christian-digital-library-assets.gioia-zheng-stud.workers.dev/covers/cdl-000971.jpg,5,https://christian-digital-library-assets.gioia-zheng-stud.workers.dev/previews/cdl-000971,true,,待核实,false
cdl-003438,列王记神学注释,,,,,,中文,bible-study,注释,,,,5,,true,,待核实,false
cdl-003439,列王记神学注释,,,,,,中文,bible-study,注释,,,,5,,true,,待核实,false
cdl-001615,刘三讲古生命塑造系列,品格蜡像馆,,,,,中文,other,,,,https://christian-digital-library-assets.gioia-zheng-stud.workers.dev/covers/cdl-001615.jpg,5,https://christian-digital-library-assets.gioia-zheng-stud.workers.dev/previews/cdl-001615,true,,待核实,false
cdl-003450,刘小枫主编,道与言 华夏文化与基督文化相遇,,,,,中文,other,基督教与中国文化;思想史;文化交流,,,,5,,true,,待核实,false
cdl-003440,那片流淌着奶和蜜的土地：女性主义神学景观,,,,三联书店,1995,中文,theology,神学;女性主义神学;历代基督教学术文库,,,,5,,true,,待核实,false
cdl-003441,论基督徒,,,,三联书店,1995,中文,theology,基督徒;神学;历代基督教学术文库,,,,5,,true,,待核实,false
cdl-003442,论怀疑者：哲学片断,,,,三联书店,1996,中文,theology,怀疑;哲学;神学;历代基督教学术文库,,,,5,,true,,待核实,false
cdl-003443,论隐秘的上帝,,,,三联书店,1996,中文,theology,上帝;神学;历代基督教学术文库,,,,5,,true,,待核实,false
cdl-003444,被钉十字架的上帝,莫尔特曼,,,上海三联书店,,中文,theology,基督教学术研究文库;十字架;基督论;神学,,,,5,,true,,待核实,false
cdl-003445,刘小枫主编 基督教学术研究文库 03 道与言 华夏文化与基督文化相遇,,,,,,中文,theology,基督,,,,5,,true,,待核实,false
cdl-003446,刘小枫主编 基督教学术研究文库 05 诠释学 宗教 希望 多元性与含混性,,,,,,中文,theology,基督,,,,5,,true,,待核实,false
cdl-003447,人是什么：从神学看当代人类学,潘能伯格,,,上海三联书店,,中文,theology,基督教学术研究文库;神学人类学;当代神学,,,,5,,true,,待核实,false
cdl-003448,生存神学与末世论,布尔特曼 等,,刘小枫 主编,上海三联书店,,中文,theology,基督教学术研究文库;末世论;存在神学;当代神学,,,,5,,true,,待核实,false
cdl-003449,自我认识：思想自传,别尔嘉耶夫,,,上海三联书店,,中文,theology,基督教学术研究文库;思想自传;俄罗斯思想;神学,,,,5,,true,,待核实,false
cdl-003451,刚强的人,,,,,,中文,other,男性;门徒训练;基督徒生活,,,,5,,true,,待核实,false
cdl-003452,创世六日,巴西尔,,,,,中文,other,创世记;创造论;教父;巴西尔,,,,5,,true,,待核实,false
cdl-003453,创世启示：创1-3章深度解析,亨利布洛,,,,,中文,other,创世记;创造论;旧约;圣经研究,,,,5,,true,,待核实,false
cdl-003454,创世启示：创1-3章深度解析,亨利布洛,,,,,中文,other,创世记;创造论;旧约;圣经研究,,,,5,,true,,待核实,false
cdl-003457,创世答问,,,,,,中文,other,创造论;护教;信仰问答,,,,5,,true,,待核实,false
cdl-003463,创世记,威士德曼,,,,,中文,bible-study,创世记;旧约;注释;圣经研究,,,,5,,true,,待核实,false
cdl-003459,创世纪(卷上),,,,,,中文,other,创世记;旧约;圣经研究,,,,5,,true,,待核实,false
cdl-003460,创世纪(卷上),,,,,,中文,other,创世记;旧约;圣经研究,,,,5,,true,,待核实,false
cdl-003461,创世纪3,邝炳钊,,,,,中文,other,创世记;旧约;邝炳钊;圣经研究,,,,5,,true,,待核实,false
cdl-003462,创世纪5,邝炳钊,,,,,中文,other,创世记;旧约;邝炳钊;圣经研究,,,,5,,true,,待核实,false
cdl-003464,创世纪中的福音,从自主到信靠,,,,,中文,other,创世记;福音;旧约;圣经研究,,,,5,,true,,待核实,false
cdl-003465,创世纪中的福音,从自主到信靠,,,,,中文,other,创世记;福音;旧约;圣经研究,,,,5,,true,,待核实,false
cdl-003466,创世纪中的福音从自主到信靠,,,,,,中文,other,创世记;福音;旧约;圣经研究,,,,0,,true,,待核实,false
cdl-003467,创世纪家谱,,,,,,中文,other,创世记;家谱;旧约;圣经研究,,,,5,,true,,待核实,false
cdl-002198,创世纪文学注释,罗伦 端纳,,,,,中文,bible-study,注释,,,,5,,true,,待核实,false
cdl-003468,创世纪是历史的15个理据,,,,,,中文,church-history,历史,,,,5,,true,,待核实,false
cdl-003469,创世纪注释 加尔文,,,,,,中文,bible-study,注释,,,,5,,true,,待核实,false
cdl-003470,创世纪点燃敬拜之火,,,,,,中文,spiritual-life,敬拜,,,,5,,true,,待核实,false
cdl-000468,创世纪的家谱,朴润植,,,,,中文,other,创世记;家谱;旧约;圣经研究,,,https://christian-digital-library-assets.gioia-zheng-stud.workers.dev/covers/cdl-000468.jpg,5,https://christian-digital-library-assets.gioia-zheng-stud.workers.dev/previews/cdl-000468,true,,待核实,false
cdl-002294,创世纪研究,魏司道,,,,,中文,other,创世记;旧约;圣经研究,,,,5,,true,,待核实,false
cdl-003471,创世纪研究,,,,,,中文,other,创世记;旧约;圣经研究,,,,5,,true,,待核实,false
cdl-003472,创世纪研究—魏司道,,,,,,中文,other,创世记;旧约;圣经研究,,,,5,,true,,待核实,false
cdl-003473,创世纪默想,,,,,,中文,other,创世记;默想;旧约;灵修,,,,5,,true,,待核实,false
cdl-000160,创世记,刘焕俊,,,,,中文,bible-study,创世记,,,https://christian-digital-library-assets.gioia-zheng-stud.workers.dev/covers/cdl-000160.jpg,5,https://christian-digital-library-assets.gioia-zheng-stud.workers.dev/previews/cdl-000160,true,,待核实,false
cdl-003483,创世记,冯象,,,,,中文,bible-study,创世记,,,,5,,true,,待核实,false
cdl-003474,创世记 1 11章,亚金森,,,,,中文,bible-study,创世记,,,,5,,true,,待核实,false
cdl-000858,创世记 1-11章,,,,,,中文,bible-study,创世记,,,,5,,true,,待核实,false
cdl-003475,创世记 2 出,,,,,,中文,bible-study,创世记,,,,5,,true,,待核实,false
cdl-003896,创世记（上）——国际释经系列,,,,,,中文,bible-study,圣经;旧约;创世记;国际释经,,,,5,,true,,待核实,false
cdl-003897,创世记（下）——国际释经系列,,,,,,中文,bible-study,圣经;旧约;创世记;国际释经,,,,5,,true,,待核实,false
cdl-003477,创世记1,邝炳钊,,,,,中文,bible-study,创世记,,,,5,,true,,待核实,false
cdl-003478,创世记2,邝炳钊,,,,,中文,bible-study,创世记,,,,5,,true,,待核实,false
cdl-003479,创世记3,邝炳钊,,,,,中文,bible-study,创世记,,,,5,,true,,待核实,false
cdl-003480,创世记4,邝炳钊,,,,,中文,bible-study,创世记,,,,5,,true,,待核实,false
cdl-003481,创世记5,邝炳钊,,,,,中文,bible-study,创世记,,,,5,,true,,待核实,false
cdl-001053,创世记：上,约翰 华尔顿,,,,,中文,bible-study,创世记,,,,5,,true,,待核实,false
cdl-001054,创世记：下,约翰 华尔顿,,,,,中文,bible-study,创世记,,,,5,,true,,待核实,false
cdl-003482,创世记：传说与译注,,,,,,中文,bible-study,创世记,,,,5,,true,,待核实,false
cdl-003484,创世记,冯象,,,,,中文,bible-study,创世记,,,,5,,true,,待核实,false
cdl-003485,创世记,冯象,,,,,中文,bible-study,创世记,,,,5,,true,,待核实,false
cdl-003486,创世记,冯象,,,,,中文,bible-study,创世记,,,,5,,true,,待核实,false
cdl-003476,创世记：解经讲道注释,,,,,,中文,bible-study,解经;注释;创世记,,,,5,,true,,待核实,false
cdl-003487,创世记—活道,,,,,,中文,bible-study,创世记,,,,5,,true,,待核实,false
cdl-003455,创世记一 三章深度解析,创世启示,,,,,中文,bible-study,创世记,,,,5,,true,,待核实,false
cdl-003456,创世记一 三章深度解析,创世启示,,,,,中文,bible-study,创世记,,,,5,,true,,待核实,false
cdl-002435,创世记中的福音：从自主到信靠,钟马田,,,,,中文,bible-study,创世记,,,,5,,true,,待核实,false
cdl-003488,创世记全套课程,,,,,,中文,bible-study,创世记,,,,5,,true,,待核实,false
cdl-003489,创世记全套课程,,,,,,中文,bible-study,创世记,,,,5,,true,,待核实,false
cdl-000545,创世记文学注释,罗伦 端纳,,,,,中文,bible-study,注释;创世记,,,,5,,true,,待核实,false
cdl-003490,创世记文学注释,罗伦 端纳,,,,,中文,bible-study,注释;创世记,,,,5,,true,,待核实,false
cdl-004817,创世记查经(校园),开天辟地,,,,,中文,bible-study,创世记,,,,5,,true,,待核实,false
cdl-003491,创世记注释 刘焕俊牧师,,,,,,中文,bible-study,注释;创世记,,,,5,,true,,待核实,false
cdl-002344,创世记略解：起初的书,黎附光,,,,,中文,bible-study,创世记,,,,5,,true,,待核实,false
cdl-001605,创世记的情与爱：从圣经第一卷书看两性关系,欧帕马·罗伯森,,,,,中文,bible-study,圣经;旧约;创世记;婚姻家庭,,,,5,,true,,待核实,false
cdl-003492,创意圣经教学,,,,,,中文,bible-study,圣经,,,,5,,true,,待核实,false
cdl-003493,创意圣经教学,,,,,,中文,bible-study,圣经,,,,5,,true,,待核实,false
cdl-003494,创意圣经教材,达非 罗宾斯,,,,,中文,bible-study,圣经,,,,0,,true,,待核实,false
cdl-003495,创意处理冲突,,,,,,中文,other,冲突处理;关系;辅导,,,,5,,true,,待核实,false
cdl-003496,创意处理冲突,,,,,,中文,other,冲突处理;关系;辅导,,,,5,,true,,待核实,false
cdl-003497,创意教学HIGH,李菲儿,,,,,中文,other,教学;创意教学;教育,,,,5,,true,,待核实,false
cdl-003498,创意教学HIGH,李菲儿,,,,,中文,other,教学;创意教学;教育,,,,5,,true,,待核实,false
cdl-003499,创意教育,校园教师事工组,,,,,中文,culture-society,教育,,,,5,,true,,待核实,false
cdl-001606,创意无界限：霍张佩斯,FOK GABIE,,,,,中文,other,,,,,5,,true,,待核实,false
cdl-003500,创意的生成,詹姆斯·韦伯·扬,,,,,中文,culture-society,创意;广告;写作;传播,,,,5,,true,,待核实,false
cdl-003501,创造，立约与复合,,,,,,中文,other,创造;立约;神学,,,,5,,true,,待核实,false
cdl-003502,创造，立约与复合,,,,,,中文,other,创造;立约;神学,,,,5,,true,,待核实,false
cdl-003503,创造、立约与复和(繁体),,,,,,中文,other,创造;立约;神学,,,,5,,true,,待核实,false
cdl-003504,创造与祝福,艾伦罗斯,,,,,中文,spiritual-life,祝福,,,,5,,true,,待核实,false
cdl-003505,创造与祝福,艾伦罗斯,,,,,中文,spiritual-life,祝福,,,,5,,true,,待核实,false
cdl-003506,创造与祝福,艾伦罗斯,,,,,中文,spiritual-life,祝福,,,,5,,true,,待核实,false
cdl-000539,创造中的上帝,约尔根 莫尔特曼,,,,,中文,theology,上帝,,,https://christian-digital-library-assets.gioia-zheng-stud.workers.dev/covers/cdl-000539.jpg,5,https://christian-digital-library-assets.gioia-zheng-stud.workers.dev/previews/cdl-000539,true,,待核实,false
cdl-003507,创造中的上帝,,,,,,中文,theology,上帝,,,,5,,true,,待核实,false
cdl-003510,创造中的上帝,,,,,,中文,theology,上帝,,,,5,,true,,待核实,false
cdl-003508,创造中的上帝 生态的创造论,,,,,,中文,theology,上帝,,,,5,,true,,待核实,false
cdl-003509,创造中的上帝 生态的创造论,,,,,,中文,theology,上帝,,,,5,,true,,待核实,false
cdl-002219,创造中的上帝：生态的创造论,莫尔特曼,,,,,中文,theology,上帝,,,,5,,true,,待核实,false
cdl-003511,创造神学与职场206,,,,,,中文,theology,神学,,,,5,,true,,待核实,false
cdl-003512,创造论奇妙故事,,,,,,中文,other,创造论;儿童;护教,,,,5,,true,,待核实,false
cdl-003513,创造论的明证,检视地球的起源,,,,,中文,other,创造论;地球起源;护教,,,,5,,true,,待核实,false
cdl-003514,初代教会书信,,,,,,中文,theology,教会,,,,5,,true,,待核实,false
cdl-003515,初信者儿童祈祷手册,,,,,,中文,reference,手册,,,,5,,true,,待核实,false
cdl-003516,初信者儿童祈祷手册,,,,,,中文,reference,手册,,,,5,,true,,待核实,false
cdl-003517,初信要义,,,,,,中文,other,初信造就;信仰入门;门徒训练,,,,5,,true,,待核实,false
cdl-003518,初信课程,,,,,,中文,other,初信造就;信仰入门;门徒训练,,,,5,,true,,待核实,false
cdl-000860,利、民 学生本,,,,,,中文,other,利未记;民数记;旧约;学生教材,,,https://christian-digital-library-assets.gioia-zheng-stud.workers.dev/covers/cdl-000860.jpg,5,https://christian-digital-library-assets.gioia-zheng-stud.workers.dev/previews/cdl-000860,true,,待核实,false
cdl-003519,利未記釋義1,,,,,,中文,bible-study,利未記,,,,5,,true,,待核实,false
cdl-003520,利未記釋義2,,,,,,中文,bible-study,利未記,,,,5,,true,,待核实,false
cdl-003521,利未記釋義3,,,,,,中文,bible-study,利未記,,,,5,,true,,待核实,false
cdl-003522,利未記釋義4,,,,,,中文,bible-study,利未記,,,,5,,true,,待核实,false
cdl-003523,利未記釋義5,,,,,,中文,bible-study,利未記,,,,5,,true,,待核实,false
cdl-003524,利未記釋義6,,,,,,中文,bible-study,利未記,,,,5,,true,,待核实,false
cdl-003525,利未記釋義7,,,,,,中文,bible-study,利未記,,,,5,,true,,待核实,false
cdl-003526,丁道尔：利未记——旧约圣经注释,哈里逊（R. K. Harrison）,哈里逊（R. K. Harrison）是旧约学者，曾任多伦多威克里夫学院旧约教授。他的研究涉及旧约导论、古代近东背景与摩西五经。,张心玮,校园书房出版社,2002,中文,bible-study,圣经;旧约;注释;利未记;丁道尔;丁道尔旧约圣经注释,《丁道尔：利未记——旧约圣经注释》属于丁道尔旧约圣经注释系列，帮助读者理解利未记的历史背景、经文脉络与神学信息。,,,5,,true,,版权受保护,false
cdl-003527,利未记上,洪同勉,,,,,中文,bible-study,利未记,,,,5,,true,,待核实,false
cdl-003528,利未记上,洪同勉,,,,,中文,bible-study,利未记,,,,5,,true,,待核实,false
cdl-003529,利未记下,洪同勉,,,,,中文,bible-study,利未记,,,,5,,true,,待核实,false
cdl-003530,利未记下,洪同勉,,,,,中文,bible-study,利未记,,,,5,,true,,待核实,false
cdl-003531,利未记全套课程,,,,,,中文,bible-study,利未记,,,,5,,true,,待核实,false
cdl-003532,利未记全景,,,,,,中文,bible-study,利未记,,,,5,,true,,待核实,false
cdl-003533,利玛窦与中国,,,,,,中文,other,利玛窦;中国教会史;中西交流,,,,5,,true,,待核实,false
cdl-003534,利玛窦与中西文化交流,,,,,,中文,culture-society,文化,,,,5,,true,,待核实,false
cdl-003535,利玛窦与徐光启,,,,,,中文,other,利玛窦;徐光启;中国教会史,,,,5,,true,,待核实,false
cdl-003536,利玛窦中国札记,,,,,,中文,other,利玛窦;中国教会史;中西交流,,,,5,,true,,待核实,false
cdl-003537,利玛窦中文译著,,,,,,中文,other,利玛窦;中文译著;中国教会史,,,,5,,true,,待核实,false
cdl-003538,利玛窦的神学思想,,,,,,中文,theology,神学,,,,5,,true,,待核实,false
cdl-003539,利玛窦的记忆宫殿,,,,,,中文,other,利玛窦;记忆术;中国教会史,,,,5,,true,,待核实,false
cdl-003540,别告诉我你懂PPT,,,,,,中文,other,,,,,5,,true,,待核实,false
cdl-003541,别埋没你的大脑,斯托得,,,,,中文,other,思想;门徒训练;史托德,,,,5,,true,,待核实,false
cdl-003542,别埋没你的大脑,斯托得,,,,,中文,other,思想;门徒训练;史托德,,,,5,,true,,待核实,false
cdl-003543,别尔嘉耶夫：自由的哲学,,,,,,中文,culture-society,哲学,,,,5,,true,,待核实,false
cdl-000161,到底是谁作神,,,,,,中文,other,,,,https://christian-digital-library-assets.gioia-zheng-stud.workers.dev/covers/cdl-000161.jpg,5,https://christian-digital-library-assets.gioia-zheng-stud.workers.dev/previews/cdl-000161,true,,待核实,false
cdl-003544,刻意练习 如何从新手到大师,,,,,,中文,other,,,,,5,,true,,待核实,false
cdl-000163,前车可鉴,弗朗西斯 薛华,,,,,中文,other,薛华;文化批判;思想史;基督教世界观,,,https://christian-digital-library-assets.gioia-zheng-stud.workers.dev/covers/cdl-000163.jpg,5,https://christian-digital-library-assets.gioia-zheng-stud.workers.dev/previews/cdl-000163,true,,待核实,false
cdl-000162,前车可鉴 西方思想文化的兴衰,弗兰西斯 薛华,,,,,中文,culture-society,文化,,,https://christian-digital-library-assets.gioia-zheng-stud.workers.dev/covers/cdl-000162.jpg,5,https://christian-digital-library-assets.gioia-zheng-stud.workers.dev/previews/cdl-000162,true,,待核实,false
cdl-000388,前车可鉴：西方思想文化的兴衰,薛华,,,,,中文,culture-society,文化,,,https://christian-digital-library-assets.gioia-zheng-stud.workers.dev/covers/cdl-000388.jpg,5,https://christian-digital-library-assets.gioia-zheng-stud.workers.dev/previews/cdl-000388,true,,待核实,false
cdl-003545,剑桥世界人类疾病史,肯尼斯 F 基普尔,,,,,中文,other,,,,,5,,true,,待核实,false
cdl-001264,剑桥基督教史第三卷,,,,,,中文,theology,基督,,,https://christian-digital-library-assets.gioia-zheng-stud.workers.dev/covers/cdl-001264.jpg,5,https://christian-digital-library-assets.gioia-zheng-stud.workers.dev/previews/cdl-001264,true,,待核实,false
cdl-001477,剑桥基督教史第九卷,,,,,,中文,theology,基督,,,,5,,true,,待核实,false
cdl-001211,剑桥基督教史第二卷,,,,,,中文,theology,基督,,,https://christian-digital-library-assets.gioia-zheng-stud.workers.dev/covers/cdl-001211.jpg,5,https://christian-digital-library-assets.gioia-zheng-stud.workers.dev/previews/cdl-001211,true,,待核实,false
cdl-001465,剑桥基督教史第八卷,,,,,,中文,theology,基督,,,,5,,true,,待核实,false
cdl-001446,剑桥基督教史第六卷,,,,,,中文,theology,基督,,,,5,,true,,待核实,false
cdl-001359,剑桥基督教史第四卷,,,,,,中文,theology,基督,,,https://christian-digital-library-assets.gioia-zheng-stud.workers.dev/covers/cdl-001359.jpg,5,https://christian-digital-library-assets.gioia-zheng-stud.workers.dev/previews/cdl-001359,true,,待核实,false
cdl-003546,剑桥插图大英帝国史,,,,,,中文,other,,,,,5,,true,,待核实,false
cdl-003547,剑桥插图宗教史,,,,,,中文,culture-society,宗教,,,,5,,true,,待核实,false
cdl-003548,剑桥插图法国史,,,,,,中文,other,,,,,5,,true,,待核实,false
cdl-000673,剖析耶稣的甚难之言,再认识耶稣,,,,,中文,other,耶稣;难解经文;福音书;圣经研究,,,,5,,true,,待核实,false
cdl-000164,創世記 卷上,约翰 华尔顿,,,,,中文,bible-study,創世記,,,https://christian-digital-library-assets.gioia-zheng-stud.workers.dev/covers/cdl-000164.jpg,5,https://christian-digital-library-assets.gioia-zheng-stud.workers.dev/previews/cdl-000164,true,,待核实,false
cdl-001607,力上加力的领导（一）：领导的异象与策略,狄守哲（Anthony D'Souza）,,,,,中文,pastoral,领导力;教会事奉,,,https://christian-digital-library-assets.gioia-zheng-stud.workers.dev/covers/cdl-001607.jpg,5,https://christian-digital-library-assets.gioia-zheng-stud.workers.dev/previews/cdl-001607,true,,待核实,false
cdl-000165,力阻狂轮朋霍费尔传,蕾娜特 温德,,,,,中文,church-history,朋霍费尔,,,https://christian-digital-library-assets.gioia-zheng-stud.workers.dev/covers/cdl-000165.jpg,5,https://christian-digital-library-assets.gioia-zheng-stud.workers.dev/previews/cdl-000165,true,,待核实,false
cdl-002217,劝勉希腊人,克莱门,,,,,中文,other,教父;早期教会;护教,,,,5,,true,,待核实,false
cdl-001344,提摩太前后书、提多书、腓利门书,,,,,,中文,bible-study,提摩太前书;提摩太后书;提多书;腓利门书;新约,,,https://christian-digital-library-assets.gioia-zheng-stud.workers.dev/covers/cdl-001344.jpg,5,https://christian-digital-library-assets.gioia-zheng-stud.workers.dev/previews/cdl-001344,true,,待核实,false
cdl-003555,加利利海的船,,,,,,中文,other,,,,,5,,true,,待核实,false
cdl-003556,加尔文,,,,,,中文,other,加尔文;人物传记;宗教改革,,,,5,,true,,待核实,false
cdl-003557,基督教要义（卷一）,加尔文,,,,,中文,theology,神学;系统神学;加尔文;基督教要义,,,,5,,true,,待核实,false
cdl-003558,基督教要义（卷三）,加尔文,,,,,中文,theology,神学;系统神学;加尔文;基督教要义,,,,5,,true,,待核实,false
cdl-003559,加尔文主义五要点,司蒂尔（David N. Steele）、汤玛斯（Curtis C. Thomas）,司蒂尔（David N. Steele）与汤玛斯（Curtis C. Thomas）合著《加尔文主义五要点》，系统介绍改革宗救恩论的历史、经文依据与主要论证。,,P&R Publishing,2004,中文,theology,加尔文主义;改革宗;救恩论;神学,本书系统介绍加尔文主义五要点的历史背景、神学含义与圣经根据，帮助读者理解改革宗救恩论的核心主张。,,,5,,true,,版权受保护,false
cdl-006309,加尔文主义导论,荣耀归于神,,,,,中文,theology,加尔文主义,,,,5,,true,,待核实,false
cdl-001095,加尔文传,现代西方文化的塑造者 英 阿利斯特 麦格拉斯,,,,,中文,church-history,加尔文传,,,https://christian-digital-library-assets.gioia-zheng-stud.workers.dev/covers/cdl-001095.jpg,5,https://christian-digital-library-assets.gioia-zheng-stud.workers.dev/previews/cdl-001095,true,,待核实,false
cdl-001096,加尔文传,现代西方文化的塑造者 英 阿利斯特 麦格拉斯,,,,,中文,church-history,加尔文传,,,https://christian-digital-library-assets.gioia-zheng-stud.workers.dev/covers/cdl-001096.jpg,5,https://christian-digital-library-assets.gioia-zheng-stud.workers.dev/previews/cdl-001096,true,,待核实,false
cdl-003560,加尔文传,茜亚 凡赫尔斯玛,,,,,中文,church-history,加尔文传,,,,5,,true,,待核实,false
cdl-000167,加拉太书,穆尔,,,,,中文,bible-study,加拉太,,,https://christian-digital-library-assets.gioia-zheng-stud.workers.dev/covers/cdl-000167.jpg,5,https://christian-digital-library-assets.gioia-zheng-stud.workers.dev/previews/cdl-000167,true,,待核实,false
cdl-000169,加拉太书,,,,,,中文,bible-study,加拉太,,,https://christian-digital-library-assets.gioia-zheng-stud.workers.dev/covers/cdl-000169.jpg,5,https://christian-digital-library-assets.gioia-zheng-stud.workers.dev/previews/cdl-000169,true,,待核实,false
cdl-003563,加拉太书,,,,,,中文,bible-study,加拉太,,,,5,,true,,待核实,false
cdl-003564,加拉太书,,,,,,中文,bible-study,加拉太,,,,5,,true,,待核实,false
cdl-003566,加拉太书,穆尔,,,,,中文,bible-study,加拉太,,,,5,,true,,待核实,false
cdl-003567,加拉太书,,,,,,中文,bible-study,加拉太,,,,5,,true,,待核实,false
cdl-003568,加拉太书,冯国泰,,,,,中文,bible-study,加拉太,,,,5,,true,,待核实,false
cdl-003569,加拉太书,史葛 麦克奈特,,,,,中文,bible-study,加拉太,,,,5,,true,,待核实,false
cdl-003570,加拉太书,斯托德,,,,,中文,bible-study,加拉太,,,,5,,true,,待核实,false
cdl-003898,加拉太书——国际释经系列,,,,,,中文,bible-study,圣经;新约;加拉太书;国际释经,,,,5,,true,,待核实,false
cdl-003565,加拉太书(国际释经应用系列),史葛 麦克奈特,,,,,中文,bible-study,释经;加拉太,,,,5,,true,,待核实,false
cdl-003571,加拉太书,斯托德,,,,,中文,bible-study,加拉太,,,,5,,true,,待核实,false
cdl-000168,加拉太书,穆尔,,,,,中文,bible-study,加拉太,,,https://christian-digital-library-assets.gioia-zheng-stud.workers.dev/covers/cdl-000168.jpg,5,https://christian-digital-library-assets.gioia-zheng-stud.workers.dev/previews/cdl-000168,true,,待核实,false
cdl-003572,加拉太书信释义,毛克礼,,,,,中文,bible-study,加拉太,,,,5,,true,,待核实,false
cdl-002409,加拉太书信释义：新约,毛克礼,,,,,中文,bible-study,新约;加拉太,,,,5,,true,,待核实,false
cdl-003573,加拉太书导论,,,,,,中文,bible-study,加拉太,,,,5,,true,,待核实,false
cdl-003574,加拉太书导论,,,,,,中文,bible-study,加拉太,,,,5,,true,,待核实,false
cdl-003575,加拉太书注释,马丁路德,,,,,中文,bible-study,注释;加拉太,,,,5,,true,,待核实,false
cdl-003576,加拉太书注释,马丁路德,,,,,中文,bible-study,注释;加拉太,,,,5,,true,,待核实,false
cdl-003577,加拉太书注释,麦克奈特,,,,,中文,bible-study,注释;加拉太,,,,5,,true,,待核实,false
cdl-003578,加拉太书注释,冯荫坤,,,,,中文,bible-study,注释;加拉太,,,,5,,true,,待核实,false
cdl-003582,加拉太书注释,马丁 路德,,,,,中文,bible-study,注释;加拉太,,,,5,,true,,待核实,false
cdl-003579,加拉太书注释,冯荫坤,,,,,中文,bible-study,注释;加拉太,,,,5,,true,,待核实,false
cdl-003580,加拉太书注释,冯荫坤,,,,,中文,bible-study,注释;加拉太,,,,5,,true,,待核实,false
cdl-003581,加拉太书注释,冯荫坤,,,,,中文,bible-study,注释;加拉太,,,,5,,true,,待核实,false
cdl-003583,加拉太书点燃 福音爆发力,Galations For You 提摩太 凯勒,,,,,中文,bible-study,加拉太,,,,5,,true,,待核实,false
cdl-003584,加拉太书研经十法,滕慕理,,,,,中文,bible-study,研经;加拉太,,,,5,,true,,待核实,false
cdl-000170,加拉太书简释,韩森,,,,,中文,bible-study,加拉太,,,https://christian-digital-library-assets.gioia-zheng-stud.workers.dev/covers/cdl-000170.jpg,5,https://christian-digital-library-assets.gioia-zheng-stud.workers.dev/previews/cdl-000170,true,,待核实,false
cdl-001156,加拉太书简释,韩森,,,,,中文,bible-study,加拉太,,,https://christian-digital-library-assets.gioia-zheng-stud.workers.dev/covers/cdl-001156.jpg,5,https://christian-digital-library-assets.gioia-zheng-stud.workers.dev/previews/cdl-001156,true,,待核实,false
cdl-003585,加拉太书简释,韩森,,,,,中文,bible-study,加拉太,,,,5,,true,,待核实,false
cdl-003586,加拉太书简释,韩森,,,,,中文,bible-study,加拉太,,,,5,,true,,待核实,false
cdl-003587,加拉太书简释,,,,,,中文,bible-study,加拉太,,,,5,,true,,待核实,false
cdl-000171,加拉太书讲解,菲力 莱肯,,,,,中文,bible-study,加拉太,,,https://christian-digital-library-assets.gioia-zheng-stud.workers.dev/covers/cdl-000171.jpg,5,https://christian-digital-library-assets.gioia-zheng-stud.workers.dev/previews/cdl-000171,true,,待核实,false
cdl-000172,加拉太书讲解,,,,,,中文,bible-study,加拉太,,,https://christian-digital-library-assets.gioia-zheng-stud.workers.dev/covers/cdl-000172.jpg,5,https://christian-digital-library-assets.gioia-zheng-stud.workers.dev/previews/cdl-000172,true,,待核实,false
cdl-003588,加拉太书讲解,菲力·莱肯,,,,,中文,bible-study,圣经;新约;加拉太书;释经,,,,5,,true,,待核实,false
cdl-003589,加拉太书讲解：改革宗研经系列第一卷,,,,,,中文,bible-study,研经;加拉太,,,,5,,true,,待核实,false
cdl-003590,加拉太书,,,,,,中文,bible-study,圣经;新约;加拉太书,,,,5,,true,,待核实,false
cdl-002537,加爾文教義,聖道與聖禮,,,,,中文,theology,教義,,,,5,,true,,待核实,false
cdl-003591,动荡世代的奥秘,梁斐生,,,,,中文,other,,,,,5,,true,,待核实,false
cdl-000173,劬劳的祭司,,,,,,中文,other,代祷;祷告;人物传记,,,https://christian-digital-library-assets.gioia-zheng-stud.workers.dev/covers/cdl-000173.jpg,5,https://christian-digital-library-assets.gioia-zheng-stud.workers.dev/previews/cdl-000173,true,,待核实,false
cdl-000174,劬劳的祭司,代祷使徒豪威尔,,,,,中文,other,代祷;祷告;人物传记,,,https://christian-digital-library-assets.gioia-zheng-stud.workers.dev/covers/cdl-000174.jpg,5,https://christian-digital-library-assets.gioia-zheng-stud.workers.dev/previews/cdl-000174,true,,待核实,false
cdl-003592,与神同在及属灵格言,劳伦斯,,,,,中文,spiritual-life,与神同在;灵修;劳伦斯,,,,5,,true,,待核实,false
cdl-000175,劳伦斯属灵格言,劳伦斯,,,,,中文,spiritual-life,属灵,,,https://christian-digital-library-assets.gioia-zheng-stud.workers.dev/covers/cdl-000175.jpg,5,https://christian-digital-library-assets.gioia-zheng-stud.workers.dev/previews/cdl-000175,true,,待核实,false
cdl-003593,勇于领导,,,,,,中文,other,领导力;勇气;教会事奉,,,,5,,true,,待核实,false
cdl-000176,勇守真道,魏尔斯,,,,,中文,other,真理;福音派;神学反思,,,https://christian-digital-library-assets.gioia-zheng-stud.workers.dev/covers/cdl-000176.jpg,5,https://christian-digital-library-assets.gioia-zheng-stud.workers.dev/previews/cdl-000176,true,,待核实,false
cdl-001608,勇守真道：魏尔斯,WELLS DAVID F,,,,,中文,other,真理;福音派;神学反思,,,https://christian-digital-library-assets.gioia-zheng-stud.workers.dev/covers/cdl-001608.jpg,5,https://christian-digital-library-assets.gioia-zheng-stud.workers.dev/previews/cdl-001608,true,,待核实,false
cdl-001999,勇闯新天地：暂新的处境化事奉模式,帕谢,,,,,中文,other,处境化;事奉模式;宣教,,,https://christian-digital-library-assets.gioia-zheng-stud.workers.dev/covers/cdl-001999.jpg,5,https://christian-digital-library-assets.gioia-zheng-stud.workers.dev/previews/cdl-001999,true,,待核实,false
cdl-002080,化异象为行动,乔治 巴拿,,,,,中文,other,异象;行动计划;领导力,,,,5,,true,,待核实,false
cdl-003594,化解愤怒,麦詹姆,,,,,中文,other,愤怒;心理辅导;情绪管理,,,,5,,true,,待核实,false
cdl-000290,北京市大学生基督徒聚会点个案研究,基督教研究,,,,,中文,theology,基督,,,,5,,true,,待核实,false
cdl-000674,匝凯下来吧：谈教友灵修,,,,,,中文,spiritual-life,灵修,,,,5,,true,,待核实,false
cdl-001596,使徒信经之诠释,区应毓,,,,,中文,theology,,,,https://christian-digital-library-assets.gioia-zheng-stud.workers.dev/covers/cdl-001596.jpg,5,https://christian-digital-library-assets.gioia-zheng-stud.workers.dev/previews/cdl-001596,true,,待核实,false
cdl-003656,历代志下（二）——天道圣经注释,区应毓,,,,,中文,bible-study,圣经;旧约;历代志下;注释;天道圣经注释,,,,5,,true,,待核实,false
cdl-003657,历代志下（三）——天道圣经注释,区应毓,,,,,中文,bible-study,圣经;旧约;历代志下;注释;天道圣经注释,,,,5,,true,,待核实,false
cdl-003658,历代志下（四）——天道圣经注释,区应毓,,,,,中文,bible-study,圣经;旧约;历代志下;注释;天道圣经注释,,,,5,,true,,待核实,false
cdl-003659,历代志下（五）——天道圣经注释,区应毓,,,,,中文,bible-study,圣经;旧约;历代志下;注释;天道圣经注释,,,,5,,true,,待核实,false
cdl-001953,医治,麦格纳,,,,,中文,spiritual-life,医治;灵修;生命成长,,,,5,,true,,待核实,false
cdl-002534,使徒信經之全釋,區應毓,,,,,中文,theology,,,,,5,,true,,待核实,false
cdl-002090,十个关乎神的谎言,吕德夏,,,,,中文,other,神论;信仰辨析;护教,,,,5,,true,,待核实,false
cdl-001271,十九世纪神学的临在性,第二章 重建超越性,,,,,中文,theology,神学,,,https://christian-digital-library-assets.gioia-zheng-stud.workers.dev/covers/cdl-001271.jpg,5,https://christian-digital-library-assets.gioia-zheng-stud.workers.dev/previews/cdl-001271,true,,待核实,false
cdl-003595,十二先知书,,,,,,中文,bible-study,十二先知书;旧约;先知书;圣经研究,,,,5,,true,,待核实,false
cdl-003596,十二先知书1,唐佑之,,,,,中文,bible-study,十二先知书;旧约;唐佑之;圣经研究,,,,5,,true,,待核实,false
cdl-003597,十二先知书2,唐佑之,,,,,中文,bible-study,十二先知书;旧约;唐佑之;圣经研究,,,,5,,true,,待核实,false
cdl-003598,十二先知书3,唐佑之,,,,,中文,bible-study,十二先知书;旧约;唐佑之;圣经研究,,,,5,,true,,待核实,false
cdl-003599,十二先知书4,唐佑之,,,,,中文,bible-study,十二先知书;旧约;唐佑之;圣经研究,,,,5,,true,,待核实,false
cdl-003600,十二先知书注释(一),,,,,,中文,bible-study,注释,,,,5,,true,,待核实,false
cdl-003601,十二先知书注释(三),,,,,,中文,bible-study,注释,,,,5,,true,,待核实,false
cdl-003602,十二先知书注释(二),,,,,,中文,bible-study,注释,,,,5,,true,,待核实,false
cdl-003603,十二先知书注释(四),,,,,,中文,bible-study,注释,,,,5,,true,,待核实,false
cdl-003605,十二小先知书默想,,,,,,中文,bible-study,十二先知书;默想;旧约;灵修,,,,5,,true,,待核实,false
cdl-003606,十字军骑士,,,,,,中文,church-history,十字军,,,,5,,true,,待核实,false
cdl-000891,十字架与当代中国教会,,,,,,中文,theology,十字架;教会,,,https://christian-digital-library-assets.gioia-zheng-stud.workers.dev/covers/cdl-000891.jpg,5,https://christian-digital-library-assets.gioia-zheng-stud.workers.dev/previews/cdl-000891,true,,待核实,false
cdl-000905,十字架与永恒,,,,,,中文,theology,十字架,,,,5,,true,,待核实,false
cdl-002088,十字架是天堂,孙大信,,,,,中文,theology,十字架,,,,5,,true,,待核实,false
cdl-003608,十字架的奥秘,,,,,,中文,theology,十字架,,,,5,,true,,待核实,false
cdl-003609,十字架的意义,,,,,,中文,theology,十字架,,,,5,,true,,待核实,false
cdl-003610,十字架讨厌的地方,曾劭恺,,,,,中文,theology,十字架,,,,3,,true,,待核实,false
cdl-003611,十条诫命详解,加尔文,,,,,中文,other,十诫;加尔文;律法;神学,,,,5,,true,,待核实,false
cdl-003612,十架与事奉,,,,,,中文,other,十字架;事奉;门徒训练,,,,5,,true,,待核实,false
cdl-003613,十架君王,,,,,,中文,other,十字架;基督论;救赎,,,,5,,true,,待核实,false
cdl-003614,十架牧养学：从哥林多前书学习教会建造,,,,,,中文,bible-study,哥林多,,,,5,,true,,待核实,false
cdl-003615,十架窄路,,,,,,中文,other,十字架;门徒训练;灵修,,,,5,,true,,待核实,false
cdl-003616,十步释经法,赖若翰,,,,,中文,bible-study,释经,,,,5,,true,,待核实,false
cdl-000179,十诫,波兰 基耶斯洛夫斯基,,,,,中文,theology,十诫;神学;伦理,,,https://christian-digital-library-assets.gioia-zheng-stud.workers.dev/covers/cdl-000179.jpg,5,https://christian-digital-library-assets.gioia-zheng-stud.workers.dev/previews/cdl-000179,true,,待核实,false
cdl-003617,十诫(莱肯),,,,,,中文,other,十诫;伦理;莱肯;基督徒生活,,,,5,,true,,待核实,false
cdl-001847,十诫人生,布里斯柯,,,,,中文,other,十诫;伦理;基督徒生活,,,https://christian-digital-library-assets.gioia-zheng-stud.workers.dev/covers/cdl-001847.jpg,5,https://christian-digital-library-assets.gioia-zheng-stud.workers.dev/previews/cdl-001847,true,,待核实,false
cdl-001935,千禧年：华人文化处境中的观点,邓绍光,,,,,中文,culture-society,文化,,,https://christian-digital-library-assets.gioia-zheng-stud.workers.dev/covers/cdl-001935.jpg,5,https://christian-digital-library-assets.gioia-zheng-stud.workers.dev/previews/cdl-001935,true,,待核实,false
cdl-003618,华·夏理逊 孩童面对的困境,,,,,,中文,other,,,,,0,,true,,待核实,false
cdl-003619,华人人际和谐与冲突：本土化的理论与研究,,,,,,中文,other,人际关系;冲突;华人文化;心理研究,,,,5,,true,,待核实,false
cdl-003620,华人基督教史人物辞典（一）,,,,,,中文,reference,辞典;人物;华人教会史,,,,5,,true,,待核实,false
cdl-003621,华人基督教史人物辞典（二）,,,,,,中文,reference,辞典;人物;华人教会史,,,,5,,true,,待核实,false
cdl-003622,华人教会普世宣教的桥梁,林安国,,,,,中文,missions,宣教,,,,0,,true,,待核实,false
cdl-003624,华夏神话简谭,,,,,,中文,other,中国神话;文化;思想史,,,,5,,true,,待核实,false
cdl-003625,华夏简谭,,,,,,中文,other,中国文化;思想史;华夏文明,,,,5,,true,,待核实,false
cdl-003626,华夏简谭,,,,,,中文,other,中国文化;思想史;华夏文明,,,,5,,true,,待核实,false
cdl-003627,华夏简谭,,,,,,中文,other,中国文化;思想史;华夏文明,,,,5,,true,,待核实,false
cdl-003628,华尔基 旧约神学,,,,,,中文,bible-study,旧约,,,,5,,true,,待核实,false
cdl-002352,华尔基旧约神学(上册),华尔基,,,,,中文,bible-study,旧约,,,,5,,true,,待核实,false
cdl-003631,华尔基旧约神学(上册),,,,,,中文,bible-study,旧约,,,,5,,true,,待核实,false
cdl-003632,华尔基旧约神学(下册),,,,,,中文,bible-study,旧约,,,,5,,true,,待核实,false
cdl-003633,华尔基旧约神学(下册),,,,,,中文,bible-study,旧约,,,,5,,true,,待核实,false
cdl-003634,华尔基旧约神学上册,,,,,,中文,bible-study,旧约,,,,5,,true,,待核实,false
cdl-003635,古道今释：如何宣讲和教导旧约信息,华德·凯瑟,,陶珍,,,中文,bible-study,圣经;旧约;释经;讲道;教导,,,,5,,true,,待核实,false
cdl-003736,古道今释：如何宣讲和教导旧约信息,华德·凯瑟（Walter C. Kaiser Jr.）,,,,,中文,pastoral,旧约;讲道;释经;华德凯瑟,,,,5,,true,,待核实,false
cdl-003636,华理克读经法,,,,,,中文,other,读经方法;圣经研究;华理克,,,,5,,true,,待核实,false
cdl-003637,华神 罗马书注释上册,,,,,,中文,bible-study,注释;罗马书,,,,5,,true,,待核实,false
cdl-003638,华神 罗马书注释下册,,,,,,中文,bible-study,注释;罗马书,,,,5,,true,,待核实,false
cdl-002277,华而基：旧约神学(下),华而基 Bruce K Waltke,,,,,中文,bible-study,旧约,,,,5,,true,,待核实,false
cdl-003639,协同书：路德教会信仰与教义之总集（第一册）,,,,,,中文,theology,路德宗;信条;教义;协同书,,,,5,,true,,待核实,false
cdl-003640,单身爱之语,盖瑞 查普曼,,,,,中文,other,单身;爱之语;关系;婚姻家庭,,,,5,,true,,待核实,false
cdl-006664,钱、性与权势,傅士德,,,,,中文,spiritual-life,金钱;性;权力;属灵操练,,,,5,,true,,待核实,false
cdl-003641,卡森解经讲道系列（七册合辑）,卡森,,,,,中文,bible-study,解经;讲道;圣经研究;卡森,本条目为卡森解经讲道系列合辑，包含耶稣与神国、保罗祷告、圣灵能力、十字架与事奉等主题。,,,5,,true,,待核实,false
cdl-002230,卢云眼中的梅顿,卢云,,,,,中文,other,卢云;梅顿;灵修;人物研究,,,,5,,true,,待核实,false
cdl-006401,卢云系列,认识祷告真意,,,,,中文,other,卢云;祷告;灵修,,,,5,,true,,待核实,false
cdl-003642,卢梭与大革命,,,,,,中文,other,卢梭;法国大革命;思想史;历史,,,,5,,true,,待核实,false
cdl-000187,卫道学概论,约翰 傅瑞姆,,,,,中文,other,卫道学;护教;约翰傅瑞姆;神学,,,https://christian-digital-library-assets.gioia-zheng-stud.workers.dev/covers/cdl-000187.jpg,5,https://christian-digital-library-assets.gioia-zheng-stud.workers.dev/previews/cdl-000187,true,,待核实,false
cdl-001917,卫道学概论,约翰 傅瑞姆,,,,,中文,other,卫道学;护教;约翰傅瑞姆;神学,,,,5,,true,,待核实,false
cdl-002641,危急中的伦理：巴特伦理学研究,,,,,,中文,culture-society,伦理,,,,5,,true,,待核实,false
cdl-000188,危险的心理学,张逸萍,,,,,中文,other,心理学;信仰辨析;辅导,,,https://christian-digital-library-assets.gioia-zheng-stud.workers.dev/covers/cdl-000188.jpg,5,https://christian-digital-library-assets.gioia-zheng-stud.workers.dev/previews/cdl-000188,true,,待核实,false
cdl-003643,卷01上帝与圣经(圣经教义与实践),,,,,,中文,bible-study,圣经,,,,5,,true,,待核实,false
cdl-000189,卿卿如晤,C S 路易斯,,,,,中文,other,C.S.路易斯;哀伤;书信;灵修,,,https://christian-digital-library-assets.gioia-zheng-stud.workers.dev/covers/cdl-000189.jpg,5,https://christian-digital-library-assets.gioia-zheng-stud.workers.dev/previews/cdl-000189,true,,待核实,false
cdl-003644,历代志上(卷一)(区应毓),,,,,,中文,bible-study,历代志,,,,5,,true,,待核实,false
cdl-003650,历代志上、下,梅以真,,,,,中文,bible-study,历代志,,,,5,,true,,待核实,false
cdl-003651,历代志上、下,梅以真,,,,,中文,bible-study,历代志,,,,5,,true,,待核实,false
cdl-003653,历代志上下,,,,,,中文,bible-study,历代志,,,,5,,true,,待核实,false
cdl-003654,历代志上下,梅以真,,,,,中文,bible-study,历代志,,,,5,,true,,待核实,false
cdl-001010,历代志上卷 鲍会园,,,,,,中文,bible-study,历代志,,,,5,,true,,待核实,false
cdl-003655,历代志下,区应毓,,,,,中文,bible-study,历代志,,,,5,,true,,待核实,false
cdl-003660,历代志下一,,,,,,中文,bible-study,历代志,,,,5,,true,,待核实,false
cdl-003661,历代志下二,,,,,,中文,bible-study,历代志,,,,5,,true,,待核实,false
cdl-000190,历代教会信条精选,,,,,,中文,theology,教会,,,https://christian-digital-library-assets.gioia-zheng-stud.workers.dev/covers/cdl-000190.jpg,5,https://christian-digital-library-assets.gioia-zheng-stud.workers.dev/previews/cdl-000190,true,,待核实,false
cdl-000191,历代教会信条精选,赵天恩,,,,,中文,theology,教会,,,https://christian-digital-library-assets.gioia-zheng-stud.workers.dev/covers/cdl-000191.jpg,5,https://christian-digital-library-assets.gioia-zheng-stud.workers.dev/previews/cdl-000191,true,,待核实,false
cdl-003662,历代教会信条精选,,,赵中辉,,,中文,theology,教会;信条;教义,,,,5,,true,,待核实,false
cdl-003663,历史中的十诫,让社会井然有序的摩西法规,,,,,中文,church-history,历史,,,,5,,true,,待核实,false
cdl-003664,历史书 旧约文学与神学(下),,,,,,中文,bible-study,旧约,,,,5,,true,,待核实,false
cdl-003665,历史书 旧约文学与神学(下),,,,,,中文,bible-study,旧约,,,,5,,true,,待核实,false
cdl-003666,历史学家与神学家,马歇尔,,,,,中文,church-history,历史,,,,5,,true,,待核实,false
cdl-003667,历史学的理论和实际,,,,,,中文,church-history,历史,,,,5,,true,,待核实,false
cdl-003668,历史帝王纪年表(自制),,,,,,中文,church-history,历史,,,,5,,true,,待核实,false
cdl-003669,历史是什么,,,,,,中文,church-history,历史,,,,5,,true,,待核实,false
cdl-003670,历史的观念,,,,,,中文,church-history,历史,,,,5,,true,,待核实,false
cdl-003671,历史的轨迹—两千年教会史,,,,,,中文,church-history,教会史;历史,,,,5,,true,,待核实,false
cdl-003672,历史神学,麦曷夫,,,,,中文,church-history,历史,,,,5,,true,,待核实,false
cdl-003673,历史遗留的证据,,,,,,中文,church-history,历史,,,,5,,true,,待核实,false
cdl-001169,压伤的芦苇,理查 薛伯斯,,,,,中文,other,清教徒;安慰;灵修;薛伯斯,,,,5,,true,,待核实,false
cdl-000675,原創文化與經典,,,,,,中文,culture-society,文化,,,https://christian-digital-library-assets.gioia-zheng-stud.workers.dev/covers/cdl-000675.jpg,5,https://christian-digital-library-assets.gioia-zheng-stud.workers.dev/previews/cdl-000675,true,,待核实,false
cdl-003675,海莱圣经手册：圣经概论,海莱（Henry H. Halley）,海莱（Henry H. Halley，1874-1965）是美国牧师与圣经教师，以《海莱圣经手册》闻名，长期致力于帮助普通读者认识圣经背景、结构与主要信息。,,证道出版社,1969,中文,reference,圣经;圣经手册;参考书,本书节选自《海莱圣经手册》，以概论方式介绍圣经结构、历史背景与主要信息，适合作为入门参考。,,,5,,true,,版权受保护,false
cdl-003674,海莱圣经手册：圣经源流,海莱（Henry H. Halley）,海莱（Henry H. Halley，1874-1965）是美国牧师与圣经教师，以《海莱圣经手册》闻名，长期致力于帮助普通读者认识圣经背景、结构与主要信息。,,证道出版社,1969,中文,reference,圣经;圣经手册;参考书,本书节选自《海莱圣经手册》，围绕圣经源流、背景与基本脉络，帮助读者建立圣经整体认识。,,,5,,true,,版权受保护,false
cdl-003676,参孙 神的大力士,,,,,,中文,other,参孙;士师记;旧约;圣经人物,,,,5,,true,,待核实,false
cdl-003677,又四十年,王明道,,,,,中文,other,王明道;中国教会史;见证,,,,5,,true,,待核实,false
cdl-003678,及时短讯,布道用途 于中旻,,,,,中文,other,布道;福音短文;于中旻,,,,5,,true,,待核实,false
cdl-003679,反基督：尼采论宗教文选,尼采,,,,,中文,culture-society,尼采;哲学;宗教批判,,,,5,,true,,待核实,false
cdl-003680,反堕胎宣传,,,,,,中文,other,生命伦理;堕胎;社会议题,,,,5,,true,,待核实,false
cdl-003681,反对合一 贾玉铭、基要主义与合一运动的纠结,郭伟联,,,,,中文,other,基要主义;合一运动;中国教会史,,,,5,,true,,待核实,false
cdl-006322,反對闡釋,蘇珊 桑塔格,,,,,中文,other,文学批评;阐释学;文化理论,,,,5,,true,,待核实,false
cdl-003682,反犹主义解析,,,,,,中文,other,反犹主义;犹太历史;社会思想,,,,5,,true,,待核实,false
cdl-003684,发展心理学,罗伯特,,,,,中文,other,发展心理学;心理学;教育,,,,5,,true,,待核实,false
cdl-003683,发展心理学,林崇德,,,,,中文,culture-society,发展心理学;心理学;教育,,,,5,,true,,待核实,false
cdl-003687,发现上帝,杨腓力,,,,,中文,theology,上帝,,,,5,,true,,待核实,false
cdl-003685,发现上帝 杨腓力,,,,,,中文,theology,上帝,,,,5,,true,,待核实,false
cdl-003686,发现上帝 杨腓力,,,,,,中文,theology,上帝,,,,5,,true,,待核实,false
cdl-002024,受伤的恋者：何西阿书今释,杨牧谷,,,,,中文,bible-study,何西阿,,,,5,,true,,待核实,false
cdl-003689,受伤的牧者,關费德,,,,,中文,other,牧者生命;医治;牧养关怀,,,,5,,true,,待核实,false
cdl-001612,受欢迎的人,约翰·麦斯威尔,,,,,中文,culture-society,人际关系;领导力;沟通;约翰·麦斯威尔,,,https://christian-digital-library-assets.gioia-zheng-stud.workers.dev/covers/cdl-001612.jpg,5,https://christian-digital-library-assets.gioia-zheng-stud.workers.dev/previews/cdl-001612,true,,待核实,false
cdl-003690,叙事学导论 罗钢,,,,,,中文,other,叙事学;文学理论;写作,,,,5,,true,,待核实,false
cdl-003691,叙事虚构作品 以色列 里蒙,凯南,,,,,中文,other,叙事学;文学理论;虚构作品,,,,5,,true,,待核实,false
cdl-003692,古代世界史,从苏美尔王表从天而降到古罗马帝国慢慢衰亡,,,,,中文,other,古代史;世界史;文明史,,,,5,,true,,待核实,false
cdl-003693,古代两河流域楔形文字经典举要,,,,,,中文,other,两河流域;楔形文字;古代近东,,,,5,,true,,待核实,false
cdl-000224,古代两河流域的创世神话与历史,国洪更,,,,,中文,church-history,历史,,,https://christian-digital-library-assets.gioia-zheng-stud.workers.dev/covers/cdl-000224.jpg,5,https://christian-digital-library-assets.gioia-zheng-stud.workers.dev/previews/cdl-000224,true,,待核实,false
cdl-003694,古代两河流域的文化,,,,,,中文,culture-society,文化,,,,5,,true,,待核实,false
cdl-003695,古代人的私生活,从古罗马到拜占庭,,,,,中文,other,古代史;罗马;拜占庭;社会生活,,,,5,,true,,待核实,false
cdl-003696,古代埃及史,,,,,,中文,other,古埃及;历史;文明史,,,,5,,true,,待核实,false
cdl-001289,古代基督信仰圣经注释：新约第三卷：马可福音,,,,,,中文,bible-study,圣经;新约;马可福音;注释;古代基督信仰圣经注释,,,,5,,true,,待核实,false
cdl-003698,古代基督信仰圣经注释：新约第三卷：马可福音,,,,,,中文,bible-study,圣经;新约;马可福音;注释;古代基督信仰圣经注释,,,,5,,true,,待核实,false
cdl-003699,古代基督信仰圣经注释：新约第三卷：马可福音,,,,,,中文,bible-study,圣经;新约;马可福音;注释;古代基督信仰圣经注释,,,,5,,true,,待核实,false
cdl-003700,古代基督信仰圣经注释：新约第三卷：马可福音,,,,,,中文,bible-study,圣经;新约;马可福音;注释;古代基督信仰圣经注释,,,,5,,true,,待核实,false
cdl-001319,古代基督信仰圣经注释：新约 VI：使徒行传,,,,,,中文,bible-study,圣经;新约;使徒行传;注释;古代基督信仰圣经注释,,,https://christian-digital-library-assets.gioia-zheng-stud.workers.dev/covers/cdl-001319.jpg,5,https://christian-digital-library-assets.gioia-zheng-stud.workers.dev/previews/cdl-001319,true,,待核实,false
cdl-001320,古代基督信仰圣经注释：新约 VI：使徒行传,,,,,,中文,bible-study,圣经;新约;使徒行传;注释;古代基督信仰圣经注释,,,https://christian-digital-library-assets.gioia-zheng-stud.workers.dev/covers/cdl-001320.jpg,5,https://christian-digital-library-assets.gioia-zheng-stud.workers.dev/previews/cdl-001320,true,,待核实,false
cdl-003701,古代基督信仰圣经注释：新约 VI：使徒行传,,,,,,中文,bible-study,圣经;新约;使徒行传;注释;古代基督信仰圣经注释,,,,5,,true,,待核实,false
cdl-003702,古代基督信仰圣经注释：新约 VI：使徒行传,,,,,,中文,bible-study,圣经;新约;使徒行传;注释;古代基督信仰圣经注释,,,,0,,true,,待核实,false
cdl-001434,古代基督信仰圣经注释：新约第十三卷：启示录,,,,,,中文,bible-study,圣经;新约;启示录;注释;古代基督信仰圣经注释,,,,5,,true,,待核实,false
cdl-001437,古代基督信仰圣经注释：新约第十三卷：启示录,,,,,,中文,bible-study,圣经;新约;启示录;注释;古代基督信仰圣经注释,,,,5,,true,,待核实,false
cdl-003703,古代基督信仰圣经注释：新约第十三卷：启示录,,,,,,中文,bible-study,圣经;新约;启示录;注释;古代基督信仰圣经注释,,,,5,,true,,待核实,false
cdl-003704,古代基督信仰圣经注释：新约第十三卷：启示录,,,,,,中文,bible-study,圣经;新约;启示录;注释;古代基督信仰圣经注释,,,,5,,true,,待核实,false
cdl-001417,古代基督信仰圣经注释：旧约 IV：约书亚记、士师记、路得记、撒母耳记上下,,,,,,中文,bible-study,圣经;旧约;约书亚记;士师记;路得记;撒母耳记;注释;古代基督信仰圣经注释,,,,5,,true,,待核实,false
cdl-001418,古代基督信仰圣经注释：旧约 IV：约书亚记、士师记、路得记、撒母耳记上下,,,,,,中文,bible-study,圣经;旧约;约书亚记;士师记;路得记;撒母耳记;注释;古代基督信仰圣经注释,,,,5,,true,,待核实,false
cdl-003705,古代基督信仰圣经注释：旧约 X：以赛亚书1–39章,,,,,,中文,bible-study,圣经;旧约;以赛亚书;注释;古代基督信仰圣经注释,,,,5,,true,,待核实,false
cdl-003706,古代基督信仰圣经注释：旧约 X：以赛亚书1–39章,,,,,,中文,bible-study,圣经;旧约;以赛亚书;注释;古代基督信仰圣经注释,,,,5,,true,,待核实,false
cdl-003697,古代基督信仰圣经注释：旧约 XI：以赛亚书40–66章（二）,,,,,,中文,bible-study,圣经;旧约;以赛亚书;注释;古代基督信仰圣经注释,,,,5,,true,,待核实,false
cdl-003707,古代基督信仰圣经注释：旧约 XI：以赛亚书40–66章,,,,,,中文,bible-study,圣经;旧约;以赛亚书;注释;古代基督信仰圣经注释,,,,5,,true,,待核实,false
cdl-003708,古代基督信仰圣经注释：旧约 XI：以赛亚书40–66章,,,,,,中文,bible-study,圣经;旧约;以赛亚书;注释;古代基督信仰圣经注释,,,,5,,true,,待核实,false
cdl-003709,古代基督信仰圣经注释：旧约 XI：以赛亚书40–66章,,,,,,中文,bible-study,圣经;旧约;以赛亚书;注释;古代基督信仰圣经注释,,,,5,,true,,待核实,false
cdl-001197,古代基督信仰圣经注释：旧约第十四卷：十二先知书,,,,,,中文,bible-study,圣经;旧约;小先知书;十二先知书;注释;古代基督信仰圣经注释,,,,5,,true,,待核实,false
cdl-003710,古代基督信仰圣经注释：旧约第十四卷：十二先知书,,,,,,中文,bible-study,圣经;旧约;小先知书;十二先知书;注释;古代基督信仰圣经注释,,,,5,,true,,待核实,false
cdl-003711,古代基督信仰圣经注释：旧约第十四卷：十二先知书,,,,,,中文,bible-study,圣经;旧约;小先知书;十二先知书;注释;古代基督信仰圣经注释,,,,5,,true,,待核实,false
cdl-003712,古代基督信仰圣经注释：旧约第十四卷：十二先知书,,,,,,中文,bible-study,圣经;旧约;小先知书;十二先知书;注释;古代基督信仰圣经注释,,,,5,,true,,待核实,false
cdl-001020,古代基督教史,徐怀启,,,,,中文,theology,基督,,,https://christian-digital-library-assets.gioia-zheng-stud.workers.dev/covers/cdl-001020.jpg,5,https://christian-digital-library-assets.gioia-zheng-stud.workers.dev/previews/cdl-001020,true,,待核实,false
cdl-003713,古代基督教史,,,,,,中文,theology,基督,,,,5,,true,,待核实,false
cdl-003714,古代教会史,毕尔麦尔,,,,,中文,church-history,教会史,,,,5,,true,,待核实,false
cdl-000291,古代教会对贞洁概念的初步探讨,基督教研究,,,,,中文,theology,教会,,,https://christian-digital-library-assets.gioia-zheng-stud.workers.dev/covers/cdl-000291.jpg,5,https://christian-digital-library-assets.gioia-zheng-stud.workers.dev/previews/cdl-000291,true,,待核实,false
cdl-003715,古代经注 公元1-800年 卷1,,,,,,中文,other,古代经注;教父;圣经注释,,,,5,,true,,待核实,false
cdl-003716,古代经注：林前后书(导言),,,,,,中文,other,哥林多书信;古代经注;教父,,,,5,,true,,待核实,false
cdl-003717,古代经注林前书1-10章,,,,,,中文,other,哥林多前书;古代经注;教父,,,,5,,true,,待核实,false
cdl-003718,古代经注林前书1-10章,,,,,,中文,other,哥林多前书;古代经注;教父,,,,5,,true,,待核实,false
cdl-003721,古以色列史,,,,,,中文,other,古以色列史;旧约背景;圣经历史,,,,5,,true,,待核实,false
cdl-003722,古以色列的敬拜要点指南,,,,,,中文,spiritual-life,敬拜,,,,5,,true,,待核实,false
cdl-003723,古修辞学 希腊文化与圣经诠释,,,,,,中文,bible-study,圣经,,,,5,,true,,待核实,false
cdl-003724,古典传统与自由教育,,,,,,中文,culture-society,教育,,,,5,,true,,待核实,false
cdl-003725,古埃及生活,,,,,,中文,other,古埃及;历史;社会生活,,,,5,,true,,待核实,false
cdl-003726,古埃及简史,,,,,,中文,church-history,简史,,,,5,,true,,待核实,false
cdl-003727,古巴比伦神话故事,,,,,,中文,other,巴比伦;神话;古代近东,,,,5,,true,,待核实,false
cdl-003728,古希伯来文明 起源和发展,,,,,,中文,other,希伯来文明;旧约背景;文明史,,,,5,,true,,待核实,false
cdl-003729,古希伯来文明 起源和发展,,,,,,中文,other,希伯来文明;旧约背景;文明史,,,,5,,true,,待核实,false
cdl-003730,古希腊语（新约）教程（卷一）,,,,,,中文,bible-study,新约;希腊语;原文;教材,,,,5,,true,,待核实,false
cdl-003731,古希腊语（新约）教程（卷二）,,,,,,中文,bible-study,新约;希腊语;原文;教材,,,,5,,true,,待核实,false
cdl-003732,古教会史1,,,,,,中文,church-history,教会史,,,,5,,true,,待核实,false
cdl-003733,古氏新约神学,,,,,,中文,bible-study,新约,,,,5,,true,,待核实,false
cdl-003734,古氏新约神学,,,,,,中文,bible-study,新约,,,,5,,true,,待核实,false
cdl-003735,古道今释 如何宣讲和教导旧约信息,华德凯瑟,,,,,中文,bible-study,旧约,,,,5,,true,,待核实,false
cdl-003737,古道今释(如何宣讲和教导旧约信息),,,,,,中文,bible-study,旧约,,,,5,,true,,待核实,false
cdl-003738,古道今释(如何宣讲和教导旧约信息),,,,,,中文,bible-study,旧约,,,,0,,true,,待核实,false
cdl-003739,古道新释(从使徒行传看以赛亚书中救赎历史的成全),鲍维均,,,,,中文,bible-study,以赛亚;使徒行传,,,,5,,true,,待核实,false
cdl-003741,古道正途,莱尔,,,,,中文,other,信仰根基;莱尔;基督徒生活,,,,5,,true,,待核实,false
cdl-003742,另一種信仰,,,,,,中文,theology,信仰,,,,5,,true,,待核实,false
cdl-003743,只夸基督十架,吕沛渊,,,,,中文,theology,基督,,,,5,,true,,待核实,false
cdl-000676,只有偏执狂才能生存,,,,,,中文,other,,,,https://christian-digital-library-assets.gioia-zheng-stud.workers.dev/covers/cdl-000676.jpg,5,https://christian-digital-library-assets.gioia-zheng-stud.workers.dev/previews/cdl-000676,true,,待核实,false
cdl-002148,叫父因儿子得荣耀：约翰福音读经札记,王国显,,,,,中文,bible-study,约翰福音,,,,5,,true,,待核实,false
cdl-003744,台灣基督長老教會對現今地方教會青年發展與增長之研究探討—以台南中會北門教會青年團契為例,,,,,,中文,theology,基督;教會,,,,5,,true,,待核实,false
cdl-003745,史前宗教,,,,,,中文,culture-society,宗教,,,,5,,true,,待核实,false
cdl-000194,史瑞納新約神學,史瑞纳,,,,,中文,bible-study,新約,,,https://christian-digital-library-assets.gioia-zheng-stud.workers.dev/covers/cdl-000194.jpg,5,https://christian-digital-library-assets.gioia-zheng-stud.workers.dev/previews/cdl-000194,true,,待核实,false
cdl-001143,史瑞納新約神學,史瑞纳,,,,,中文,bible-study,新約,,,https://christian-digital-library-assets.gioia-zheng-stud.workers.dev/covers/cdl-001143.jpg,5,https://christian-digital-library-assets.gioia-zheng-stud.workers.dev/previews/cdl-001143,true,,待核实,false
cdl-001842,史瑞纳新约神学：在基督里尊神为大,史瑞纳 Thomas Schreiner,,,,,中文,bible-study,新约,,,,5,,true,,待核实,false
cdl-003746,司可福圣经课程,,,,,,中文,bible-study,圣经,,,,5,,true,,待核实,false
cdl-000196,司布真传,阿诺德 达里茂,,,,,中文,other,司布真;人物传记;教会历史,,,https://christian-digital-library-assets.gioia-zheng-stud.workers.dev/covers/cdl-000196.jpg,5,https://christian-digital-library-assets.gioia-zheng-stud.workers.dev/previews/cdl-000196,true,,待核实,false
cdl-001805,各各他山的回响：新约圣经简介,Edward P Blair,,,,,中文,bible-study,圣经;新约,,,,5,,true,,待核实,false
cdl-003747,各各他的十字架,,,,,,中文,theology,十字架,,,,5,,true,,待核实,false
cdl-000197,合祂心意的人――撒母耳记上、下讲经记录,王国显downloadres,,,,,中文,bible-study,撒母耳,,,https://christian-digital-library-assets.gioia-zheng-stud.workers.dev/covers/cdl-000197.jpg,5,https://christian-digital-library-assets.gioia-zheng-stud.workers.dev/previews/cdl-000197,true,,待核实,false
cdl-000855,合神心意的敬拜,,,,,,中文,spiritual-life,敬拜,,,https://christian-digital-library-assets.gioia-zheng-stud.workers.dev/covers/cdl-000855.jpg,5,https://christian-digital-library-assets.gioia-zheng-stud.workers.dev/previews/cdl-000855,true,,待核实,false
cdl-003748,合神心意的门徒,,,,,,中文,spiritual-life,门徒,,,,5,,true,,待核实,false
cdl-003749,同床异梦,婚外情的转机,,,,,中文,other,婚外情;婚姻修复;婚姻家庭,,,,5,,true,,待核实,false
cdl-003750,同心同行,基督徒交友需知 吕沛渊,,,,,中文,other,交友;婚姻家庭;吕沛渊,,,,5,,true,,待核实,false
cdl-003751,同心坚信,巴刻,,,,,中文,other,信经;信仰根基;巴刻,,,,5,,true,,待核实,false
cdl-003752,同性与变性,關启文,,,,,中文,other,性伦理;同性恋;变性;公共议题,,,,5,,true,,待核实,false
cdl-003753,同性恋形成机制探析,李阳,,,,,中文,other,同性恋;心理研究;性伦理,,,,5,,true,,待核实,false
cdl-003754,同性恋的真相,,,,,,中文,other,同性恋;性伦理;信仰辨析,,,,5,,true,,待核实,false
cdl-003755,同性恋问题的道德探讨与法律应对,阎愚,,,,,中文,culture-society,法律,,,,5,,true,,待核实,false
cdl-000198,这是我的立场：马丁路德传,,,,,,中文,church-history,马丁路德;宗教改革;传记,,,https://christian-digital-library-assets.gioia-zheng-stud.workers.dev/covers/cdl-000198.jpg,5,https://christian-digital-library-assets.gioia-zheng-stud.workers.dev/previews/cdl-000198,true,,待核实,false
cdl-003756,名词解释,,,,,,中文,other,,,,,5,,true,,待核实,false
cdl-003757,后现代主义与神学知识的伦理,,,,,,中文,theology,神学,,,,5,,true,,待核实,false
cdl-003758,后现代主义的承诺与危险,,,,,,中文,other,后现代主义;文化批判;思想史,,,,5,,true,,待核实,false
cdl-003759,后现代敬拜,,,,,,中文,spiritual-life,敬拜,,,,5,,true,,待核实,false
cdl-003760,后现代文化与基督教,关启文 张国栋,,,,,中文,theology,基督,,,,5,,true,,待核实,false
cdl-002430,后现代社会中热爱真理的教会、行销型教会与新兴教会,勇守真道,,,,,中文,theology,教会,,,,5,,true,,待核实,false
cdl-003761,后现代神学,,,,,,中文,theology,神学,,,,5,,true,,待核实,false
cdl-001613,后现代青少年事工,东尼·琼斯（Tony Jones）,,,,,中文,pastoral,青少年;事工;后现代,,,,5,,true,,待核实,false
cdl-001701,向下扎根,西门 罗宾森,,,,,中文,other,门徒训练;生命扎根;基督徒生活,,,,5,,true,,待核实,false
cdl-003762,向东向东 再向东 从 圣经,探查夏商周三代,,,,,中文,bible-study,圣经,,,,5,,true,,待核实,false
cdl-003764,向前跑：别回头,刘墉 过,,,,,中文,other,,,,,5,,true,,待核实,false
cdl-006015,向尼希米学领导,祷告的领袖,,,,,中文,bible-study,尼希米,,,,5,,true,,待核实,false
cdl-006016,向尼希米学领导,祷告的领袖,,,,,中文,bible-study,尼希米,,,,5,,true,,待核实,false
cdl-006017,向尼希米学领导,祷告的领袖,,,,,中文,bible-study,尼希米,,,,5,,true,,待核实,false
cdl-003765,向神觉醒,,,,,,中文,other,灵修;向神觉醒;基督徒生活,,,,5,,true,,待核实,false
cdl-002053,向神觉醒：基督教信仰基础丛书（第三册）,詹姆斯·蒙哥马利·博伊斯,,,,,中文,theology,基础信仰;神学入门;基督教信仰,,,,0,,true,,待核实,false
cdl-003846,唯独基督十字架（二）,吕沛渊,,,,,中文,theology,十字架;基督论;吕沛渊,,,,5,,true,,待核实,false
cdl-005660,正本溯源话信（二）,吕沛渊,,,,,中文,theology,信仰根基;改革宗;吕沛渊,,,,5,,true,,待核实,false
cdl-000200,君尊的敬拜,齐克 尼斯 以萨迦,,,,,中文,spiritual-life,敬拜,,,https://christian-digital-library-assets.gioia-zheng-stud.workers.dev/covers/cdl-000200.jpg,5,https://christian-digital-library-assets.gioia-zheng-stud.workers.dev/previews/cdl-000200,true,,待核实,false
cdl-003766,君王的使者 陈若愚,,,,,,中文,other,宣教士;人物传记;教会事奉,,,,5,,true,,待核实,false
cdl-000202,君王的工人,,,,,,中文,other,事奉;工人训练;教会事奉,,,https://christian-digital-library-assets.gioia-zheng-stud.workers.dev/covers/cdl-000202.jpg,5,https://christian-digital-library-assets.gioia-zheng-stud.workers.dev/previews/cdl-000202,true,,待核实,false
cdl-003767,否定的現代性：理解阿多諾,,,,,,中文,other,阿多诺;现代性;哲学,,,,5,,true,,待核实,false
cdl-003768,听属灵伟人声音,,,,,,中文,spiritual-life,属灵,,,,5,,true,,待核实,false
cdl-003769,听属灵伟人声音,,,,,,中文,spiritual-life,属灵,,,,5,,true,,待核实,false
cdl-004971,启事录1,恩言善导,,,,,中文,other,启示录;新约;圣经研究,,,,5,,true,,待核实,false
cdl-003770,启示录,,,,,,中文,bible-study,圣经;新约;启示录,,,,5,,true,,待核实,false
cdl-003771,启示与真理,,,,,,中文,other,启示;真理;系统神学,,,,5,,true,,待核实,false
cdl-001436,启示录,,,,,,中文,bible-study,启示录,,,https://christian-digital-library-assets.gioia-zheng-stud.workers.dev/covers/cdl-001436.jpg,5,https://christian-digital-library-assets.gioia-zheng-stud.workers.dev/previews/cdl-001436,true,,待核实,false
cdl-003388,启示录,关于,,,,,中文,bible-study,启示录,,,,5,,true,,待核实,false
cdl-003774,启示录,狂波浪涛唱凯歌,,,,,中文,bible-study,启示录,,,,5,,true,,待核实,false
cdl-003775,启示录,庄逊,,,,,中文,bible-study,启示录,,,,5,,true,,待核实,false
cdl-003776,启示录,庄逊,,,,,中文,bible-study,启示录,,,,5,,true,,待核实,false
cdl-003777,启示录,鲍会园,,,,,中文,bible-study,启示录,,,,5,,true,,待核实,false
cdl-003778,启示录,鲍会园,,,,,中文,bible-study,启示录,,,,5,,true,,待核实,false
cdl-003779,启示录,庄逊,,,,,中文,bible-study,启示录,,,,5,,true,,待核实,false
cdl-003935,启示录——国际释经应用系列,,,,,,中文,bible-study,圣经;新约;启示录;国际释经应用,,,,5,,true,,待核实,false
cdl-003936,启示录——国际释经应用系列,,,,,,中文,bible-study,圣经;新约;启示录;国际释经应用,,,,5,,true,,待核实,false
cdl-003937,启示录——国际释经应用系列,,,,,,中文,bible-study,圣经;新约;启示录;国际释经应用,,,,5,,true,,待核实,false
cdl-003942,启示录——国际释经应用系列,,,,,,中文,bible-study,圣经;新约;启示录;国际释经应用,,,,5,,true,,待核实,false
cdl-003938,启示录（一至四章）——国际释经应用系列,,,,,,中文,bible-study,圣经;新约;启示录;国际释经应用,,,,5,,true,,待核实,false
cdl-003939,启示录（五至十三章）——国际释经应用系列,,,,,,中文,bible-study,圣经;新约;启示录;国际释经应用,,,,5,,true,,待核实,false
cdl-003940,启示录（十四至二十二章）——国际释经应用系列,,,,,,中文,bible-study,圣经;新约;启示录;国际释经应用,,,,5,,true,,待核实,false
cdl-003772,启示录(国际圣经注释应用),基纳,,,,,中文,bible-study,圣经;注释;启示录,,,,5,,true,,待核实,false
cdl-003773,启示录(环球新译本),单行本,,,,,中文,bible-study,启示录,,,,5,,true,,待核实,false
cdl-004972,启示录1,恩言善导,,,,,中文,bible-study,启示录,,,,5,,true,,待核实,false
cdl-004973,启示录3,恩言善导,,,,,中文,bible-study,启示录,,,,5,,true,,待核实,false
cdl-002326,启示录：其历史、与神学,陈嘉式,,,,,中文,bible-study,启示录,,,,5,,true,,待核实,false
cdl-001438,启示录：注释,鲍会园,,,,,中文,bible-study,注释;启示录,,,,5,,true,,待核实,false
cdl-002558,启示录全景,,,,,,中文,bible-study,启示录,,,,5,,true,,待核实,false
cdl-001124,启示录全景358,,,,,,中文,bible-study,启示录,,,https://christian-digital-library-assets.gioia-zheng-stud.workers.dev/covers/cdl-001124.jpg,5,https://christian-digital-library-assets.gioia-zheng-stud.workers.dev/previews/cdl-001124,true,,待核实,false
cdl-001440,启示录天道研经导读(庄逊),,,,,,中文,bible-study,研经;启示录,,,https://christian-digital-library-assets.gioia-zheng-stud.workers.dev/covers/cdl-001440.jpg,5,https://christian-digital-library-assets.gioia-zheng-stud.workers.dev/previews/cdl-001440,true,,待核实,false
cdl-002388,启示录导论：新约,吴献章,,,,,中文,bible-study,新约;启示录,,,,5,,true,,待核实,false
cdl-004443,启示录查经资料,夜尽见曙光,,,,,中文,bible-study,启示录,,,,5,,true,,待核实,false
cdl-004444,启示录查经资料,夜尽见曙光,,,,,中文,bible-study,启示录,,,,5,,true,,待核实,false
cdl-004445,启示录查经资料,夜尽见曙光,,,,,中文,bible-study,启示录,,,,5,,true,,待核实,false
cdl-004446,启示录查经资料,夜尽见曙光,,,,,中文,bible-study,启示录,,,,5,,true,,待核实,false
cdl-004447,启示录查经资料,夜尽见曙光,,,,,中文,bible-study,启示录,,,,5,,true,,待核实,false
cdl-004448,启示录查经资料,夜尽见曙光,,,,,中文,bible-study,启示录,,,,5,,true,,待核实,false
cdl-004449,启示录查经资料,夜尽见曙光,,,,,中文,bible-study,启示录,,,,5,,true,,待核实,false
cdl-000203,启示录注疏 上卷,罗伟,,,,,中文,bible-study,启示录,,,https://christian-digital-library-assets.gioia-zheng-stud.workers.dev/covers/cdl-000203.jpg,5,https://christian-digital-library-assets.gioia-zheng-stud.workers.dev/previews/cdl-000203,true,,待核实,false
cdl-000204,启示录注疏 下卷,罗伟,,,,,中文,bible-study,启示录,,,https://christian-digital-library-assets.gioia-zheng-stud.workers.dev/covers/cdl-000204.jpg,5,https://christian-digital-library-assets.gioia-zheng-stud.workers.dev/previews/cdl-000204,true,,待核实,false
cdl-001005,启示录注疏（下卷）,,,,,,中文,bible-study,圣经;新约;启示录;注释,,,,5,,true,,待核实,false
cdl-002457,启示录注释,张永信,,,,,中文,bible-study,注释;启示录,,,,5,,true,,待核实,false
cdl-003782,启示录注释,,,,,,中文,bible-study,注释;启示录,,,,5,,true,,待核实,false
cdl-003786,启示录注释,,,,,,中文,bible-study,注释;启示录,,,,5,,true,,待核实,false
cdl-003787,启示录注释,饶柏 孟恩斯,,,,,中文,bible-study,注释;启示录,,,,5,,true,,待核实,false
cdl-003783,启示录注释 上,罗伟,,,,,中文,bible-study,注释;启示录,,,,5,,true,,待核实,false
cdl-003784,启示录注释 下,罗伟,,,,,中文,bible-study,注释;启示录,,,,5,,true,,待核实,false
cdl-003785,启示录注释 中,罗伟,,,,,中文,bible-study,注释;启示录,,,,5,,true,,待核实,false
cdl-003788,启示录注释上,,,,,,中文,bible-study,注释;启示录,,,,5,,true,,待核实,false
cdl-003789,启示录注释上,罗伟,,,,,中文,bible-study,注释;启示录,,,,5,,true,,待核实,false
cdl-003790,启示录注释上,罗伟,,,,,中文,bible-study,注释;启示录,,,,5,,true,,待核实,false
cdl-003791,启示录注释下,罗伟,,,,,中文,bible-study,注释;启示录,,,,5,,true,,待核实,false
cdl-003792,启示录注释下,罗伟,,,,,中文,bible-study,注释;启示录,,,,5,,true,,待核实,false
cdl-003793,启示录注释中,,,,,,中文,bible-study,注释;启示录,,,,5,,true,,待核实,false
cdl-003794,启示录注释中,罗伟,,,,,中文,bible-study,注释;启示录,,,,5,,true,,待核实,false
cdl-003795,启示录的十堂课,,,,,,中文,bible-study,启示录,,,,5,,true,,待核实,false
cdl-002303,启示录研究,魏司道,,,,,中文,bible-study,启示录,,,,5,,true,,待核实,false
cdl-004926,启示录研究 韩威廉,得胜有余,,,,,中文,bible-study,启示录,,,,5,,true,,待核实,false
cdl-003796,启示录研究,魏司道,,,,,中文,bible-study,圣经;新约;启示录;研究,,,,5,,true,,待核实,false
cdl-002317,启示录要义,倪柝声,,,,,中文,bible-study,启示录,,,,5,,true,,待核实,false
cdl-000205,启示录解经,魏司道,,,,,中文,bible-study,解经;启示录,,,https://christian-digital-library-assets.gioia-zheng-stud.workers.dev/covers/cdl-000205.jpg,5,https://christian-digital-library-assets.gioia-zheng-stud.workers.dev/previews/cdl-000205,true,,待核实,false
cdl-003798,启示录解经 斯皮尔,,,,,,中文,bible-study,解经;启示录,,,,5,,true,,待核实,false
cdl-003797,启示录解经,斯皮尔,,,,,中文,bible-study,圣经;新约;启示录;解经,,,,5,,true,,待核实,false
cdl-002383,启示录讲解,王锦源,,,,,中文,bible-study,启示录,,,,5,,true,,待核实,false
cdl-001573,最后的启示：启示录诠释,,,,,,中文,bible-study,圣经;新约;启示录;释经,,,,5,,true,,待核实,false
cdl-000206,启示录逐卷查考,毕邁克,,,,,中文,bible-study,启示录,,,https://christian-digital-library-assets.gioia-zheng-stud.workers.dev/covers/cdl-000206.jpg,5,https://christian-digital-library-assets.gioia-zheng-stud.workers.dev/previews/cdl-000206,true,,待核实,false
cdl-000207,启示的哲学,赫尔曼 巴文克,,,,,中文,culture-society,哲学,,,https://christian-digital-library-assets.gioia-zheng-stud.workers.dev/covers/cdl-000207.jpg,5,https://christian-digital-library-assets.gioia-zheng-stud.workers.dev/previews/cdl-000207,true,,待核实,false
cdl-003799,启示的哲学,赫尔曼 巴文克,,,,,中文,culture-society,哲学,,,,5,,true,,待核实,false
cdl-003800,启示的哲学,巴文克,,,,,中文,culture-society,哲学,,,,5,,true,,待核实,false
cdl-002561,其實你不懂我的心,吳獻章,,,,,中文,pastoral,教牧辅导;沟通;心理关怀,,,,5,,true,,待核实,false
cdl-003801,吴思华牧师 系统神学,,,,,,中文,theology,神学;系统神学,,,,5,,true,,待核实,false
cdl-001970,告别抑郁,霍华德 斯通,,,,,中文,other,抑郁;心理辅导;关怀,,,,5,,true,,待核实,false
cdl-003802,呼召与回应 第1册 伦理神学总论,,,,,,中文,theology,神学,,,,5,,true,,待核实,false
cdl-000208,咄咄逼人的耶穌,马可盖利,,,,,中文,other,耶稣;福音书;门徒训练,,,https://christian-digital-library-assets.gioia-zheng-stud.workers.dev/covers/cdl-000208.jpg,5,https://christian-digital-library-assets.gioia-zheng-stud.workers.dev/previews/cdl-000208,true,,待核实,false
cdl-002239,和平篇章：祷告、抵抗、群体,卢云,,,,,中文,spiritual-life,祷告,,,,5,,true,,待核实,false
cdl-003803,和而不同：儒家与基督宗教对话的可能性,刘清平,,,,,中文,theology,基督,,,,5,,true,,待核实,false
cdl-003804,品格塑造增刊,,,,,,中文,other,品格塑造;门徒训练;教育,,,,5,,true,,待核实,false
cdl-003805,品格教育系列教师手册 第1集,,,,,,中文,reference,手册,,,,5,,true,,待核实,false
cdl-003806,品格教育系列教师手册 第2集,,,,,,中文,reference,手册,,,,5,,true,,待核实,false
cdl-003807,品格教育系列教师手册 第3集,,,,,,中文,reference,手册,,,,5,,true,,待核实,false
cdl-003808,品格教育系列教师手册 第4集,,,,,,中文,reference,手册,,,,5,,true,,待核实,false
cdl-003809,哈、亚、玛,唐佑之,,,,,中文,other,哈巴谷书;撒迦利亚书;玛拉基书;旧约,,,,5,,true,,待核实,false
cdl-003811,哈巴谷书 信心的跳跃,摩根等,,,,,中文,bible-study,哈巴谷,,,,5,,true,,待核实,false
cdl-002324,哈巴谷书：信心的跳跃,艾朗塞、摩根 等,,,,,中文,bible-study,圣经;旧约;哈巴谷书;信心,,,,5,,true,,待核实,false
cdl-002602,心智、知识与道德：哈耶克的道德哲学及其基础研究,,,,生活·读书·新知三联书店,,中文,culture-society,三联·哈佛燕京学术丛书;哈耶克;道德哲学;知识论,,,,5,,true,,待核实,false
cdl-003812,哈該書：撒迦利亞書 (王國顯),,,,,,中文,bible-study,哈該;撒迦利亞,,,,5,,true,,待核实,false
cdl-003813,哈该书、玛拉基书(人人圣经注释),沃尔夫,,,,,中文,bible-study,圣经;注释;哈该,,,,5,,true,,待核实,false
cdl-003814,哈该书研读,重建的挑战,,,,,中文,bible-study,哈该,,,,5,,true,,待核实,false
cdl-003815,哈该书研读,重建的挑战,,,,,中文,bible-study,哈该,,,,5,,true,,待核实,false
cdl-003816,哥林多书信,坎伯摩根,,,,,中文,bible-study,哥林多,,,,5,,true,,待核实,false
cdl-002555,哥林多书全景,,,,,,中文,bible-study,哥林多,,,,5,,true,,待核实,false
cdl-002332,哥林多前、后书》释义,汪维藩,,,,,中文,bible-study,哥林多,,,,5,,true,,待核实,false
cdl-000209,哥林多前书,卫斯理,,,,,中文,bible-study,哥林多,,,https://christian-digital-library-assets.gioia-zheng-stud.workers.dev/covers/cdl-000209.jpg,5,https://christian-digital-library-assets.gioia-zheng-stud.workers.dev/previews/cdl-000209,true,,待核实,false
cdl-000930,哥林多前书,冯国泰 李汤马,,,,,中文,bible-study,哥林多,,,,5,,true,,待核实,false
cdl-001330,哥林多前书,,,,,,中文,bible-study,哥林多,,,,5,,true,,待核实,false
cdl-001333,哥林多前书,冯国泰vs李汤马,,,,,中文,bible-study,哥林多,,,,5,,true,,待核实,false
cdl-003817,哥林多前书,,,,,,中文,bible-study,哥林多,,,,5,,true,,待核实,false
cdl-003819,哥林多前书,冯国泰 李汤马,,,,,中文,bible-study,哥林多,,,,5,,true,,待核实,false
cdl-003820,哥林多前书,黄浩仪,,,,,中文,bible-study,哥林多,,,,5,,true,,待核实,false
cdl-003821,哥林多前书,,,,,,中文,bible-study,哥林多,,,,5,,true,,待核实,false
cdl-003823,哥林多前书,黄浩仪,,,,,中文,bible-study,哥林多,,,,5,,true,,待核实,false
cdl-003899,哥林多前书——国际释经系列,,,,,,中文,bible-study,圣经;新约;哥林多前书;国际释经,,,,5,,true,,待核实,false
cdl-001334,哥林多前书(卷上)(黄浩仪),,,,,,中文,bible-study,哥林多,,,,5,,true,,待核实,false
cdl-003818,哥林多前书(国际释经应用系列),克雷格 布鲁姆伯格,,,,,中文,bible-study,释经;哥林多,,,,5,,true,,待核实,false
cdl-003822,哥林多前书（三）,,,,,,中文,bible-study,圣经;新约;哥林多前书,,,,5,,true,,待核实,false
cdl-001466,哥林多前书A4,,,,,,中文,bible-study,哥林多,,,,5,,true,,待核实,false
cdl-003825,哥林多前书信息,普瑞尔,,,,,中文,bible-study,哥林多,,,,5,,true,,待核实,false
cdl-003826,哥林多前书信息,普瑞尔,,,,,中文,bible-study,哥林多,,,,5,,true,,待核实,false
cdl-003827,哥林多前书信息,普瑞尔,,,,,中文,bible-study,哥林多,,,,5,,true,,待核实,false
cdl-001336,哥林多前书卷上,,,,,,中文,bible-study,哥林多,,,https://christian-digital-library-assets.gioia-zheng-stud.workers.dev/covers/cdl-001336.jpg,5,https://christian-digital-library-assets.gioia-zheng-stud.workers.dev/previews/cdl-001336,true,,待核实,false
cdl-000931,哥林多前书卷上：注释,黃浩仪,,,,,中文,bible-study,注释;哥林多,,,https://christian-digital-library-assets.gioia-zheng-stud.workers.dev/covers/cdl-000931.jpg,5,https://christian-digital-library-assets.gioia-zheng-stud.workers.dev/previews/cdl-000931,true,,待核实,false
cdl-001310,哥林多前书卷上：注释,黄浩仪,,,,,中文,bible-study,注释;哥林多,,,,5,,true,,待核实,false
cdl-003828,哥林多前书卷上：注释,黄浩仪,,,,,中文,bible-study,注释;哥林多,,,,5,,true,,待核实,false
cdl-003829,哥林多前后书释义，加尔文,,,,,,中文,bible-study,哥林多,,,,5,,true,,待核实,false
cdl-001332,哥林多前后書,,,,,,中文,bible-study,哥林多,,,https://christian-digital-library-assets.gioia-zheng-stud.workers.dev/covers/cdl-001332.jpg,5,https://christian-digital-library-assets.gioia-zheng-stud.workers.dev/previews/cdl-001332,true,,待核实,false
cdl-003830,哥林多前後書,艾德曼,,,,,中文,bible-study,哥林多,,,,5,,true,,待核实,false
cdl-003831,哥林多前後書,艾德曼,,,,,中文,bible-study,哥林多,,,,5,,true,,待核实,false
cdl-003833,哥林多后书,史艾德 史威廉,,,,,中文,bible-study,哥林多,,,,5,,true,,待核实,false
cdl-003834,哥林多后书,陈济民,,,,,中文,bible-study,哥林多,,,,5,,true,,待核实,false
cdl-003835,哥林多后书,陈济民,,,,,中文,bible-study,哥林多,,,,5,,true,,待核实,false
cdl-000940,哥林多后书：注释,陈济民,,,,,中文,bible-study,注释;哥林多,,,https://christian-digital-library-assets.gioia-zheng-stud.workers.dev/covers/cdl-000940.jpg,5,https://christian-digital-library-assets.gioia-zheng-stud.workers.dev/previews/cdl-000940,true,,待核实,false
cdl-003837,哥林多后书信息,巴尼特,,,,,中文,bible-study,哥林多,,,,5,,true,,待核实,false
cdl-003838,哥林多后书信息,巴尼特,,,,,中文,bible-study,哥林多,,,,5,,true,,待核实,false
cdl-003839,哥林多后书信息,巴尼特,,,,,中文,bible-study,哥林多,,,,5,,true,,待核实,false
cdl-003836,哥林多后书信息,张启珍,,,,,中文,bible-study,圣经;新约;哥林多后书;保罗书信,,,,5,,true,,待核实,false
cdl-001339,哥林多后书天道研经导读(史艾德等),,,,,,中文,bible-study,研经;哥林多,,,https://christian-digital-library-assets.gioia-zheng-stud.workers.dev/covers/cdl-001339.jpg,5,https://christian-digital-library-assets.gioia-zheng-stud.workers.dev/previews/cdl-001339,true,,待核实,false
cdl-003840,哥林多后书默想,梁家麟,,,,,中文,bible-study,哥林多,,,,5,,true,,待核实,false
cdl-003841,哥罗西，腓利门,冯国泰,,,,,中文,bible-study,腓利门,,,,5,,true,,待核实,false
cdl-000680,哲人心语：传道书研读(唐佑之),,,,,,中文,missions,传道,,,https://christian-digital-library-assets.gioia-zheng-stud.workers.dev/covers/cdl-000680.jpg,5,https://christian-digital-library-assets.gioia-zheng-stud.workers.dev/previews/cdl-000680,true,,待核实,false
cdl-000681,哲学中的圣经叙事：诠释学与神学研究,保罗 利科,,,,,中文,bible-study,圣经,,,,5,,true,,待核实,false
cdl-000210,哲学基础,阿奎那,,,,,中文,culture-society,哲学,,,https://christian-digital-library-assets.gioia-zheng-stud.workers.dev/covers/cdl-000210.jpg,5,https://christian-digital-library-assets.gioia-zheng-stud.workers.dev/previews/cdl-000210,true,,待核实,false
cdl-000682,哲学的慰借,波爱修斯,,,,,中文,culture-society,哲学,,,,5,,true,,待核实,false
cdl-000683,哲学的故事(下册),,,,,,中文,culture-society,哲学,,,https://christian-digital-library-assets.gioia-zheng-stud.workers.dev/covers/cdl-000683.jpg,5,https://christian-digital-library-assets.gioia-zheng-stud.workers.dev/previews/cdl-000683,true,,待核实,false
cdl-000684,哲學家時代：與思想大師的直接對話,,,,,,中文,culture-society,哲學,,,https://christian-digital-library-assets.gioia-zheng-stud.workers.dev/covers/cdl-000684.jpg,5,https://christian-digital-library-assets.gioia-zheng-stud.workers.dev/previews/cdl-000684,true,,待核实,false
cdl-000361,哲學解释學,意义的本體論,,,,,中文,culture-society,哲學,,,,5,,true,,待核实,false
cdl-003842,唇齿相依,张永信,,,,,中文,other,宣教;伙伴关系;教会事奉,,,,0,,true,,待核实,false
cdl-003843,唐代的袄教和摩尼教,,,,,,中文,other,祆教;摩尼教;唐代宗教史,,,,5,,true,,待核实,false
cdl-001621,圣洁完美,唐佑之,,,,,中文,theology,,,,,5,,true,,待核实,false
cdl-003262,俗世中的安息日操练（二）,唐慕华,,,,,中文,spiritual-life,安息日;属灵操练;唐慕华,,,,5,,true,,待核实,false
cdl-002096,唤醒平信徒：门徒训练的原理和实际,玉汗钦,,,,,中文,spiritual-life,门徒,,,,5,,true,,待核实,false
cdl-003844,唯一真神,,,,,,中文,other,神论;独一真神;系统神学,,,,5,,true,,待核实,false
cdl-003845,唯独圣经,唐佑之,,,,,中文,bible-study,圣经,,,,5,,true,,待核实,false
cdl-000213,唯独基督十字架,吕沛渊,,,,,中文,theology,十字架;基督,,,https://christian-digital-library-assets.gioia-zheng-stud.workers.dev/covers/cdl-000213.jpg,5,https://christian-digital-library-assets.gioia-zheng-stud.workers.dev/previews/cdl-000213,true,,待核实,false
cdl-003847,启导系列：传道书——天才的忏悔,李顺长,,,,,中文,bible-study,圣经;旧约;传道书;启导系列,,,,5,,true,,待核实,false
cdl-003849,啟導系列：基督的豐盛,李顺长,,,,,中文,theology,基督,,,,5,,true,,待核实,false
cdl-003850,啟導系列：恩典的滋味,李顺长,,,,,中文,theology,恩典,,,,5,,true,,待核实,false
cdl-003851,啟導系列：救恩的藍圖,李顺长,,,,,中文,theology,救恩,,,,5,,true,,待核实,false
cdl-003848,启导系列：箴言——智慧的花束,李顺长,,,,,中文,bible-study,圣经;旧约;箴言;启导系列,,,,5,,true,,待核实,false
cdl-003852,啟導系列：詩人的心扉,李顺长,,,,,中文,other,诗篇;诗歌;灵修,,,,5,,true,,待核实,false
cdl-003853,启示录,,,,,,中文,bible-study,圣经;新约;启示录,,,,5,,true,,待核实,false
cdl-003854,善与恶：存在与非存在：圣托马斯,阿奎那神正论评析,,,,,中文,other,神义论;阿奎那;哲学神学,,,,5,,true,,待核实,false
cdl-003855,善牧领袖,,,,,,中文,other,领导力;牧养;教会事奉,,,,5,,true,,待核实,false
cdl-003856,喜乐的泉源,怀爱伦,,,,,中文,spiritual-life,喜乐;灵修;基督徒生活,,,,5,,true,,待核实,false
cdl-003857,喜乐的流放者,,,,,,中文,other,流放;见证;信仰生命,,,,5,,true,,待核实,false
cdl-002243,喜乐秘籍：腓立比书,林汉星,,,,,中文,bible-study,腓立比,,,,5,,true,,待核实,false
cdl-003858,喜悦的旧约,杨腓力,,,校园书房出版社,,中文,bible-study,圣经;旧约;旧约导论,,,,5,,true,,待核实,false
cdl-003859,喜获新生,约翰 派博,,,,,中文,other,重生;约翰派博;救恩论,,,,5,,true,,待核实,false
cdl-003860,喜获新生,,,,,,中文,other,重生;救恩论;基督徒生活,,,,5,,true,,待核实,false
cdl-003861,喜马拉雅山的活石,,,,,,中文,other,宣教;见证;亚洲教会,,,,5,,true,,待核实,false
cdl-000217,喻道故事集,,,,,,中文,other,喻道故事;讲道材料;教会事奉,,,https://christian-digital-library-assets.gioia-zheng-stud.workers.dev/covers/cdl-000217.jpg,5,https://christian-digital-library-assets.gioia-zheng-stud.workers.dev/previews/cdl-000217,true,,待核实,false
cdl-003862,囚徒的困境,冯 诺伊曼 博弈论和原子弹之谜,,,,,中文,other,博弈论;思想史;社会科学,,,,5,,true,,待核实,false
cdl-003863,四书全译,,,,,,中文,other,四书;儒家;中国经典,,,,5,,true,,待核实,false
cdl-000218,四十不惑,格哈德 普劳泽,,,,,中文,other,中年;人生阶段;生命反思,,,https://christian-digital-library-assets.gioia-zheng-stud.workers.dev/covers/cdl-000218.jpg,5,https://christian-digital-library-assets.gioia-zheng-stud.workers.dev/previews/cdl-000218,true,,待核实,false
cdl-000219,四十天禁食战无不胜的能力,祖理斯 苏比,,,,,中文,other,禁食;祷告;属灵争战,,,https://christian-digital-library-assets.gioia-zheng-stud.workers.dev/covers/cdl-000219.jpg,5,https://christian-digital-library-assets.gioia-zheng-stud.workers.dev/previews/cdl-000219,true,,待核实,false
cdl-001877,四福音书的异与同：寻找福音书四位作者写作的目的和旨趣,庄新泉,,,,,中文,other,四福音书;福音书导论;圣经研究,,,,5,,true,,待核实,false
cdl-003864,四福音书解读,,,,,,中文,other,四福音书;福音书导论;圣经研究,,,,5,,true,,待核实,false
cdl-001849,四福音书解读：刘光耀，孙善玲,,,,,,中文,other,四福音书;福音书导论;圣经研究,,,,5,,true,,待核实,false
cdl-000560,四福音合参,耶稣生平,,,,,中文,other,四福音合参;耶稣生平;圣经研究,,,https://christian-digital-library-assets.gioia-zheng-stud.workers.dev/covers/cdl-000560.jpg,5,https://christian-digital-library-assets.gioia-zheng-stud.workers.dev/previews/cdl-000560,true,,待核实,false
cdl-002103,四福音合参,黄锡木,,,,,中文,other,四福音合参;耶稣生平;圣经研究,,,,5,,true,,待核实,false
cdl-002142,四福音真貌：福音书的素材，结构与主题,黄根生,,,,,中文,spiritual-life,与主,,,,5,,true,,待核实,false
cdl-003865,四福音评释系列 若望福音评释(上),,,,,,中文,other,约翰福音;福音书;圣经研究,,,,5,,true,,待核实,false
cdl-003866,四福音评释系列 若望福音评释(下),,,,,,中文,other,约翰福音;福音书;圣经研究,,,,5,,true,,待核实,false
cdl-000220,四种爱,C. S. 路易斯,,,,,中文,culture-society,爱;C.S.路易斯;伦理;基督徒生活,,,https://christian-digital-library-assets.gioia-zheng-stud.workers.dev/covers/cdl-000220.jpg,5,https://christian-digital-library-assets.gioia-zheng-stud.workers.dev/previews/cdl-000220,true,,待核实,false
cdl-001675,四种爱,刘易斯 C. S. Lewis,,,,,中文,culture-society,爱;C.S.路易斯;伦理;基督徒生活,,,https://christian-digital-library-assets.gioia-zheng-stud.workers.dev/covers/cdl-001675.jpg,5,https://christian-digital-library-assets.gioia-zheng-stud.workers.dev/previews/cdl-001675,true,,待核实,false
cdl-000007,回到正统,切斯特顿,,,,,中文,other,护教;正统信仰;切斯特顿;基督教经典,,,https://christian-digital-library-assets.gioia-zheng-stud.workers.dev/covers/cdl-000007.jpg,5,https://christian-digital-library-assets.gioia-zheng-stud.workers.dev/previews/cdl-000007,true,,待核实,false
cdl-000221,回到正统,切斯特顿,,,,,中文,other,护教;正统信仰;切斯特顿;基督教经典,,,https://christian-digital-library-assets.gioia-zheng-stud.workers.dev/covers/cdl-000221.jpg,5,https://christian-digital-library-assets.gioia-zheng-stud.workers.dev/previews/cdl-000221,true,,待核实,false
cdl-002441,回到正统,柴斯特顿 G K Chesterton,,,,,中文,other,护教;正统信仰;切斯特顿;基督教经典,,,,5,,true,,待核实,false
cdl-003867,回家学饶恕,史都普,,,,,中文,other,饶恕;家庭关系;医治,,,,5,,true,,待核实,false
cdl-001617,回家学饶恕,史都普;曼斯特勒,,,,,中文,spiritual-life,饶恕;家庭关系;医治;生命成长,,,,5,,true,,待核实,false
cdl-003868,回应上帝 用诗篇祷告,,,,,,中文,bible-study,诗篇,,,,5,,true,,待核实,false
cdl-003869,回应上帝 用诗篇祷告,毕德生,,,,,中文,bible-study,诗篇,,,,5,,true,,待核实,false
cdl-001618,回应上帝：用诗篇祷告,尤金·毕德生（Eugene H. Peterson）,,,,,中文,spiritual-life,诗篇;祷告;灵修,,,,5,,true,,待核实,false
cdl-001447,回归义路：罗马书,,,,,,中文,bible-study,罗马书,,,https://christian-digital-library-assets.gioia-zheng-stud.workers.dev/covers/cdl-001447.jpg,5,https://christian-digital-library-assets.gioia-zheng-stud.workers.dev/previews/cdl-001447,true,,待核实,false
cdl-003870,回归先知书(学生本),潘赵任君 吕鸿基,,,,,中文,bible-study,先知书;旧约;学生教材,,,,5,,true,,待核实,false
cdl-003871,回归先知书(学生本),潘赵任君 吕鸿基,,,,,中文,bible-study,先知书;旧约;学生教材,,,,5,,true,,待核实,false
cdl-003872,回归先知书(教师本),潘赵任君 吕鸿基,,,,,中文,bible-study,先知书;旧约;教师教材,,,,5,,true,,待核实,false
cdl-003873,回归耶路撒冷：完成大使命的呼召,,,,,,中文,other,宣教;大使命;中国教会,,,,5,,true,,待核实,false
cdl-003874,回教与基督教的研究,陈润棠,,,,,中文,theology,基督,,,,5,,true,,待核实,false
cdl-003875,回教基督教与学术文化,,,,,,中文,theology,基督,,,,5,,true,,待核实,false
cdl-003877,回来吧巴芭拉,,,,,,中文,other,家庭;祷告;见证,,,,5,,true,,待核实,false
cdl-003876,回来吧巴芭拉 祈祷回来的女儿：美 米勒,朱利安尼,,,,,中文,other,家庭;祷告;见证,,,,5,,true,,待核实,false
cdl-000222,因为他们不知道他们所做的,斯洛文尼亚 齐泽克,,,,,中文,other,齐泽克;哲学;文化理论,,,https://christian-digital-library-assets.gioia-zheng-stud.workers.dev/covers/cdl-000222.jpg,5,https://christian-digital-library-assets.gioia-zheng-stud.workers.dev/previews/cdl-000222,true,,待核实,false
cdl-000223,因为他们不知道他们所做的,斯洛文尼亚 齐泽克,,,,,中文,other,齐泽克;哲学;文化理论,,,https://christian-digital-library-assets.gioia-zheng-stud.workers.dev/covers/cdl-000223.jpg,5,https://christian-digital-library-assets.gioia-zheng-stud.workers.dev/previews/cdl-000223,true,,待核实,false
cdl-002261,因信称义：罗马书(卷一),博爱思,,,,,中文,bible-study,罗马书,,,,5,,true,,待核实,false
cdl-000893,因福音同事奉,,,,,,中文,other,福音;事奉;教会事奉,,,,5,,true,,待核实,false
cdl-003878,团契生活,,,,,,中文,other,团契生活;教会生活;群体,,,,5,,true,,待核实,false
cdl-003879,团契生活,,,,,,中文,other,团契生活;教会生活;群体,,,,5,,true,,待核实,false
cdl-001978,团队医治,理奥 汤玛士,,,,,中文,other,团队医治;牧养关怀;辅导,,,,5,,true,,待核实,false
cdl-003880,团队服侍,艾弗逊,,,,,中文,other,团队服侍;教会事奉;领导力,,,,5,,true,,待核实,false
cdl-003881,国家构建 21世纪的国家治理与世界秩序,弗朗西斯 福山,,,,,中文,other,国家治理;政治学;福山,,,,5,,true,,待核实,false
cdl-000889,国度的事奉,,,,,,中文,other,国度;事奉;教会事奉,,,,5,,true,,待核实,false
cdl-003882,国度的生命：用安息颠覆世界,唐慕华（Marva J. Dawn）,唐慕华（Marva J. Dawn，1948-2021）是神学家、作家和圣经教师，长期关注敬拜、安息、教会生活与基督徒在现代文化中的见证。,,,,中文,spiritual-life,安息;灵修;基督徒生活;文化,本书从安息与国度生活的角度反思现代社会的忙碌、消费和效率崇拜，邀请读者以敬拜和休息重新塑造基督徒生活。,,,5,,true,,版权受保护,false
cdl-003883,国度的生命：用安息颠覆世界,唐慕华（Marva J. Dawn）,唐慕华（Marva J. Dawn，1948-2021）是神学家、作家和圣经教师，长期关注敬拜、安息、教会生活与基督徒在现代文化中的见证。,,,,中文,spiritual-life,安息;灵修;基督徒生活;文化,本书从安息与国度生活的角度反思现代社会的忙碌、消费和效率崇拜，邀请读者以敬拜和休息重新塑造基督徒生活。,,,5,,true,,版权受保护,false
cdl-003884,国度的生命：用安息颠覆世界,唐慕华（Marva J. Dawn）,唐慕华（Marva J. Dawn，1948-2021）是神学家、作家和圣经教师，长期关注敬拜、安息、教会生活与基督徒在现代文化中的见证。,,,,中文,spiritual-life,安息;灵修;基督徒生活;文化,本书从安息与国度生活的角度反思现代社会的忙碌、消费和效率崇拜，邀请读者以敬拜和休息重新塑造基督徒生活。,,,5,,true,,版权受保护,false
cdl-002152,国度的真理,林道亮,,,,,中文,other,神国;神学;林道亮,,,,5,,true,,待核实,false
cdl-001619,国度神学：再思基督教的天堂观,陈俊伟,,,,,中文,theology,神学,,,https://christian-digital-library-assets.gioia-zheng-stud.workers.dev/covers/cdl-001619.jpg,5,https://christian-digital-library-assets.gioia-zheng-stud.workers.dev/previews/cdl-001619,true,,待核实,false
cdl-002282,国度神学：再思基督教的天堂观,陈俊伟 Isaac J Chen,,,,,中文,theology,神学,,,,5,,true,,待核实,false
cdl-003885,国际释经应用系列：以斯帖记,卡莲·乔布斯,,,,,中文,bible-study,圣经;旧约;以斯帖记;释经;国际释经应用系列,,,,5,,true,,待核实,false
cdl-003886,国际释经应用系列：约翰福音（卷上）,白基,,,,,中文,bible-study,圣经;新约;约翰福音;释经;国际释经应用系列,,,,5,,true,,待核实,false
cdl-003887,国际释经应用系列：约翰福音（卷下）,白基,,,,,中文,bible-study,圣经;新约;约翰福音;释经;国际释经应用系列,,,,5,,true,,待核实,false
cdl-003888,国际释经应用系列：使徒行传（卷上）,艾哲夫·费兰度,,,,,中文,bible-study,圣经;新约;使徒行传;释经;国际释经应用系列,,,,5,,true,,待核实,false
cdl-003889,国际释经应用系列：使徒行传（卷下）,艾哲夫·费兰度,,,,,中文,bible-study,圣经;新约;使徒行传;释经;国际释经应用系列,,,,5,,true,,待核实,false
cdl-003916,国际释经应用：以弗所书,斯诺德格拉斯,,,,,中文,bible-study,释经;以弗所,,,,5,,true,,待核实,false
cdl-003917,国际释经应用：以弗所书,斯诺德格拉斯,,,,,中文,bible-study,释经;以弗所,,,,5,,true,,待核实,false
cdl-003918,国际释经应用：以弗所书,斯诺德格拉斯,,,,,中文,bible-study,释经;以弗所,,,,5,,true,,待核实,false
cdl-003919,国际释经应用：以弗所书,斯诺德格拉斯,,,,,中文,bible-study,释经;以弗所,,,,5,,true,,待核实,false
cdl-003920,国际释经应用：以弗所书,斯诺德格拉斯,,,,,中文,bible-study,释经;以弗所,,,,5,,true,,待核实,false
cdl-003921,国际释经应用：以斯帖记,卡莲 乔布斯,,,,,中文,bible-study,释经;以斯帖,,,,5,,true,,待核实,false
cdl-003924,国际释经应用：出埃及记(上),彼得恩斯,,,,,中文,bible-study,释经;出埃及记,,,,5,,true,,待核实,false
cdl-003925,国际释经应用：出埃及记(下),彼得恩斯,,,,,中文,bible-study,释经;出埃及记,,,,5,,true,,待核实,false
cdl-003926,国际释经应用：创世记(卷上),约翰 华尔顿,,,,,中文,bible-study,释经;创世记,,,,5,,true,,待核实,false
cdl-003927,国际释经应用：创世记(卷下),约翰 华尔顿,,,,,中文,bible-study,释经;创世记,,,,5,,true,,待核实,false
cdl-003928,国际释经应用：加拉太书注释,麦克奈特,,,,,中文,bible-study,释经;注释;加拉太,,,,5,,true,,待核实,false
cdl-003929,国际释经应用：加拉太书注释,麦克奈特,,,,,中文,bible-study,释经;注释;加拉太,,,,5,,true,,待核实,false
cdl-003930,国际释经应用：加拉太书注释,麦克奈特,,,,,中文,bible-study,释经;注释;加拉太,,,,5,,true,,待核实,false
cdl-003931,国际释经应用：加拉太书注释,麦克奈特,,,,,中文,bible-study,释经;注释;加拉太,,,,5,,true,,待核实,false
cdl-003932,国际释经应用：加拉太书注释,麦克奈特,,,,,中文,bible-study,释经;注释;加拉太,,,,5,,true,,待核实,false
cdl-003933,国际释经应用：加拉太书注释,麦克奈特,,,,,中文,bible-study,释经;注释;加拉太,,,,5,,true,,待核实,false
cdl-003934,国际释经应用：加拉太书注释,麦克奈特,,,,,中文,bible-study,释经;注释;加拉太,,,,5,,true,,待核实,false
cdl-003941,国际释经应用：启示录,基纳,,,,,中文,bible-study,释经;启示录,,,,5,,true,,待核实,false
cdl-001505,国际释经应用：希伯来书,乔治·格思里,,,,,中文,bible-study,释经;希伯来书;国际释经应用,,,,5,,true,,待核实,false
cdl-003949,国际释经应用：帖撒罗尼迦前后书,麦克霍姆兹,,,,,中文,bible-study,释经;帖撒罗尼迦,,,,5,,true,,待核实,false
cdl-003950,国际释经应用：彼得前书,史葛 麦克奈特,,,,,中文,bible-study,释经;彼得前,,,,5,,true,,待核实,false
cdl-003951,国际释经应用：彼得前书,史葛 麦克奈特,,,,,中文,bible-study,释经;彼得前,,,,5,,true,,待核实,false
cdl-003952,国际释经应用：彼得前书,史葛 麦克奈特,,,,,中文,bible-study,释经;彼得前,,,,5,,true,,待核实,false
cdl-003953,国际释经应用：彼得前书,史葛 麦克奈特,,,,,中文,bible-study,释经;彼得前,,,,5,,true,,待核实,false
cdl-003962,国际释经应用：约翰书信,白基,,,,,中文,bible-study,释经,,,,5,,true,,待核实,false
cdl-003963,国际释经应用：约翰书信,白基,,,,,中文,bible-study,释经,,,,5,,true,,待核实,false
cdl-003964,国际释经应用：约翰书信,白基,,,,,中文,bible-study,释经,,,,5,,true,,待核实,false
cdl-003965,国际释经应用：约翰书信,白基,,,,,中文,bible-study,释经,,,,5,,true,,待核实,false
cdl-003966,国际释经应用：腓立比书,法兰克蒂尔曼,,,,,中文,bible-study,释经;腓立比,,,,5,,true,,待核实,false
cdl-003967,国际释经应用：路加福音,博克,,,,,中文,bible-study,释经;路加福音,,,,5,,true,,待核实,false
cdl-003968,国际释经应用：路加福音,达迪尔 博克,,,,,中文,bible-study,释经;路加福音,,,,5,,true,,待核实,false
cdl-003969,国际释经应用系列：以弗所书,,,,,,中文,bible-study,释经;以弗所,,,,5,,true,,待核实,false
cdl-003970,国际释经应用系列：以斯帖记,,,,,,中文,bible-study,释经;以斯帖,,,,5,,true,,待核实,false
cdl-002395,国际释经应用系列：但以理书,冲伯 朗曼三世,,,,,中文,bible-study,释经;但以理,,,,5,,true,,待核实,false
cdl-003550,国际释经应用系列：創世記(卷上),,,,,,中文,bible-study,释经;創世記,,,,5,,true,,待核实,false
cdl-003551,国际释经应用系列：創世記(卷上),,,,,,中文,bible-study,释经;創世記,,,,5,,true,,待核实,false
cdl-003552,国际释经应用系列：創世記(卷下),,,,,,中文,bible-study,释经;創世記,,,,5,,true,,待核实,false
cdl-003553,国际释经应用系列：創世記(卷下),,,,,,中文,bible-study,释经;創世記,,,,5,,true,,待核实,false
cdl-003971,国际释经应用系列：加拉太书,,,,,,中文,bible-study,释经;加拉太,,,,5,,true,,待核实,false
cdl-003780,国际释经应用系列：启示录,,,,,,中文,bible-study,释经;启示录,,,,5,,true,,待核实,false
cdl-003781,国际释经应用系列：启示录,,,,,,中文,bible-study,释经;启示录,,,,5,,true,,待核实,false
cdl-003824,哥林多前书——国际释经应用系列,克雷格·布鲁姆伯格,,,,,中文,bible-study,圣经;新约;哥林多前书;注释;国际释经应用系列,,,,5,,true,,待核实,false
cdl-003974,国际释经应用系列：希伯来书,,,,,,中文,bible-study,释经;希伯来书,,,,5,,true,,待核实,false
cdl-003972,国际释经应用系列：帖撒罗尼迦前书，帖撒罗尼迦后书,,,,,,中文,bible-study,释经;帖撒罗尼迦,,,,5,,true,,待核实,false
cdl-003975,国际释经应用系列：彼得前书,,,,,,中文,bible-study,释经;彼得前,,,,5,,true,,待核实,false
cdl-004896,国际释经应用系列：彼得前书,史葛 麦克奈特 Scot McKnight,,,,,中文,bible-study,释经;彼得前,,,,5,,true,,待核实,false
cdl-003973,国际释经应用系列：提摩太前书，提摩太后书，提多书,,,,,,中文,bible-study,释经;提摩太;提多书,,,,5,,true,,待核实,false
cdl-005658,国际释经应用系列：歌羅西書腓利門書,,,,,,中文,bible-study,释经;歌羅西;腓利門,,,,5,,true,,待核实,false
cdl-005659,国际释经应用系列：歌羅西書腓利門書,,,,,,中文,bible-study,释经;歌羅西;腓利門,,,,5,,true,,待核实,false
cdl-005687,国际释经应用系列：民數記,,,,,,中文,bible-study,释经;民數記,,,,5,,true,,待核实,false
cdl-005889,国际释经应用系列：申命記(卷上),,,,,,中文,bible-study,释经;申命記,,,,5,,true,,待核实,false
cdl-005890,国际释经应用系列：申命記(卷下),,,,,,中文,bible-study,释经;申命記,,,,0,,true,,待核实,false
cdl-003976,国际释经应用系列：约翰一，二，三书,,,,,,中文,bible-study,释经,,,,5,,true,,待核实,false
cdl-003977,图文 圣经外典,,,,,,中文,bible-study,圣经,,,,5,,true,,待核实,false
cdl-003978,图片两约之间四百年,,,,,,中文,other,两约中间期;圣经历史;图解,,,,5,,true,,待核实,false
cdl-003979,图片新约七十年,禢浩荣,,,香港天道,,中文,bible-study,圣经;新约;圣经历史,,,,5,,true,,待核实,false
cdl-003980,图解圣经故事：旧约,,,,,,中文,bible-study,圣经;旧约;圣经故事;图解,,,,5,,true,,待核实,false
cdl-000225,图解基督教,,,,,,中文,theology,基督,,,https://christian-digital-library-assets.gioia-zheng-stud.workers.dev/covers/cdl-000225.jpg,5,https://christian-digital-library-assets.gioia-zheng-stud.workers.dev/previews/cdl-000225,true,,待核实,false
cdl-003981,图解旧约圣经,不错,,,,,中文,bible-study,圣经;旧约,,,,5,,true,,待核实,false
cdl-003982,图解旧约圣经,,,,,,中文,bible-study,圣经;旧约,,,,5,,true,,待核实,false
cdl-003983,國度、教會、事奉,,,,,,中文,theology,教會,,,,5,,true,,待核实,false
cdl-003984,圖片兩約之間四百年,,,,,,中文,other,两约中间期;圣经历史;图解,,,,5,,true,,待核实,false
cdl-003985,圖解文化研究,,,,,,中文,culture-society,文化,,,,5,,true,,待核实,false
cdl-001620,圣乐季刊文摘系列,郑棣声,,,,,中文,other,圣乐;教会音乐;敬拜,,,https://christian-digital-library-assets.gioia-zheng-stud.workers.dev/covers/cdl-001620.jpg,5,https://christian-digital-library-assets.gioia-zheng-stud.workers.dev/previews/cdl-001620,true,,待核实,false
cdl-003986,圣乐综论一,罗炳良,,,,,中文,other,圣乐;教会音乐;敬拜,,,,5,,true,,待核实,false
cdl-002007,圣人与罪人：教宗的故事,伊曼 杜菲,,,,,中文,other,教宗史;教会历史;天主教,,,,5,,true,,待核实,false
cdl-001219,圣俗之间,,,,,,中文,other,圣俗关系;文化;基督徒生活,,,https://christian-digital-library-assets.gioia-zheng-stud.workers.dev/covers/cdl-001219.jpg,5,https://christian-digital-library-assets.gioia-zheng-stud.workers.dev/previews/cdl-001219,true,,待核实,false
cdl-003987,圣公会 公祷书,第二版,,,,,中文,other,圣公会;公祷书;礼仪,,,,5,,true,,待核实,false
cdl-003988,圣地与圣经 圣经世界的介绍,,,,,,中文,bible-study,圣经,,,,5,,true,,待核实,false
cdl-003989,圣地爱语：女性篇,薛查理,,,,,中文,spiritual-life,女性;圣地;灵修,,,,5,,true,,待核实,false
cdl-005087,圣多默神学,托马斯 阿奎那,,,,,中文,theology,神学,,,,5,,true,,待核实,false
cdl-001004,圣子福音,诺曼·梅勒,,,,,中文,culture-society,小说;耶稣;福音书想象,,,https://christian-digital-library-assets.gioia-zheng-stud.workers.dev/covers/cdl-001004.jpg,5,https://christian-digital-library-assets.gioia-zheng-stud.workers.dev/previews/cdl-001004,true,,待核实,false
cdl-003990,圣徒永恒的安息,巴克斯特,,,,,中文,other,永恒安息;巴克斯特;清教徒,,,,5,,true,,待核实,false
cdl-003991,圣徒的追求,,,,,,中文,other,圣徒生命;追求;基督徒生活,,,,5,,true,,待核实,false
cdl-001290,圣殿领袖探访耶稣,,,,,,中文,other,耶稣;圣殿;福音书,,,,5,,true,,待核实,false
cdl-003992,圣洁,莱尔,,,,,中文,spiritual-life,圣洁,,,,5,,true,,待核实,false
cdl-003993,圣洁,,,,,,中文,spiritual-life,圣洁,,,,5,,true,,待核实,false
cdl-001927,圣洁神学,约翰 韦伯斯特,,,,,中文,theology,神学,,,https://christian-digital-library-assets.gioia-zheng-stud.workers.dev/covers/cdl-001927.jpg,5,https://christian-digital-library-assets.gioia-zheng-stud.workers.dev/previews/cdl-001927,true,,待核实,false
cdl-003994,圣洁神学,,,,,,中文,theology,神学,,,,5,,true,,待核实,false
cdl-003995,圣洁让你想的不一样,,,,,,中文,spiritual-life,圣洁,,,,5,,true,,待核实,false
cdl-002180,圣灵,葛培理,,,,,中文,theology,圣灵,,,,5,,true,,待核实,false
cdl-002132,圣灵：超然生活之錀,白立德,,,,,中文,theology,圣灵,,,,5,,true,,待核实,false
cdl-001280,圣灵与基督徒生活,,,,,,中文,theology,基督;圣灵,,,https://christian-digital-library-assets.gioia-zheng-stud.workers.dev/covers/cdl-001280.jpg,5,https://christian-digital-library-assets.gioia-zheng-stud.workers.dev/previews/cdl-001280,true,,待核实,false
cdl-003996,圣灵古今论,陈济民 赖建国 蔡丽贞 王伟成,,,,,中文,theology,圣灵,,,,5,,true,,待核实,false
cdl-001912,圣灵古今论：从圣经、历史、神学看神的同在,陈济民、赖建国 等,,,,,中文,theology,圣灵;神学;圣经;教会历史,,,https://christian-digital-library-assets.gioia-zheng-stud.workers.dev/covers/cdl-001912.jpg,5,https://christian-digital-library-assets.gioia-zheng-stud.workers.dev/previews/cdl-001912,true,,待核实,false
cdl-003997,圣灵咱翱翔：在旧约里祷告,,,,,,中文,spiritual-life,圣灵;祷告;旧约,,,,5,,true,,待核实,false
cdl-003998,圣灵工作的神学课程,陈若愚,,,,,中文,theology,神学,,,,5,,true,,待核实,false
cdl-001770,圣灵工作的神学课题,陈若愚,,,,,中文,theology,神学,,,,5,,true,,待核实,false
cdl-001230,圣灵式基督教所缔造的中国本土教会杨天恩,,,,,,中文,theology,基督;圣灵;教会,,,,5,,true,,待核实,false
cdl-002225,圣灵权能大惊异：一位达拉斯神学院教授对灵恩的经历与反思,杰克 戴维,,,,,中文,theology,神学,,,,5,,true,,待核实,false
cdl-000226,圣灵的劝诫,亚当斯,,,,,中文,theology,圣灵,,,https://christian-digital-library-assets.gioia-zheng-stud.workers.dev/covers/cdl-000226.jpg,5,https://christian-digital-library-assets.gioia-zheng-stud.workers.dev/previews/cdl-000226,true,,待核实,false
cdl-003999,圣灵的大能,,,,,,中文,theology,圣灵,,,,5,,true,,待核实,false
cdl-004000,圣灵的奥秘,史普罗 SPROUL R C,,,,,中文,theology,圣灵,,,,5,,true,,待核实,false
cdl-001622,圣灵的奥秘：史普罗,SPROUL R C,,,,,中文,theology,圣灵,,,,5,,true,,待核实,false
cdl-004001,圣灵的工作,,,,,,中文,theology,圣灵,,,,5,,true,,待核实,false
cdl-000882,圣灵的工作与今日教会,访唐崇荣,,,,,中文,theology,圣灵;教会,,,,5,,true,,待核实,false
cdl-001727,圣灵的引导·动力的生活,唐崇荣,,,,,中文,theology,圣灵,,,https://christian-digital-library-assets.gioia-zheng-stud.workers.dev/covers/cdl-001727.jpg,5,https://christian-digital-library-assets.gioia-zheng-stud.workers.dev/previews/cdl-001727,true,,待核实,false
cdl-001882,圣灵的洗与圣灵充满,史达德,,,,,中文,theology,圣灵,,,,5,,true,,待核实,false
cdl-004002,圣灵的轨迹(使徒行传诠释),,,,,,中文,bible-study,使徒行传,,,,5,,true,,待核实,false
cdl-006903,圣灵的轨迹：使徒行传诠释,马有藻,,,,,中文,bible-study,使徒行传,,,,5,,true,,待核实,false
cdl-006424,圣灵篇 活石,讲道集,,,,,中文,theology,圣灵,,,,5,,true,,待核实,false
cdl-000227,圣灵论,卫斯理,,,,,中文,theology,圣灵,,,https://christian-digital-library-assets.gioia-zheng-stud.workers.dev/covers/cdl-000227.jpg,5,https://christian-digital-library-assets.gioia-zheng-stud.workers.dev/previews/cdl-000227,true,,待核实,false
cdl-000540,圣灵论,约翰欧文,,,,,中文,theology,圣灵,,,https://christian-digital-library-assets.gioia-zheng-stud.workers.dev/covers/cdl-000540.jpg,5,https://christian-digital-library-assets.gioia-zheng-stud.workers.dev/previews/cdl-000540,true,,待核实,false
cdl-000792,圣灵论,约翰欧文,,,,,中文,theology,圣灵,,,https://christian-digital-library-assets.gioia-zheng-stud.workers.dev/covers/cdl-000792.jpg,5,https://christian-digital-library-assets.gioia-zheng-stud.workers.dev/previews/cdl-000792,true,,待核实,false
cdl-000793,圣灵论,约翰欧文,,,,,中文,theology,圣灵,,,,5,,true,,待核实,false
cdl-004003,圣灵论,,,,,,中文,theology,圣灵,,,,5,,true,,待核实,false
cdl-001623,圣灵论：全球导览,韦利-马蒂·卡尔凯宁（Veli-Matti Karkkainen）,,,,,中文,theology,圣灵;神学;圣灵论,,,https://christian-digital-library-assets.gioia-zheng-stud.workers.dev/covers/cdl-001623.jpg,5,https://christian-digital-library-assets.gioia-zheng-stud.workers.dev/previews/cdl-001623,true,,待核实,false
cdl-001899,圣灵论：圣经中的圣灵、保惠师与圣灵论的发展史,丹尼尔·塔佩纳 等,,,,,中文,theology,圣灵;圣灵论;神学,,,https://christian-digital-library-assets.gioia-zheng-stud.workers.dev/covers/cdl-001899.jpg,5,https://christian-digital-library-assets.gioia-zheng-stud.workers.dev/previews/cdl-001899,true,,待核实,false
cdl-004004,圣灵论全球导览,,,,,,中文,theology,圣灵,,,,5,,true,,待核实,false
cdl-004005,圣灵降临 从新约看圣灵的恩赐,,,,,,中文,bible-study,新约,,,,5,,true,,待核实,false
cdl-002439,圣灵降临：由新约看圣灵的恩赐,葛富恩 Richard B Gaffin Jr,,,,,中文,bible-study,新约,,,,5,,true,,待核实,false
cdl-001910,圣灵降临与差传,薄华,,,,,中文,missions,差传,,,,5,,true,,待核实,false
cdl-000151,圣灵降临的叙事,刘小枫,,,,,中文,theology,圣灵,,,https://christian-digital-library-assets.gioia-zheng-stud.workers.dev/covers/cdl-000151.jpg,5,https://christian-digital-library-assets.gioia-zheng-stud.workers.dev/previews/cdl-000151,true,,待核实,false
cdl-004006,圣灵降临的叙事,,,,,,中文,theology,圣灵,,,,5,,true,,待核实,false
cdl-004007,圣牧箴言,,,,,,中文,bible-study,箴言,,,,5,,true,,待核实,false
cdl-001801,圣约：下卷,黄正吉,,,,,中文,other,圣约神学;改革宗;神学,,,,5,,true,,待核实,false
cdl-000228,圣约神学,雷默,,,,,中文,theology,神学,,,https://christian-digital-library-assets.gioia-zheng-stud.workers.dev/covers/cdl-000228.jpg,5,https://christian-digital-library-assets.gioia-zheng-stud.workers.dev/previews/cdl-000228,true,,待核实,false
cdl-000229,圣约神学,杨斌,,,,,中文,theology,神学,,,https://christian-digital-library-assets.gioia-zheng-stud.workers.dev/covers/cdl-000229.jpg,5,https://christian-digital-library-assets.gioia-zheng-stud.workers.dev/previews/cdl-000229,true,,待核实,false
cdl-005950,圣约神学初探,神圣盟约,,,,,中文,theology,神学,,,,5,,true,,待核实,false
cdl-004804,圣约神学导论,应许的神,,,,,中文,theology,神学,,,,5,,true,,待核实,false
cdl-004008,圣约神学讲义,,,,,,中文,theology,神学,,,,5,,true,,待核实,false
cdl-000166,圣经,,,,,,中文,bible-study,圣经,,,https://christian-digital-library-assets.gioia-zheng-stud.workers.dev/covers/cdl-000166.jpg,5,https://christian-digital-library-assets.gioia-zheng-stud.workers.dev/previews/cdl-000166,true,,待核实,false
cdl-000231,圣经,,,,,,中文,bible-study,圣经,,,https://christian-digital-library-assets.gioia-zheng-stud.workers.dev/covers/cdl-000231.jpg,5,https://christian-digital-library-assets.gioia-zheng-stud.workers.dev/previews/cdl-000231,true,,待核实,false
cdl-000232,圣经,巴特 艾尔曼,,,,,中文,bible-study,圣经,,,https://christian-digital-library-assets.gioia-zheng-stud.workers.dev/covers/cdl-000232.jpg,5,https://christian-digital-library-assets.gioia-zheng-stud.workers.dev/previews/cdl-000232,true,,待核实,false
cdl-000233,圣经历史地图集,,,,,,中文,bible-study,圣经;历史;地图;工具,,,https://christian-digital-library-assets.gioia-zheng-stud.workers.dev/covers/cdl-000233.jpg,5,https://christian-digital-library-assets.gioia-zheng-stud.workers.dev/previews/cdl-000233,true,,待核实,false
cdl-000234,圣经女性人物塑造中的诱惑和欺骗主题阐释,,,,,,中文,bible-study,圣经;女性;主题研究,,,https://christian-digital-library-assets.gioia-zheng-stud.workers.dev/covers/cdl-000234.jpg,5,https://christian-digital-library-assets.gioia-zheng-stud.workers.dev/previews/cdl-000234,true,,待核实,false
cdl-000235,圣经对中国法治的启示,,,,,,中文,culture-society,圣经;法治;中国;社会,,,https://christian-digital-library-assets.gioia-zheng-stud.workers.dev/covers/cdl-000235.jpg,5,https://christian-digital-library-assets.gioia-zheng-stud.workers.dev/previews/cdl-000235,true,,待核实,false
cdl-000236,圣经,,,,,,中文,bible-study,圣经,,,https://christian-digital-library-assets.gioia-zheng-stud.workers.dev/covers/cdl-000236.jpg,5,https://christian-digital-library-assets.gioia-zheng-stud.workers.dev/previews/cdl-000236,true,,待核实,false
cdl-000237,圣经：旧约和新约合订本,,,,,,中文,bible-study,圣经;旧约;新约,,,https://christian-digital-library-assets.gioia-zheng-stud.workers.dev/covers/cdl-000237.jpg,5,https://christian-digital-library-assets.gioia-zheng-stud.workers.dev/previews/cdl-000237,true,,待核实,false
cdl-000238,圣经,,,,,,中文,bible-study,圣经,,,https://christian-digital-library-assets.gioia-zheng-stud.workers.dev/covers/cdl-000238.jpg,5,https://christian-digital-library-assets.gioia-zheng-stud.workers.dev/previews/cdl-000238,true,,待核实,false
cdl-000239,圣经在中国的影响,,,,,,中文,culture-society,圣经;中国;文化,,,https://christian-digital-library-assets.gioia-zheng-stud.workers.dev/covers/cdl-000239.jpg,5,https://christian-digital-library-assets.gioia-zheng-stud.workers.dev/previews/cdl-000239,true,,待核实,false
cdl-000240,圣经的连贯性阐释,,,,,,中文,bible-study,圣经;释经;神学,,,https://christian-digital-library-assets.gioia-zheng-stud.workers.dev/covers/cdl-000240.jpg,5,https://christian-digital-library-assets.gioia-zheng-stud.workers.dev/previews/cdl-000240,true,,待核实,false
cdl-000241,圣经精读,,,,,,中文,bible-study,圣经;研经,,,https://christian-digital-library-assets.gioia-zheng-stud.workers.dev/covers/cdl-000241.jpg,5,https://christian-digital-library-assets.gioia-zheng-stud.workers.dev/previews/cdl-000241,true,,待核实,false
cdl-000242,圣经考古大发现,,,,,,中文,bible-study,圣经;考古;历史,,,https://christian-digital-library-assets.gioia-zheng-stud.workers.dev/covers/cdl-000242.jpg,5,https://christian-digital-library-assets.gioia-zheng-stud.workers.dev/previews/cdl-000242,true,,待核实,false
cdl-002590,圣经比较研究,,,,,,中文,bible-study,圣经;比较研究,,,,5,,true,,待核实,false
cdl-003719,圣经、古代美索不达米亚与文化研究,,,,,,中文,bible-study,圣经;古代近东;历史,,,,5,,true,,待核实,false
cdl-003720,圣经、古代美索不达米亚与文化研究,,,,,,中文,bible-study,圣经;古代近东;历史,,,,5,,true,,待核实,false
cdl-004124,圣经,,,,,,中文,bible-study,圣经,,,,5,,true,,待核实,false
cdl-005947,圣经：神圣的寓意,,,,,,中文,bible-study,圣经;寓意;释经,,,,5,,true,,待核实,false
cdl-004009,圣经，一本怎样的书,戴歌德,,,,,中文,bible-study,圣经,,,,5,,true,,待核实,false
cdl-004010,圣经1189各章内容提要(历史书),,,,,,中文,bible-study,圣经,,,,5,,true,,待核实,false
cdl-000230,圣经：一部历史,,,,,,中文,bible-study,圣经,,,https://christian-digital-library-assets.gioia-zheng-stud.workers.dev/covers/cdl-000230.jpg,5,https://christian-digital-library-assets.gioia-zheng-stud.workers.dev/previews/cdl-000230,true,,待核实,false
cdl-001734,圣经：今日之书,司徒德,,,,,中文,bible-study,圣经,,,,5,,true,,待核实,false
cdl-004011,圣经：神的道,卡尔楚门,,,,,中文,bible-study,圣经,,,,5,,true,,待核实,false
cdl-002437,圣经·四福音书：环球新译本,,,,,,中文,bible-study,圣经,,,,5,,true,,待核实,false
cdl-004012,圣经、诠释、宣讲 当代宣讲学的理论和实践,孙宝玲,,,,,中文,bible-study,圣经,,,,5,,true,,待核实,false
cdl-004013,圣经一本怎样的书,,,,,,中文,bible-study,圣经,,,,5,,true,,待核实,false
cdl-002069,圣经不陌生：与真理深入对话,华特 布鲁格曼,,,,,中文,bible-study,圣经,,,,5,,true,,待核实,false
cdl-002247,圣经与中国文化,李道生,,,,,中文,bible-study,圣经,,,,5,,true,,待核实,false
cdl-004014,圣经与枪炮 基督教与潮州社会(1860-1900),,,,,,中文,bible-study,圣经,,,,5,,true,,待核实,false
cdl-004015,圣经世界的婚姻与家庭,,,,,,中文,bible-study,圣经,,,,5,,true,,待核实,false
cdl-002068,圣经中宝贵的应许,史祈生,,,,,中文,bible-study,圣经,,,,5,,true,,待核实,false
cdl-002266,圣经中所有的比喻,骆其雅,,,,,中文,bible-study,圣经,,,,5,,true,,待核实,false
cdl-002287,圣经中所有的比喻,骆其雅,,,,,中文,bible-study,圣经,,,,5,,true,,待核实,false
cdl-002285,圣经中所有的王与后,骆其雅,,,,,中文,bible-study,圣经,,,,5,,true,,待核实,false
cdl-002284,圣经中所有的男子,骆其雅,,,,,中文,bible-study,圣经,,,,5,,true,,待核实,false
cdl-002265,圣经中所有的神迹,洛其雅,,,,,中文,bible-study,圣经,,,,0,,true,,待核实,false
cdl-004016,圣经中的伟人,,,,,,中文,bible-study,圣经,,,,5,,true,,待核实,false
cdl-004017,圣经中的国度真理,,,,,,中文,bible-study,圣经,,,,5,,true,,待核实,false
cdl-001624,圣经中的圣灵：霍斯理,HORTON STANLEY M,,,,,中文,bible-study,圣经,,,https://christian-digital-library-assets.gioia-zheng-stud.workers.dev/covers/cdl-001624.jpg,5,https://christian-digital-library-assets.gioia-zheng-stud.workers.dev/previews/cdl-001624,true,,待核实,false
cdl-002037,圣经中的圣经教导,梅当诺,,,,,中文,bible-study,圣经,,,,0,,true,,待核实,false
cdl-001825,圣经中的失败者：旧约人物选解,陈终道,,,,,中文,bible-study,圣经;旧约,,,,5,,true,,待核实,false
cdl-004018,圣经中的巴勒斯坦,,,,,,中文,bible-study,圣经,,,,5,,true,,待核实,false
cdl-004019,圣经中的希伯来人,郜荣,,,,,中文,bible-study,圣经,,,,5,,true,,待核实,false
cdl-004020,圣经中的希伯来人,郜荣,,,,,中文,bible-study,圣经,,,,5,,true,,待核实,false
cdl-002071,圣经中的得胜者：旧约人物选解,,,,,,中文,bible-study,圣经;旧约;圣经人物,,,,5,,true,,待核实,false
cdl-004021,圣经中的敬虔妇女,,,,,,中文,bible-study,圣经,,,,5,,true,,待核实,false
cdl-002013,圣经中的犹太习俗,姚正道,,,,,中文,bible-study,圣经,,,,5,,true,,待核实,false
cdl-004022,圣经中的谜语,,,,,,中文,bible-study,圣经,,,,5,,true,,待核实,false
cdl-001625,圣经中的领导者,吴献章,,,,,中文,bible-study,圣经,,,,5,,true,,待核实,false
cdl-001777,圣经中的食物,常春藤,,,,,中文,bible-study,圣经,,,,0,,true,,待核实,false
cdl-004023,圣经中的魔鬼及其社会伦理意义,林中泽,,,,,中文,bible-study,圣经,,,,5,,true,,待核实,false
cdl-004024,圣经之源 抄本、版本、译本与释经,马有澡,,,,,中文,bible-study,圣经;释经,,,,5,,true,,待核实,false
cdl-001758,圣经之谜：摩西出埃及与犹太人的起源,加力 格林伯格,,,,,中文,bible-study,圣经,,,,5,,true,,待核实,false
cdl-004025,圣经人物传,迈尔,,,,,中文,bible-study,圣经,,,,5,,true,,待核实,false
cdl-001452,圣经人物传:(上册)700,,,,,,中文,bible-study,圣经,,,https://christian-digital-library-assets.gioia-zheng-stud.workers.dev/covers/cdl-001452.jpg,5,https://christian-digital-library-assets.gioia-zheng-stud.workers.dev/previews/cdl-001452,true,,待核实,false
cdl-001453,圣经人物传:(下册)1420,,,,,,中文,bible-study,圣经,,,,5,,true,,待核实,false
cdl-001129,圣经人物素描,华伦 魏斯比,,,,,中文,bible-study,圣经,,,,5,,true,,待核实,false
cdl-004026,圣经信息：路得记 亚金森,,,,,,中文,bible-study,圣经;路得记,,,,5,,true,,待核实,false
cdl-001025,圣经信息系列,以斯贴,,,,,中文,bible-study,圣经,,,,5,,true,,待核实,false
cdl-001104,圣经信息系列,箴言,,,,,中文,bible-study,圣经,,,https://christian-digital-library-assets.gioia-zheng-stud.workers.dev/covers/cdl-001104.jpg,5,https://christian-digital-library-assets.gioia-zheng-stud.workers.dev/previews/cdl-001104,true,,待核实,false
cdl-002393,以弗所书——圣经信息系列,柯德纳;华勒斯,,,,,中文,bible-study,圣经;新约;以弗所书;圣经信息系列,,,,5,,true,,待核实,false
cdl-000970,圣经信息系列 列王记上下,,,,,,中文,bible-study,圣经,,,,5,,true,,待核实,false
cdl-000872,圣经信息系列 创世纪 12 50章,,,,,,中文,bible-study,圣经,,,https://christian-digital-library-assets.gioia-zheng-stud.workers.dev/covers/cdl-000872.jpg,5,https://christian-digital-library-assets.gioia-zheng-stud.workers.dev/previews/cdl-000872,true,,待核实,false
cdl-000861,圣经信息系列 创世记 1-11章,亚金森,,,,,中文,bible-study,圣经;创世记,,,,5,,true,,待核实,false
cdl-002281,圣经信息系列 创世记 1-11章,亚金森 David Atkinson,,,,,中文,bible-study,圣经;创世记,,,,0,,true,,待核实,false
cdl-000995,圣经信息系列 历代志上下,,,,,,中文,bible-study,圣经;历代志,,,https://christian-digital-library-assets.gioia-zheng-stud.workers.dev/covers/cdl-000995.jpg,5,https://christian-digital-library-assets.gioia-zheng-stud.workers.dev/previews/cdl-000995,true,,待核实,false
cdl-000942,圣经信息系列 撒母耳记上下,,,,,,中文,bible-study,圣经;撒母耳,,,,5,,true,,待核实,false
cdl-001103,圣经信息系列 箴言,亚金森,,,,,中文,bible-study,圣经;箴言,,,https://christian-digital-library-assets.gioia-zheng-stud.workers.dev/covers/cdl-001103.jpg,5,https://christian-digital-library-assets.gioia-zheng-stud.workers.dev/previews/cdl-001103,true,,待核实,false
cdl-000921,圣经信息系列：约书亚记（二）,,,,,,中文,bible-study,圣经;旧约;约书亚记;圣经信息系列,,,,5,,true,,待核实,false
cdl-002392,耶利米书——圣经信息系列,柯德纳;华勒斯,,,,,中文,bible-study,圣经;旧约;耶利米书;圣经信息系列,,,,5,,true,,待核实,false
cdl-001174,圣经信息系列：以赛亚书,,,,,,中文,bible-study,圣经;旧约;以赛亚书;圣经信息系列,,,,5,,true,,待核实,false
cdl-001016,以斯拉记、哈该书——圣经信息系列,,,,,,中文,bible-study,圣经信息系列;以斯拉记;哈该书,,,https://christian-digital-library-assets.gioia-zheng-stud.workers.dev/covers/cdl-001016.jpg,5,https://christian-digital-library-assets.gioia-zheng-stud.workers.dev/previews/cdl-001016,true,,待核实,false
cdl-001195,但以理书——圣经信息系列,,,,,,中文,bible-study,圣经信息系列;但以理书,,,https://christian-digital-library-assets.gioia-zheng-stud.workers.dev/covers/cdl-001195.jpg,5,https://christian-digital-library-assets.gioia-zheng-stud.workers.dev/previews/cdl-001195,true,,待核实,false
cdl-001251,圣经信息系列：书名待核,撒迦利亚,,,,,中文,bible-study,圣经,,,https://christian-digital-library-assets.gioia-zheng-stud.workers.dev/covers/cdl-001251.jpg,5,https://christian-digital-library-assets.gioia-zheng-stud.workers.dev/previews/cdl-001251,true,,待核实,false
cdl-001508,圣经信息系列（待整理）,,,,,,中文,bible-study,圣经信息系列;圣经,,,https://christian-digital-library-assets.gioia-zheng-stud.workers.dev/covers/cdl-001508.jpg,5,https://christian-digital-library-assets.gioia-zheng-stud.workers.dev/previews/cdl-001508,true,,待核实,false
cdl-001509,圣经信息系列（待整理）,,,,,,中文,bible-study,圣经信息系列;圣经,,,,5,,true,,待核实,false
cdl-001510,圣经信息系列（待整理）,,,,,,中文,bible-study,圣经信息系列;圣经,,,,5,,true,,待核实,false
cdl-002394,圣经信息系列：以弗所书——上帝的大家庭,约翰·斯托得（John R. W. Stott）,约翰·斯托得（John R. W. Stott，1921-2011）是英国牧师、神学家与圣经学者，长期服事伦敦万灵堂，并参与《洛桑信约》起草。他是二十世纪福音派重要代表之一，著有多部圣经注释、门徒训练和神学著作。,陈恩明,校园书房出版社,1997,中文,bible-study,圣经;新约;以弗所书;注释;圣经信息系列;斯托得,本书解释以弗所书的信息，特别关注神借着基督建立新群体、新生命和新关系的主题。,,,0,,true,,版权受保护,false
cdl-004058,圣经信息系列：以弗所书,,,,,,中文,bible-study,圣经;以弗所,,,,5,,true,,待核实,false
cdl-004041,圣经信息系列：以斯帖记,,,,,,中文,bible-study,圣经;以斯帖,,,,5,,true,,待核实,false
cdl-001191,圣经信息系列：以西结书,,,,,,中文,bible-study,圣经;以西结,,,https://christian-digital-library-assets.gioia-zheng-stud.workers.dev/covers/cdl-001191.jpg,5,https://christian-digital-library-assets.gioia-zheng-stud.workers.dev/previews/cdl-001191,true,,待核实,false
cdl-004050,圣经信息系列：以西结书,,,,,,中文,bible-study,圣经;以西结,,,,5,,true,,待核实,false
cdl-001173,圣经信息系列：以赛亚书,韦伯,,,,,中文,bible-study,圣经;以赛亚,,,,5,,true,,待核实,false
cdl-004051,圣经信息系列：以赛亚书,,,,,,中文,bible-study,圣经;以赛亚,,,,5,,true,,待核实,false
cdl-001125,圣经信息系列：传道书,,,,,,中文,bible-study,圣经,,,,5,,true,,待核实,false
cdl-004052,圣经信息系列：传道书,,,,,,中文,bible-study,圣经,,,,5,,true,,待核实,false
cdl-001201,圣经信息系列：何西阿书,,,,,,中文,bible-study,圣经;何西阿,,,,5,,true,,待核实,false
cdl-004044,圣经信息系列：何西阿书,,,,,,中文,bible-study,圣经;何西阿,,,,5,,true,,待核实,false
cdl-001311,圣经信息系列：使徒行传,,,,,,中文,bible-study,圣经;使徒行传,,,https://christian-digital-library-assets.gioia-zheng-stud.workers.dev/covers/cdl-001311.jpg,5,https://christian-digital-library-assets.gioia-zheng-stud.workers.dev/previews/cdl-001311,true,,待核实,false
cdl-001229,圣经信息系列：俄巴底亚书、那鸿书、西番雅书,,,,,,中文,bible-study,圣经;俄巴底亚;那鸿,,,,5,,true,,待核实,false
cdl-004046,圣经信息系列：俄巴底亚书、那鸿书、西番雅书,,,,,,中文,bible-study,圣经;俄巴底亚;那鸿,,,,5,,true,,待核实,false
cdl-000871,圣经信息系列：出埃及记,,,,,,中文,bible-study,圣经;出埃及记,,,https://christian-digital-library-assets.gioia-zheng-stud.workers.dev/covers/cdl-000871.jpg,5,https://christian-digital-library-assets.gioia-zheng-stud.workers.dev/previews/cdl-000871,true,,待核实,false
cdl-003410,圣经信息系列：出埃及记,莫德,,,,,中文,bible-study,圣经;出埃及记,,,,5,,true,,待核实,false
cdl-002361,圣经信息系列：出埃及记——从异乡到家乡,张松辉,,,,,中文,bible-study,圣经;旧约;出埃及记;圣经信息系列,,,,0,,true,,待核实,false
cdl-004038,圣经信息系列：列王纪上下,,,,,,中文,bible-study,圣经;列王纪,,,,5,,true,,待核实,false
cdl-002433,创世记12-50章——圣经信息系列,包德雯,,,,,中文,bible-study,圣经;旧约;创世记;圣经信息系列,,,,0,,true,,待核实,false
cdl-000885,圣经信息系列：利未记,提伯,,,,,中文,bible-study,圣经;利未记,,,,5,,true,,待核实,false
cdl-000886,圣经信息系列：利未记,,,,,,中文,bible-study,圣经;利未记,,,,5,,true,,待核实,false
cdl-004034,圣经信息系列：利未记,,,,,,中文,bible-study,圣经;利未记,,,,0,,true,,待核实,false
cdl-002363,圣经信息系列：利未记——得自由成为圣洁,提伯,,,,,中文,bible-study,圣经;旧约;利未记;圣经信息系列,,,,5,,true,,待核实,false
cdl-002360,圣经信息系列：加拉太书——耶稣基督是惟一的路,约翰·斯托得（John R. W. Stott）,约翰·斯托得（John R. W. Stott，1921-2011）是英国牧师、神学家与圣经学者，长期服事伦敦万灵堂，并参与《洛桑信约》起草。他是二十世纪福音派重要代表之一，著有多部圣经注释、门徒训练和神学著作。,陈恩明,校园书房出版社,2000,中文,bible-study,圣经;新约;加拉太书;注释;圣经信息系列;斯托得,本书解释加拉太书关于福音、自由、信心与律法的核心信息，强调基督是唯一可靠的救恩根基。,,,5,,true,,版权受保护,false
cdl-004039,圣经信息系列：历代志上下,,,,,,中文,bible-study,圣经;历代志,,,,5,,true,,待核实,false
cdl-001439,圣经信息系列：启示录,威尔克,,,,,中文,bible-study,圣经;启示录,,,https://christian-digital-library-assets.gioia-zheng-stud.workers.dev/covers/cdl-001439.jpg,5,https://christian-digital-library-assets.gioia-zheng-stud.workers.dev/previews/cdl-001439,true,,待核实,false
cdl-001335,圣经信息系列：哥林多前书,普瑞尔,,,,,中文,bible-study,圣经;哥林多,,,https://christian-digital-library-assets.gioia-zheng-stud.workers.dev/covers/cdl-001335.jpg,5,https://christian-digital-library-assets.gioia-zheng-stud.workers.dev/previews/cdl-001335,true,,待核实,false
cdl-004059,圣经信息系列：哥林多前书,,,,,,中文,bible-study,圣经;哥林多,,,,5,,true,,待核实,false
cdl-001340,圣经信息系列：哥林多后书,,,,,,中文,bible-study,圣经;哥林多,,,https://christian-digital-library-assets.gioia-zheng-stud.workers.dev/covers/cdl-001340.jpg,5,https://christian-digital-library-assets.gioia-zheng-stud.workers.dev/previews/cdl-001340,true,,待核实,false
cdl-003832,圣经信息系列：哥林多后书,巴尼特,,,,,中文,bible-study,圣经;哥林多,,,,5,,true,,待核实,false
cdl-001022,圣经信息系列：尼希米记,,,,,,中文,bible-study,圣经;尼希米,,,,5,,true,,待核实,false
cdl-004040,圣经信息系列：尼希米记,,,,,,中文,bible-study,圣经;尼希米,,,,5,,true,,待核实,false
cdl-004027,圣经信息系列：帖撒罗尼迦前后书,,,,,,中文,bible-study,圣经;帖撒罗尼迦,,,,5,,true,,待核实,false
cdl-004028,圣经信息系列：帖撒罗尼迦前后书,,,,,,中文,bible-study,圣经;帖撒罗尼迦,,,,5,,true,,待核实,false
cdl-001427,圣经信息系列：彼得前书,克劳尼,,,,,中文,bible-study,圣经;彼得前,,,https://christian-digital-library-assets.gioia-zheng-stud.workers.dev/covers/cdl-001427.jpg,5,https://christian-digital-library-assets.gioia-zheng-stud.workers.dev/previews/cdl-001427,true,,待核实,false
cdl-004889,圣经信息系列：彼得前书,克劳尼,,,,,中文,bible-study,圣经;彼得前,,,,5,,true,,待核实,false
cdl-004890,圣经信息系列：彼得前书,克劳尼,,,,,中文,bible-study,圣经;彼得前,,,,5,,true,,待核实,false
cdl-004032,圣经信息系列：彼得后书，犹大书,,,,,,中文,bible-study,圣经;彼得后,,,,5,,true,,待核实,false
cdl-001429,圣经信息系列：彼得后书、犹大书,路卡斯 葛林,,,,,中文,bible-study,圣经;彼得后,,,,5,,true,,待核实,false
cdl-004904,圣经信息系列：彼得后书、犹大书,路卡斯 葛林,,,,,中文,bible-study,圣经;彼得后,,,,5,,true,,待核实,false
cdl-004905,圣经信息系列：彼得后书、犹大书,路卡斯 葛林,,,,,中文,bible-study,圣经;彼得后,,,,5,,true,,待核实,false
cdl-004029,圣经信息系列：提摩太前书，提多书,,,,,,中文,bible-study,圣经;提摩太;提多书,,,,5,,true,,待核实,false
cdl-001381,圣经信息系列：提摩太前书、提多书,,,,,,中文,bible-study,圣经;提摩太;提多书,,,,5,,true,,待核实,false
cdl-004037,圣经信息系列：撒母耳记上下,,,,,,中文,bible-study,圣经;撒母耳,,,,5,,true,,待核实,false
cdl-004048,圣经信息系列：撒迦利亚,,,,,,中文,bible-study,圣经;撒迦利亚,,,,5,,true,,待核实,false
cdl-005606,圣经信息系列：诗篇（上）,威尔克,,,校园书房出版社,,中文,bible-study,圣经;诗篇;圣经信息系列,,,,5,,true,,待核实,false
cdl-005607,圣经信息系列：诗篇（下）,威尔克,,,校园书房出版社,,中文,bible-study,圣经;诗篇;圣经信息系列,,,,5,,true,,待核实,false
cdl-001375,圣经信息系列：歌罗西书、腓利门书,路卡斯,,,,,中文,bible-study,圣经;歌罗西;腓利门,,,https://christian-digital-library-assets.gioia-zheng-stud.workers.dev/covers/cdl-001375.jpg,5,https://christian-digital-library-assets.gioia-zheng-stud.workers.dev/previews/cdl-001375,true,,待核实,false
cdl-000896,圣经信息系列：民数记,,,,,,中文,bible-study,圣经;民数记,,,https://christian-digital-library-assets.gioia-zheng-stud.workers.dev/covers/cdl-000896.jpg,5,https://christian-digital-library-assets.gioia-zheng-stud.workers.dev/previews/cdl-000896,true,,待核实,false
cdl-001254,圣经信息系列：玛拉基书,,,,,,中文,bible-study,圣经;玛拉基,,,,5,,true,,待核实,false
cdl-004049,圣经信息系列：玛拉基书,,,,,,中文,bible-study,圣经;玛拉基,,,,5,,true,,待核实,false
cdl-000907,圣经信息系列：申命记,,,,,,中文,bible-study,圣经;申命记,,,https://christian-digital-library-assets.gioia-zheng-stud.workers.dev/covers/cdl-000907.jpg,5,https://christian-digital-library-assets.gioia-zheng-stud.workers.dev/previews/cdl-000907,true,,待核实,false
cdl-004035,圣经信息系列：申命记,,,,,,中文,bible-study,圣经;申命记,,,,5,,true,,待核实,false
cdl-000910,圣经信息系列：申命记 恩典的蓝图,,,,,,中文,bible-study,圣经;申命记,,,,5,,true,,待核实,false
cdl-000920,圣经信息系列：约书亚记,,,,,,中文,bible-study,圣经;约书亚记,,,https://christian-digital-library-assets.gioia-zheng-stud.workers.dev/covers/cdl-000920.jpg,5,https://christian-digital-library-assets.gioia-zheng-stud.workers.dev/previews/cdl-000920,true,,待核实,false
cdl-004036,圣经信息系列：约书亚记,,,,,,中文,bible-study,圣经;约书亚记,,,,5,,true,,待核实,false
cdl-004053,圣经信息系列：约伯记,,,,,,中文,bible-study,圣经;约伯,,,,5,,true,,待核实,false
cdl-004054,圣经信息系列：约伯记,,,,,,中文,bible-study,圣经;约伯,,,,5,,true,,待核实,false
cdl-001234,圣经信息系列：约拿书,,,,,,中文,bible-study,圣经;约拿,,,,5,,true,,待核实,false
cdl-004047,圣经信息系列：约拿书,,,,,,中文,bible-study,圣经;约拿,,,,5,,true,,待核实,false
cdl-001203,圣经信息系列：约珥书、弥迦书、哈巴谷书,,,,,,中文,bible-study,圣经;约珥;弥迦,,,https://christian-digital-library-assets.gioia-zheng-stud.workers.dev/covers/cdl-001203.jpg,5,https://christian-digital-library-assets.gioia-zheng-stud.workers.dev/previews/cdl-001203,true,,待核实,false
cdl-004055,圣经信息系列：约珥书、弥迦书、哈巴谷书,,,,,,中文,bible-study,圣经;约珥;弥迦,,,,5,,true,,待核实,false
cdl-004060,圣经信息系列：约珥书、弥迦书、哈巴谷书,,,,,,中文,bible-study,圣经;约珥;弥迦,,,,5,,true,,待核实,false
cdl-002432,约珥书、弥迦书、哈巴谷书——圣经信息系列,普莱尔,,,,,中文,bible-study,圣经;旧约;约珥书;弥迦书;哈巴谷书;圣经信息系列,,,,5,,true,,待核实,false
cdl-000788,圣经信息系列：约翰书信,杰克曼,,,,,中文,bible-study,圣经,,,https://christian-digital-library-assets.gioia-zheng-stud.workers.dev/covers/cdl-000788.jpg,5,https://christian-digital-library-assets.gioia-zheng-stud.workers.dev/previews/cdl-000788,true,,待核实,false
cdl-002301,圣经信息系列：约翰书信,杰克曼,,,,,中文,bible-study,圣经,,,,0,,true,,待核实,false
cdl-004030,圣经信息系列：约翰书信,,,,,,中文,bible-study,圣经,,,,5,,true,,待核实,false
cdl-001317,圣经信息系列：约翰福音,米尔恩,,,,,中文,bible-study,圣经;约翰福音,,,,5,,true,,待核实,false
cdl-001312,圣经信息系列：约翰福音,米尔恩,,,,,中文,bible-study,圣经;新约;约翰福音;圣经信息系列,,,https://christian-digital-library-assets.gioia-zheng-stud.workers.dev/covers/cdl-001312.jpg,5,https://christian-digital-library-assets.gioia-zheng-stud.workers.dev/previews/cdl-001312,true,,待核实,false
cdl-001326,圣经信息系列：罗马书,,,,,,中文,bible-study,圣经;罗马书,,,,5,,true,,待核实,false
cdl-006146,圣经信息系列：罗马书,,,,,,中文,bible-study,圣经;罗马书,,,,5,,true,,待核实,false
cdl-006147,圣经信息系列：罗马书——世界在等待的福音,约翰·斯托得（John R. W. Stott）,约翰·斯托得（John R. W. Stott，1921-2011）是英国牧师、神学家与圣经学者，长期服事伦敦万灵堂，并参与《洛桑信约》起草。他是二十世纪福音派重要代表之一，著有多部圣经注释、门徒训练和神学著作。,李永明,校园书房出版社,1998,中文,bible-study,圣经;新约;罗马书;注释;圣经信息系列;斯托得,本书解释罗马书对福音、称义、成圣、神的主权与基督徒生活的论述，帮助读者把保罗的信息应用在信仰生活中。,,,5,,true,,版权受保护,false
cdl-001181,圣经信息系列：耶利米书,柯德纳,,,,,中文,bible-study,圣经;耶利米,,,,5,,true,,待核实,false
cdl-001186,圣经信息系列：耶利米书,,,,,,中文,bible-study,圣经;耶利米,,,,5,,true,,待核实,false
cdl-004042,圣经信息系列：耶利米书,,,,,,中文,bible-study,圣经;耶利米,,,,5,,true,,待核实,false
cdl-004043,圣经信息系列：耶利米哀歌,,,,,,中文,bible-study,圣经;耶利米,,,,5,,true,,待核实,false
cdl-001372,圣经信息系列：腓立比书,莫德,,,,,中文,bible-study,圣经;腓立比,,,https://christian-digital-library-assets.gioia-zheng-stud.workers.dev/covers/cdl-001372.jpg,5,https://christian-digital-library-assets.gioia-zheng-stud.workers.dev/previews/cdl-001372,true,,待核实,false
cdl-004031,圣经信息系列：腓立比书,,,,,,中文,bible-study,圣经;腓立比,,,,5,,true,,待核实,false
cdl-004056,圣经信息系列：诗篇上,,,,,,中文,bible-study,圣经;诗篇,,,,5,,true,,待核实,false
cdl-001042,圣经信息系列：诗篇下,威尔克,,,,,中文,bible-study,圣经;诗篇,,,,5,,true,,待核实,false
cdl-004057,圣经信息系列：诗篇下,,,,,,中文,bible-study,圣经;诗篇,,,,5,,true,,待核实,false
cdl-001304,圣经信息系列：路加福音,威尔克,,,,,中文,bible-study,圣经;路加福音,,,https://christian-digital-library-assets.gioia-zheng-stud.workers.dev/covers/cdl-001304.jpg,5,https://christian-digital-library-assets.gioia-zheng-stud.workers.dev/previews/cdl-001304,true,,待核实,false
cdl-000941,圣经信息系列：路得记,,,,,,中文,bible-study,圣经;路得记,,,,5,,true,,待核实,false
cdl-001226,圣经信息系列：阿摩司书,,,,,,中文,bible-study,圣经;阿摩司,,,,5,,true,,待核实,false
cdl-004045,圣经信息系列：阿摩司书,,,,,,中文,bible-study,圣经;阿摩司,,,,5,,true,,待核实,false
cdl-001408,圣经信息系列：雅各书,莫德,,,,,中文,bible-study,圣经;雅各书,,,https://christian-digital-library-assets.gioia-zheng-stud.workers.dev/covers/cdl-001408.jpg,5,https://christian-digital-library-assets.gioia-zheng-stud.workers.dev/previews/cdl-001408,true,,待核实,false
cdl-004033,圣经信息系列：雅各书,,,,,,中文,bible-study,圣经;雅各书,,,,5,,true,,待核实,false
cdl-006724,圣经信息系列：雅各书,莫德,,,,,中文,bible-study,圣经;雅各书,,,,5,,true,,待核实,false
cdl-001282,圣经信息系列：马太福音,,,,,,中文,bible-study,圣经;马太福音,,,,5,,true,,待核实,false
cdl-001288,圣经信息系列：马太福音,格林,,,,,中文,bible-study,圣经;马太福音,,,https://christian-digital-library-assets.gioia-zheng-stud.workers.dev/covers/cdl-001288.jpg,5,https://christian-digital-library-assets.gioia-zheng-stud.workers.dev/previews/cdl-001288,true,,待核实,false
cdl-000932,圣经信息系列x：士师记,,,,,,中文,bible-study,圣经;士师记,,,https://christian-digital-library-assets.gioia-zheng-stud.workers.dev/covers/cdl-000932.jpg,5,https://christian-digital-library-assets.gioia-zheng-stud.workers.dev/previews/cdl-000932,true,,待核实,false
cdl-002353,圣经信息系列一约伯记,亚金森,,,,,中文,bible-study,圣经;约伯,,,,0,,true,,待核实,false
cdl-002350,圣经信息系列一路加福音,威尔克,,,,,中文,bible-study,圣经;路加福音,,,,0,,true,,待核实,false
cdl-002349,圣经信息系列一马可福音,殷格里,,,,,中文,bible-study,圣经;马可福音,,,,0,,true,,待核实,false
cdl-004062,圣经修辞学：希罗文化与新约诠释,,,,,,中文,bible-study,圣经;新约;释经;修辞学,,,,5,,true,,待核实,false
cdl-004061,圣经修辞学 希罗文化与新约诠释,,,,,,中文,bible-study,圣经;新约,,,,5,,true,,待核实,false
cdl-002016,圣经内外：从信心入门,康来昌,,,,,中文,bible-study,圣经,,,,5,,true,,待核实,false
cdl-000243,圣经动植物意义,,,,,,中文,bible-study,圣经,,,https://christian-digital-library-assets.gioia-zheng-stud.workers.dev/covers/cdl-000243.jpg,5,https://christian-digital-library-assets.gioia-zheng-stud.workers.dev/previews/cdl-000243,true,,待核实,false
cdl-004063,圣经动植物意义,,,,,,中文,bible-study,圣经;动植物;圣经背景,,,,5,,true,,待核实,false
cdl-004064,圣经历史哲学 上卷,,,,,,中文,bible-study,圣经,,,,5,,true,,待核实,false
cdl-001006,圣经历史哲学 上卷 旧约 修订版,,,,,,中文,bible-study,圣经;旧约,,,,5,,true,,待核实,false
cdl-004065,圣经历史哲学 下卷,,,,,,中文,bible-study,圣经,,,,5,,true,,待核实,false
cdl-004066,圣经历史哲学下卷新约,,,,,,中文,bible-study,圣经;新约,,,,5,,true,,待核实,false
cdl-004067,圣经原文字典,,,,,,中文,bible-study,圣经,,,,5,,true,,待核实,false
cdl-004068,圣经叙事的情节构成浅议,梁工,,,,,中文,bible-study,圣经,,,,5,,true,,待核实,false
cdl-000244,圣经叙事的艺术,,,,,,中文,bible-study,圣经,,,https://christian-digital-library-assets.gioia-zheng-stud.workers.dev/covers/cdl-000244.jpg,5,https://christian-digital-library-assets.gioia-zheng-stud.workers.dev/previews/cdl-000244,true,,待核实,false
cdl-004069,圣经叙述文的艺术,奥尔特,,,,,中文,bible-study,圣经,,,,5,,true,,待核实,false
cdl-001933,圣经可靠吗,索斯,,,,,中文,bible-study,圣经,,,,5,,true,,待核实,false
cdl-001803,圣经各卷要义,田雅各布,,,,,中文,bible-study,圣经,,,https://christian-digital-library-assets.gioia-zheng-stud.workers.dev/covers/cdl-001803.jpg,5,https://christian-digital-library-assets.gioia-zheng-stud.workers.dev/previews/cdl-001803,true,,待核实,false
cdl-000245,圣经后典,,,,,,中文,bible-study,圣经,,,https://christian-digital-library-assets.gioia-zheng-stud.workers.dev/covers/cdl-000245.jpg,5,https://christian-digital-library-assets.gioia-zheng-stud.workers.dev/previews/cdl-000245,true,,待核实,false
cdl-004070,圣经和希腊主义的双重视野：奥利金其人及神学思想,,,,,,中文,bible-study,圣经,,,,5,,true,,待核实,false
cdl-000284,圣经图录,基督教文化宝库,,,,,中文,bible-study,圣经,,,https://christian-digital-library-assets.gioia-zheng-stud.workers.dev/covers/cdl-000284.jpg,5,https://christian-digital-library-assets.gioia-zheng-stud.workers.dev/previews/cdl-000284,true,,待核实,false
cdl-004071,圣经图解 使徒信经的神学,李健安,,,,,中文,bible-study,圣经,,,,5,,true,,待核实,false
cdl-004072,圣经大事年表,汪主恩,,,,,中文,bible-study,圣经,,,,5,,true,,待核实,false
cdl-004073,圣经大纲与讲义创世记(一),,,,,,中文,bible-study,圣经;创世记,,,,5,,true,,待核实,false
cdl-004074,圣经大纲与讲义创世记(二),,,,,,中文,bible-study,圣经;创世记,,,,5,,true,,待核实,false
cdl-004075,圣经好好吃,毕德生,,,,,中文,bible-study,圣经,,,,5,,true,,待核实,false
cdl-002250,圣经字的讲究,寇世远,,,,,中文,bible-study,圣经,,,,5,,true,,待核实,false
cdl-001626,圣经实物教材,贝蒂·司徒柏,,锺声宏,中国主日学协会,2015,中文,bible-study,圣经;实物教材;主日学;儿童教学,本书介绍如何借助日常实物讲解圣经真理，适合主日学、儿童事工和小组教学参考。,,,5,,true,,待核实,false
cdl-004076,圣经寻根版,,,,,,中文,bible-study,圣经;圣经导读,,,,5,,true,,待核实,false
cdl-004077,圣经导读：解释原则（上册）（第3版）,,,,,,中文,bible-study,圣经;圣经导读;释经,,,,5,,true,,待核实,false
cdl-004078,圣经导读 下,戈登菲,,,,,中文,bible-study,圣经,,,,5,,true,,待核实,false
cdl-002275,按卷读经：圣经导读（下）,戈登·费、道格拉斯·斯图尔特,,,,,中文,bible-study,圣经导读;释经;读经,,,,5,,true,,待核实,false
cdl-004079,圣经导读：按卷读经,,,,,,中文,bible-study,圣经,,,,5,,true,,待核实,false
cdl-004080,圣经导读：解经原则,,,,,,中文,bible-study,圣经;解经,,,,5,,true,,待核实,false
cdl-004081,圣经导读：解经原则,,,,,,中文,bible-study,圣经;解经,,,,5,,true,,待核实,false
cdl-004082,圣经导读上册(北大版),,,,,,中文,bible-study,圣经,,,,5,,true,,待核实,false
cdl-004083,圣经导读下册(北大版),,,,,,中文,bible-study,圣经,,,,5,,true,,待核实,false
cdl-004084,创世记（上）——圣经导读与信息,,,,,,中文,bible-study,圣经;旧约;创世记;圣经导读,,,,5,,true,,待核实,false
cdl-004085,创世记（下）——圣经导读与信息,,,,,,中文,bible-study,圣经;旧约;创世记;圣经导读,,,,5,,true,,待核实,false
cdl-004086,圣经希腊文基础,威廉·孟恩思,,,,,中文,bible-study,圣经,,,,5,,true,,待核实,false
cdl-004087,圣经指南,梁工,,,,,中文,bible-study,圣经,,,,5,,true,,待核实,false
cdl-004088,圣经指南,梁工,,,,,中文,bible-study,圣经,,,,5,,true,,待核实,false
cdl-004089,圣经指南,,,,,,中文,bible-study,圣经,,,,5,,true,,待核实,false
cdl-002380,圣经探索 神对人类的计划(一):万物的起源,芬尼戴克,,,,,中文,bible-study,圣经,,,,5,,true,,待核实,false
cdl-002327,圣经探索：小先知书注释,柯亚伦,,,,,中文,bible-study,圣经;注释,,,,5,,true,,待核实,false
cdl-002381,圣经探索：神对人类的计划书(二)神以往对人的作为,芬尼戴克,,,,,中文,bible-study,圣经,,,,5,,true,,待核实,false
cdl-004090,圣经探险(旧约篇),,,,,,中文,bible-study,圣经;旧约,,,,5,,true,,待核实,false
cdl-004091,圣经探险：旧约篇,司德曼、丹尼,,,圣经资源中心,2012,中文,bible-study,圣经;旧约;圣经导读,,,,5,,true,,待核实,false
cdl-002319,圣经提要(第一卷)创世记至以斯帖记,倪柝声,,,,,中文,bible-study,圣经;创世记;以斯帖,,,,5,,true,,待核实,false
cdl-002318,圣经提要(第二卷)约伯记至但以理书,倪柝声,,,,,中文,bible-study,圣经;约伯;但以理,,,,5,,true,,待核实,false
cdl-004092,圣经故事 (上),,,,,,中文,bible-study,圣经,,,,5,,true,,待核实,false
cdl-004093,圣经故事 (下),,,,,,中文,bible-study,圣经,,,,5,,true,,待核实,false
cdl-004094,圣经故事 (中),,,,,,中文,bible-study,圣经,,,,5,,true,,待核实,false
cdl-006611,圣经故事：新约,连环画,,,,,中文,bible-study,圣经;新约,,,,5,,true,,待核实,false
cdl-004095,圣经救赎史核心讲座(新约),,,,,,中文,bible-study,圣经;新约,,,,5,,true,,待核实,false
cdl-004096,圣经救赎史核心讲座(旧约),,,,,,中文,bible-study,圣经;旧约,,,,5,,true,,待核实,false
cdl-004099,圣经教义 中级,,,,,,中文,bible-study,圣经,,,,5,,true,,待核实,false
cdl-004097,圣经教义 中级 上册,,,,,,中文,bible-study,圣经,,,,5,,true,,待核实,false
cdl-004098,圣经教义 中级 下册,,,,,,中文,bible-study,圣经,,,,5,,true,,待核实,false
cdl-004100,圣经教义 初级,,,,,,中文,bible-study,圣经,,,,5,,true,,待核实,false
cdl-000246,圣经教义与实践,第一部 格鲁登,,,,,中文,bible-study,圣经,,,https://christian-digital-library-assets.gioia-zheng-stud.workers.dev/covers/cdl-000246.jpg,5,https://christian-digital-library-assets.gioia-zheng-stud.workers.dev/previews/cdl-000246,true,,待核实,false
cdl-000247,圣经教义与实践,第三部 格鲁登,,,,,中文,bible-study,圣经,,,https://christian-digital-library-assets.gioia-zheng-stud.workers.dev/covers/cdl-000247.jpg,5,https://christian-digital-library-assets.gioia-zheng-stud.workers.dev/previews/cdl-000247,true,,待核实,false
cdl-000248,圣经教义与实践,第二部 格鲁登,,,,,中文,bible-study,圣经,,,https://christian-digital-library-assets.gioia-zheng-stud.workers.dev/covers/cdl-000248.jpg,5,https://christian-digital-library-assets.gioia-zheng-stud.workers.dev/previews/cdl-000248,true,,待核实,false
cdl-001710,圣经教义与实践（卷三）：教会与末世,韦恩·格鲁登,,,,,中文,theology,神学;教会论;末世论,,,,5,,true,,待核实,false
cdl-004101,圣经教义中级:A5(2)组合,,,,,,中文,bible-study,圣经,,,,5,,true,,待核实,false
cdl-004102,圣经教义中级—教师手册,,,,,,中文,reference,手册,,,,5,,true,,待核实,false
cdl-004103,圣经教义初级:A5(2)组合,,,,,,中文,bible-study,圣经,,,,5,,true,,待核实,false
cdl-004104,圣经教义初级—教师手册,,,,,,中文,reference,手册,,,,5,,true,,待核实,false
cdl-004105,圣经文学与神学：先知书,,,,,,中文,bible-study,圣经,,,,5,,true,,待核实,false
cdl-002362,圣经文学与神学：诗篇与智慧文学,卢卡斯,,,,,中文,bible-study,圣经;诗篇,,,,0,,true,,待核实,false
cdl-002592,圣经文学十二讲,朱维之,,,,,中文,bible-study,圣经,,,,5,,true,,待核实,false
cdl-004107,圣经文学十二讲,,,,,,中文,bible-study,圣经,,,,5,,true,,待核实,false
cdl-004108,圣经文学十二讲,朱维之,,,,,中文,bible-study,圣经,,,,5,,true,,待核实,false
cdl-004106,圣经文学十二讲：圣经、次经、伪经、死海古卷,,,,,,中文,bible-study,圣经,,,,5,,true,,待核实,false
cdl-001420,圣经文学导论,,,,,,中文,bible-study,圣经;文学;圣经文学,,,https://christian-digital-library-assets.gioia-zheng-stud.workers.dev/covers/cdl-001420.jpg,5,https://christian-digital-library-assets.gioia-zheng-stud.workers.dev/previews/cdl-001420,true,,待核实,false
cdl-004109,圣经文学研究（第11辑）,,,,,,中文,bible-study,圣经;圣经文学;文学研究,,,,5,,true,,待核实,false
cdl-000249,圣经新约东方解,,,,,,中文,bible-study,圣经;新约,,,,5,,true,,待核实,false
cdl-001764,圣经无误:!,查尔斯 赖瑞,,,,,中文,bible-study,圣经,,,,0,,true,,待核实,false
cdl-004110,圣经旧约4000年,,,,,,中文,bible-study,圣经;旧约,,,,5,,true,,待核实,false
cdl-000250,圣经旧约东方解,,,,,,中文,bible-study,圣经;旧约,,,,5,,true,,待核实,false
cdl-004111,圣经时代的犹太社会与民俗,,,,,,中文,bible-study,圣经,,,,5,,true,,待核实,false
cdl-004112,圣经易读学校 咦 圣经不难懂啦,李爱实,,,,,中文,bible-study,圣经,,,,5,,true,,待核实,false
cdl-004113,圣经是怎样写成的,,,,,,中文,bible-study,圣经,,,,5,,true,,待核实,false
cdl-004114,圣经概论与确据,,,,,,中文,bible-study,圣经,,,,5,,true,,待核实,false
cdl-000251,圣经概述和导读,,,,,,中文,bible-study,圣经,,,https://christian-digital-library-assets.gioia-zheng-stud.workers.dev/covers/cdl-000251.jpg,5,https://christian-digital-library-assets.gioia-zheng-stud.workers.dev/previews/cdl-000251,true,,待核实,false
cdl-004115,圣经次经,,,赵沛林 等,时代文艺出版社,,中文,bible-study,圣经;次经;经外文献,,,,5,,true,,待核实,false
cdl-000252,圣经正典,,,,,,中文,bible-study,圣经,,,https://christian-digital-library-assets.gioia-zheng-stud.workers.dev/covers/cdl-000252.jpg,5,https://christian-digital-library-assets.gioia-zheng-stud.workers.dev/previews/cdl-000252,true,,待核实,false
cdl-000986,圣经正典与经外文献导论,,,,,,中文,bible-study,圣经,,,,5,,true,,待核实,false
cdl-001752,圣经正典与经外文献导论,鲍维均 等,,,,,中文,bible-study,圣经;正典;经外文献,,,https://christian-digital-library-assets.gioia-zheng-stud.workers.dev/covers/cdl-001752.jpg,5,https://christian-digital-library-assets.gioia-zheng-stud.workers.dev/previews/cdl-001752,true,,待核实,false
cdl-004116,圣经比喻,,,,,,中文,bible-study,圣经,,,,5,,true,,待核实,false
cdl-002169,圣经没有瑕疵,倪柝声,,,,,中文,bible-study,圣经,,,,5,,true,,待核实,false
cdl-004121,圣经注释,马太亨利,,,,,中文,bible-study,圣经;注释,,,,5,,true,,待核实,false
cdl-004117,圣经注释：使徒行传,刘焕俊,,,,,中文,bible-study,圣经;新约;使徒行传;注释,,,,5,,true,,待核实,false
cdl-000253,圣经注释 四福音详尽版,马太亨利,,,,,中文,bible-study,圣经;注释,,,,5,,true,,待核实,false
cdl-000254,圣经注释-歌中的歌-雅歌,,,,,,中文,bible-study,圣经;注释;雅歌,,,,5,,true,,待核实,false
cdl-002403,圣经注释：使徒行传：新约,刘焕俊,,,,,中文,bible-study,圣经;新约;注释,,,,5,,true,,待核实,false
cdl-002166,圣经注释：创世纪,刘焕俊,,,,,中文,bible-study,圣经;注释,,,,5,,true,,待核实,false
cdl-004118,圣经注释：创世纪，出埃及记,,,,,,中文,bible-study,圣经;注释;出埃及记,,,,5,,true,,待核实,false
cdl-002400,圣经注释：启示录,刘焕俊,,,,,中文,bible-study,圣经;注释;启示录,,,,5,,true,,待核实,false
cdl-002444,圣经注释：新约03：使徒行传,林允善,,,,,中文,bible-study,圣经;新约;注释,,,,5,,true,,待核实,false
cdl-002442,圣经注释：旧约01：创世记,林允善,,,,,中文,bible-study,圣经;旧约;注释,,,,5,,true,,待核实,false
cdl-002443,圣经注释：旧约02：出埃及记,林允善,,,,,中文,bible-study,圣经;旧约;注释,,,,5,,true,,待核实,false
cdl-004119,圣经注释：生命更新系列,约翰福音,,,,,中文,bible-study,圣经;注释;约翰福音,,,,5,,true,,待核实,false
cdl-004120,圣经注释：生命更新系列：罗马书,,,,,,中文,bible-study,圣经;注释;罗马书,,,,5,,true,,待核实,false
cdl-002449,圣经注释：罗马书,刘焕俊,,,,,中文,bible-study,圣经;注释;罗马书,,,,5,,true,,待核实,false
cdl-004122,圣经浅析(人、地、主题逐卷导读),,,,,,中文,bible-study,圣经,,,,5,,true,,待核实,false
cdl-001719,圣经犹太教伦理与先秦儒家伦理,谢桂山,,,,,中文,bible-study,圣经,,,https://christian-digital-library-assets.gioia-zheng-stud.workers.dev/covers/cdl-001719.jpg,5,https://christian-digital-library-assets.gioia-zheng-stud.workers.dev/previews/cdl-001719,true,,待核实,false
cdl-004123,圣经的主要概念,,,,,,中文,bible-study,圣经,,,,5,,true,,待核实,false
cdl-000255,圣经的历史,黄金版试读,,,,,中文,bible-study,圣经,,,https://christian-digital-library-assets.gioia-zheng-stud.workers.dev/covers/cdl-000255.jpg,5,https://christian-digital-library-assets.gioia-zheng-stud.workers.dev/previews/cdl-000255,true,,待核实,false
cdl-004125,圣经的叙事艺术,以 巴埃弗拉特,,,,,中文,bible-study,圣经,,,,5,,true,,待核实,false
cdl-000256,圣经的大智慧-图文珍藏版,,,,,,中文,bible-study,圣经,,,https://christian-digital-library-assets.gioia-zheng-stud.workers.dev/covers/cdl-000256.jpg,5,https://christian-digital-library-assets.gioia-zheng-stud.workers.dev/previews/cdl-000256,true,,待核实,false
cdl-000695,圣经的教会治理,在神的家中,,,,,中文,bible-study,圣经,,,https://christian-digital-library-assets.gioia-zheng-stud.workers.dev/covers/cdl-000695.jpg,5,https://christian-digital-library-assets.gioia-zheng-stud.workers.dev/previews/cdl-000695,true,,待核实,false
cdl-004126,圣经的文学世界,,,,,,中文,bible-study,圣经,,,,5,,true,,待核实,false
cdl-001765,圣经的无误与难题,饶孝柏,,,,,中文,bible-study,圣经,,,,5,,true,,待核实,false
cdl-001753,圣经的本质和权威,亚贝,,,,,中文,bible-study,圣经,,,,5,,true,,待核实,false
cdl-000985,圣经的来源,,,,,,中文,bible-study,圣经,,,,5,,true,,待核实,false
cdl-004127,圣经的来源：上海市,康福特,,,,,中文,bible-study,圣经,,,,5,,true,,待核实,false
cdl-004128,圣经的研读与教导,,,,,,中文,bible-study,圣经,,,,5,,true,,待核实,false
cdl-004130,圣经的默示 伯特纳,,,,,,中文,bible-study,圣经,,,,5,,true,,待核实,false
cdl-004129,圣经的默示,洛兰·伯特纳,,,,,中文,theology,圣经;默示;圣经论;神学,,,,5,,true,,待核实,false
cdl-001994,圣经真密码：启示录新解,吴献章,,,,,中文,bible-study,圣经;启示录,,,,5,,true,,待核实,false
cdl-004131,圣经真的没有错吗,,,,,,中文,bible-study,圣经,,,,5,,true,,待核实,false
cdl-004132,圣经研究丛书：士师记的刻划研究,领袖 女性,,,,,中文,bible-study,圣经;士师记,,,,5,,true,,待核实,false
cdl-001733,圣经研究导引,周永健,,,,,中文,bible-study,圣经,,,,5,,true,,待核实,false
cdl-002209,圣经研究篇：经文与抄本,斯文·瑟德伦、查尔斯·西特利 等,,,,,中文,bible-study,圣经;经文鉴别;抄本;圣经研究,,,,0,,true,,待核实,false
cdl-004133,圣经研读经典指南：以弗所书,,,,,,中文,bible-study,圣经;以弗所,,,,5,,true,,待核实,false
cdl-004134,圣经研读经典指南：犹大书,,,,,,中文,bible-study,圣经,,,,4,,true,,待核实,false
cdl-001778,圣经神学(旧约卷二)先知时代的启示,霍志恒,,,,,中文,bible-study,圣经;旧约,,,,5,,true,,待核实,false
cdl-000257,圣经神学与解经讲道,,,,,,中文,bible-study,圣经;解经,,,,5,,true,,待核实,false
cdl-001056,圣经神学与解经讲道,,,,,,中文,bible-study,圣经;解经,,,https://christian-digital-library-assets.gioia-zheng-stud.workers.dev/covers/cdl-001056.jpg,5,https://christian-digital-library-assets.gioia-zheng-stud.workers.dev/previews/cdl-001056,true,,待核实,false
cdl-001182,圣经神学与解经讲道,高伟勋,,,,,中文,bible-study,圣经;解经,,,,5,,true,,待核实,false
cdl-004136,圣经神学与解经讲道,高伟勋,,,,,中文,bible-study,圣经;解经,,,,5,,true,,待核实,false
cdl-004135,圣经神学与解经讲道,高伟勋,,,,,中文,pastoral,圣经神学;解经讲道;讲道,,,,5,,true,,待核实,false
cdl-004137,圣经神学与解经讲道（二）,,,,,,中文,pastoral,圣经神学;解经讲道;讲道,,,,5,,true,,待核实,false
cdl-001627,圣经神学与解经讲道：高伟勋,GOLDSWORTHY GRAEME,,,,,中文,bible-study,圣经;解经,,,https://christian-digital-library-assets.gioia-zheng-stud.workers.dev/covers/cdl-001627.jpg,5,https://christian-digital-library-assets.gioia-zheng-stud.workers.dev/previews/cdl-001627,true,,待核实,false
cdl-004138,圣经神学与辅导,,,,,,中文,bible-study,圣经,,,,5,,true,,待核实,false
cdl-004139,圣经神学导论,亚历山大,,,,,中文,bible-study,圣经神学;圣经导论,,,,5,,true,,待核实,false
cdl-004140,圣经神学词典：研经注释：基督教书库,,,,,,中文,reference,词典,,,,5,,true,,待核实,false
cdl-004141,圣经简明指难,,,,,,中文,bible-study,圣经,,,,5,,true,,待核实,false
cdl-001595,圣经精读丛书：以西结书 海角天涯创新机,曾思瀚,,,,,中文,bible-study,圣经;以西结,,,https://christian-digital-library-assets.gioia-zheng-stud.workers.dev/covers/cdl-001595.jpg,5,https://christian-digital-library-assets.gioia-zheng-stud.workers.dev/previews/cdl-001595,true,,待核实,false
cdl-004142,圣经系列1圣经总论,,,,,,中文,bible-study,圣经,,,,5,,true,,待核实,false
cdl-004143,圣经系列2：旧约概览（一）,,,,,,中文,bible-study,圣经;旧约;旧约导论,,,,5,,true,,待核实,false
cdl-004144,圣经系列6：新约概览（二）,,,,,,中文,bible-study,圣经;新约;新约导论,,,,5,,true,,待核实,false
cdl-002136,圣经系统神学研究 乔治·W·傅瑞勒,,,,,,中文,bible-study,圣经,,,,5,,true,,待核实,false
cdl-002431,圣经结构式注释：以弗所书,李保罗,,,,,中文,bible-study,圣经;注释;以弗所,,,,5,,true,,待核实,false
cdl-002390,圣经结构式注释：雅各书,李保罗,,,,,中文,bible-study,圣经;注释;雅各书,,,,5,,true,,待核实,false
cdl-000258,圣经综览,,,,,,中文,bible-study,圣经,,,,5,,true,,待核实,false
cdl-000259,圣经综览,,,,,,中文,bible-study,圣经,,,https://christian-digital-library-assets.gioia-zheng-stud.workers.dev/covers/cdl-000259.jpg,5,https://christian-digital-library-assets.gioia-zheng-stud.workers.dev/previews/cdl-000259,true,,待核实,false
cdl-000260,圣经综览,,,,,,中文,bible-study,圣经,,,https://christian-digital-library-assets.gioia-zheng-stud.workers.dev/covers/cdl-000260.jpg,5,https://christian-digital-library-assets.gioia-zheng-stud.workers.dev/previews/cdl-000260,true,,待核实,false
cdl-001673,圣经综览,亨莉达 米尔斯,,,,,中文,bible-study,圣经,,,,5,,true,,待核实,false
cdl-001833,圣经综览：歌罗西书至启示录(新约),董尚勇,,,,,中文,bible-study,圣经;新约;歌罗西,,,,5,,true,,待核实,false
cdl-001746,圣经考释大全：旧约论丛,伊尔文 等,,,,,中文,bible-study,圣经;旧约;圣经研究,,,,5,,true,,待核实,false
cdl-004145,圣经背景,,,,,,中文,bible-study,圣经,,,,5,,true,,待核实,false
cdl-004146,圣经蠡测,,,,,,中文,bible-study,圣经,,,,5,,true,,待核实,false
cdl-002269,圣经要义(卷一):摩西五经,贾玉铭,,,,,中文,bible-study,圣经,,,,5,,true,,待核实,false
cdl-002271,圣经要义(卷三):历史书(下),贾玉铭,,,,,中文,bible-study,圣经,,,,5,,true,,待核实,false
cdl-002270,圣经要义(卷二)历史书(上),贾玉铭,,,,,中文,bible-study,圣经,,,,5,,true,,待核实,false
cdl-002273,圣经要义(卷五):大先知书,贾玉铭,,,,,中文,bible-study,圣经,,,,5,,true,,待核实,false
cdl-002323,圣经要义(卷六) 新约部分 加拉太书：启示录,贾玉铭,,,,,中文,bible-study,圣经;新约;加拉太,,,,5,,true,,待核实,false
cdl-002272,圣经要义(卷四):智慧书,贾玉铭,,,,,中文,bible-study,圣经,,,,5,,true,,待核实,false
cdl-004147,圣经解释学导论,夏达理,,,,,中文,bible-study,圣经,,,,5,,true,,待核实,false
cdl-004148,圣经论—郭文池,,,,,,中文,bible-study,圣经,,,,5,,true,,待核实,false
cdl-002249,圣经词的诠释,寇世远,,,,,中文,bible-study,圣经,,,,5,,true,,待核实,false
cdl-002620,圣经诠释,,,,,,中文,bible-study,圣经,,,,5,,true,,待核实,false
cdl-004149,圣经诠释的意义和实践,孙宝玲,,,,,中文,bible-study,圣经,,,,5,,true,,待核实,false
cdl-004150,圣经诠释系列：新约书信诠释,,,,,,中文,bible-study,圣经;新约,,,,5,,true,,待核实,false
cdl-004151,圣经说 被丈夫虐待 该怎么做,,,,,,中文,bible-study,圣经,,,,5,,true,,待核实,false
cdl-004152,圣经课题（上册）：旧约,,,,,,中文,bible-study,圣经;旧约;圣经课题,,,,5,,true,,待核实,false
cdl-004153,圣经课题（下册）：新约,,,,,,中文,bible-study,圣经;新约;圣经课题,,,,5,,true,,待核实,false
cdl-004154,圣经辅导入门,韦恩·麦克 等,,,,,中文,pastoral,圣经辅导;辅导;牧养,,,,5,,true,,待核实,false
cdl-004155,圣经这场戏：全年读经之旅,,,,,,中文,bible-study,圣经,,,,5,,true,,待核实,false
cdl-000261,圣经透析,阿诺德 拜尔 亚伯勒,,,,,中文,bible-study,圣经,,,,5,,true,,待核实,false
cdl-004157,圣经透析,,,,,,中文,bible-study,圣经,,,,5,,true,,待核实,false
cdl-004158,圣经透析,,,,,,中文,bible-study,圣经,,,,5,,true,,待核实,false
cdl-004156,圣经透析 阿诺德、拜尔、亚伯勒,,,,,,中文,bible-study,圣经,,,,5,,true,,待核实,false
cdl-004159,圣经通识丛书：圣经鸟瞰(进深篇),,,,,,中文,bible-study,圣经,,,,5,,true,,待核实,false
cdl-004160,圣经通识手册,,,,,,中文,reference,手册,,,,5,,true,,待核实,false
cdl-001787,圣经释义的问题与方法,大卫 史塔西,,,,,中文,bible-study,圣经,,,https://christian-digital-library-assets.gioia-zheng-stud.workers.dev/covers/cdl-001787.jpg,5,https://christian-digital-library-assets.gioia-zheng-stud.workers.dev/previews/cdl-001787,true,,待核实,false
cdl-002404,圣经释经：摩西五经,龙维忠,,,,,中文,bible-study,圣经;释经,,,,5,,true,,待核实,false
cdl-004161,圣经释经之旅,,,,,,中文,bible-study,圣经;释经,,,,5,,true,,待核实,false
cdl-002245,圣经里的女人,吉恩 卡尔生,,,,,中文,bible-study,圣经,,,,5,,true,,待核实,false
cdl-000262,圣经里的女性,,,,,,中文,bible-study,圣经,,,,5,,true,,待核实,false
cdl-000263,圣经里的女性,,,,,,中文,bible-study,圣经,,,https://christian-digital-library-assets.gioia-zheng-stud.workers.dev/covers/cdl-000263.jpg,5,https://christian-digital-library-assets.gioia-zheng-stud.workers.dev/previews/cdl-000263,true,,待核实,false
cdl-004353,圣经鉴赏,,,,,,中文,bible-study,圣经,,,,5,,true,,待核实,false
cdl-000955,圣经问题与回应,,,,,,中文,bible-study,圣经,,,https://christian-digital-library-assets.gioia-zheng-stud.workers.dev/covers/cdl-000955.jpg,5,https://christian-digital-library-assets.gioia-zheng-stud.workers.dev/previews/cdl-000955,true,,待核实,false
cdl-002206,圣经难解之言：保罗篇,,,,,,中文,bible-study,圣经;难解经文;保罗,,,,5,,true,,待核实,false
cdl-004162,圣经难解之言：新约篇,,,,,,中文,bible-study,圣经;新约;难解经文,,,,5,,true,,待核实,false
cdl-004163,圣经难解之言：旧约篇,,,,,,中文,bible-study,圣经;旧约;难解经文,,,,5,,true,,待核实,false
cdl-004164,圣经难解之言：旧约续篇,,,,,,中文,bible-study,圣经;旧约;难解经文,,,,5,,true,,待核实,false
cdl-004165,圣经难解之言：旧约续篇,,,,,,中文,bible-study,圣经;旧约;难解经文,,,,5,,true,,待核实,false
cdl-004166,圣经难解之言：旧约续篇,,,,,,中文,bible-study,圣经;旧约;难解经文,,,,5,,true,,待核实,false
cdl-004167,圣经难解之言：保罗篇,,,,,,中文,bible-study,圣经;难解经文;保罗,,,,5,,true,,待核实,false
cdl-004171,圣经难解之言：耶稣篇,,,,,,中文,bible-study,圣经;难解经文;耶稣,,,,5,,true,,待核实,false
cdl-001768,圣经难解之言：新约篇,戴维兹,,,,,中文,bible-study,圣经;新约,,,,0,,true,,待核实,false
cdl-004168,圣经难解之言：新约篇,戴维兹,,,,,中文,bible-study,圣经;新约,,,,5,,true,,待核实,false
cdl-001761,圣经难解之言：旧约篇,毕德 凯瑟,,,,,中文,bible-study,圣经;旧约,,,,5,,true,,待核实,false
cdl-004169,圣经难解之言：旧约篇,华德凯瑟,,,,,中文,bible-study,圣经;旧约,,,,5,,true,,待核实,false
cdl-002256,圣经难解之言：耶稣篇,布鲁斯,,,,,中文,bible-study,圣经,,,,5,,true,,待核实,false
cdl-004170,圣经难解之言：耶稣篇,F F Bruce,,,,,中文,bible-study,圣经,,,,5,,true,,待核实,false
cdl-004172,圣经预言图解,陈宏博,,,,,中文,bible-study,圣经,,,,5,,true,,待核实,false
cdl-004173,圣经鸟瞰,,,,,,中文,bible-study,圣经,,,,5,,true,,待核实,false
cdl-002453,圣经鸟瞰：基础篇,黄锡木,,,,,中文,bible-study,圣经,,,,5,,true,,待核实,false
cdl-002452,圣经鸟瞰：进深篇,黄锡木,,,,,中文,bible-study,圣经,,,,5,,true,,待核实,false
cdl-000264,圣者行进的印记-耶稣的血印,,,,,,中文,other,,,,https://christian-digital-library-assets.gioia-zheng-stud.workers.dev/covers/cdl-000264.jpg,5,https://christian-digital-library-assets.gioia-zheng-stud.workers.dev/previews/cdl-000264,true,,待核实,false
cdl-004174,圣言·人言：神学诠释学,,,,,,中文,theology,神学;诠释学;圣经解释,,,,5,,true,,待核实,false
cdl-004175,圣言小学的开端,,,,,,中文,other,,,,,5,,true,,待核实,false
cdl-004177,圣诞的真义新排版,巴刻,,,,,中文,other,圣诞;巴刻;基督论,,,,5,,true,,待核实,false
cdl-004178,圣诞节第一年全套课程,,,,,,中文,other,圣诞;课程;儿童教材,,,,5,,true,,待核实,false
cdl-004179,圣诞节第二年全套课程,,,,,,中文,other,圣诞;课程;儿童教材,,,,5,,true,,待核实,false
cdl-004180,圣道阐微,,,,,,中文,other,圣经教义;神学;信仰根基,,,,5,,true,,待核实,false
cdl-000685,在上帝与凯撒之间,,,,,,中文,theology,上帝,,,,5,,true,,待核实,false
cdl-002422,在临终议题上重寻教会的声音 弗雷德·喀达克，戴尔·金史密斯，乔伊·金史密斯,谈论死亡,,,,,中文,theology,教会,,,,5,,true,,待核实,false
cdl-000686,在乔治怀特菲尔德葬礼上的布道，约翰卫斯理,,,,,,中文,missions,布道,,,,5,,true,,待核实,false
cdl-004181,在事奉中受尊重的妇女,尹美玉,,,,,中文,other,女性事奉;教会事奉;圣经女性,,,,5,,true,,待核实,false
cdl-001767,在信仰之思的途中,邓绍光,,,,,中文,theology,信仰,,,https://christian-digital-library-assets.gioia-zheng-stud.workers.dev/covers/cdl-001767.jpg,5,https://christian-digital-library-assets.gioia-zheng-stud.workers.dev/previews/cdl-001767,true,,待核实,false
cdl-000265,在内室里,慕安德烈,,,,,中文,other,祷告;内室;灵修;慕安德烈,,,,5,,true,,待核实,false
cdl-002992,在基督之死里死亡之死,介绍约翰欧文所,,,,,中文,theology,基督,,,,5,,true,,待核实,false
cdl-000687,在基督里,,,,,,中文,theology,基督,,,https://christian-digital-library-assets.gioia-zheng-stud.workers.dev/covers/cdl-000687.jpg,5,https://christian-digital-library-assets.gioia-zheng-stud.workers.dev/previews/cdl-000687,true,,待核实,false
cdl-004182,在基督里合一,,,,,,中文,theology,基督,,,,5,,true,,待核实,false
cdl-001628,在小组中寻宝：郝罗宾泰,HESTENES ROBERTA,,,,,中文,other,小组;查经;群体生活,,,https://christian-digital-library-assets.gioia-zheng-stud.workers.dev/covers/cdl-001628.jpg,5,https://christian-digital-library-assets.gioia-zheng-stud.workers.dev/previews/cdl-001628,true,,待核实,false
cdl-000266,在忿怒罪人手中的上帝,史鲍尔,,,,,中文,theology,上帝,,,,5,,true,,待核实,false
cdl-000688,在恩典中长进：彼得前后书诠释,,,,,,中文,bible-study,彼得前,,,https://christian-digital-library-assets.gioia-zheng-stud.workers.dev/covers/cdl-000688.jpg,5,https://christian-digital-library-assets.gioia-zheng-stud.workers.dev/previews/cdl-000688,true,,待核实,false
cdl-000689,在恩典中长进─彼得前后书诠释,,,,,,中文,bible-study,彼得前,,,,5,,true,,待核实,false
cdl-000690,在教会中以家庭为单位敬拜上帝,,,,,,中文,family-ministry,家庭,,,,5,,true,,待核实,false
cdl-000691,在未知的中国,柏格理 等,,,云南民族出版社,2002,中文,missions,中国教会史;宣教史;柏格理;云南基督教史,本书收录柏格理等人在中国西南地区宣教与民族观察相关文字，可作为了解近代云南、贵州一带基督教传播与苗族地区历史处境的参考。,,https://christian-digital-library-assets.gioia-zheng-stud.workers.dev/covers/cdl-000691.jpg,5,https://christian-digital-library-assets.gioia-zheng-stud.workers.dev/previews/cdl-000691,true,,待核实,false
cdl-000692,在求真的道路上,,,,,,中文,other,求真;护教;信仰反思,,,https://christian-digital-library-assets.gioia-zheng-stud.workers.dev/covers/cdl-000692.jpg,5,https://christian-digital-library-assets.gioia-zheng-stud.workers.dev/previews/cdl-000692,true,,待核实,false
cdl-000693,在清真寺敬拜耶稣,,,,,,中文,spiritual-life,敬拜,,,,5,,true,,待核实,false
cdl-001971,在爱与接纳中握手,萧寿华,,,,,中文,other,接纳;人际关系;牧养关怀,,,https://christian-digital-library-assets.gioia-zheng-stud.workers.dev/covers/cdl-001971.jpg,5,https://christian-digital-library-assets.gioia-zheng-stud.workers.dev/previews/cdl-001971,true,,待核实,false
cdl-001629,在爱里说实话,大卫·奥斯堡格（David Augsburger）,,,,,中文,culture-society,沟通;爱;人际关系,,,,5,,true,,待核实,false
cdl-000694,在祈祷中相遇：与上主成为无话不谈的好友,,,,,,中文,other,祷告;灵修;与神相交,,,,5,,true,,待核实,false
cdl-002643,在神学与反神学之间,,,,,,中文,theology,神学,,,,5,,true,,待核实,false
cdl-000902,在福音里成圣,,,,,,中文,other,福音;成圣;基督徒生活,,,,5,,true,,待核实,false
cdl-000564,在约伯的天平上,舍斯托夫,,,,,中文,bible-study,约伯,,,https://christian-digital-library-assets.gioia-zheng-stud.workers.dev/covers/cdl-000564.jpg,5,https://christian-digital-library-assets.gioia-zheng-stud.workers.dev/previews/cdl-000564,true,,待核实,false
cdl-004183,地方召会,真正的信徒与基督身体里同作肢体者,,,,,中文,other,地方教会;教会论;信徒生活,,,,5,,true,,待核实,false
cdl-004184,地狱来鸿,C S Lewis,,,,,中文,other,地狱来鸿;C.S.路易斯;护教;灵修,,,,5,,true,,待核实,false
cdl-004187,地狱研究之因果,,,,,,中文,other,地狱;末世论;神学,,,,5,,true,,待核实,false
cdl-004188,坎特伯雷故事集,乔叟,,,,,英文,culture-society,英国文学;坎特伯雷故事集;经典,,,,5,,true,,待核实,false
cdl-004192,坏鬼神学,杨牧谷,,,,,中文,theology,神学,,,,5,,true,,待核实,false
cdl-004195,坏鬼释经,曾思瀚 前辈,,,,,中文,bible-study,释经,,,,5,,true,,待核实,false
cdl-004193,坏鬼释经 纠正新约金句的常见诠释,曾思翰,,,,,中文,bible-study,新约;释经,,,,5,,true,,待核实,false
cdl-004194,坏鬼释经(旧约),曾思瀚,,,,,中文,bible-study,旧约;释经,,,,5,,true,,待核实,false
cdl-004196,坚忍与守望,,,,,,中文,other,坚忍;守望;基督徒生活,,,,5,,true,,待核实,false
cdl-004197,坚忍的信仰,,,,,,中文,theology,信仰,,,,5,,true,,待核实,false
cdl-004198,坚持一生的祷告,,,,,,中文,spiritual-life,祷告,,,,5,,true,,待核实,false
cdl-001630,坚持一生的祷告,杰瑞·席哲（Jerry L. Sittser）,,,,,中文,spiritual-life,祷告;灵修,,,,5,,true,,待核实,false
cdl-004199,坚持一生的祷告,杰瑞·席哲,,赵灿华,,,中文,spiritual-life,祷告;灵修;生命成长,,,,5,,true,,待核实,false
cdl-004200,坚持一生的道路,,,,,,中文,other,人生道路;门徒训练;坚持,,,,5,,true,,待核实,false
cdl-004201,坚持一生的道路,杰瑞 席哲,,,,,中文,other,人生道路;苦难;杰瑞席哲,,,,5,,true,,待核实,false
cdl-001238,埃力度奥特,巴利系佛教史纲,,,,,中文,other,佛教史;巴利文献;宗教研究,,,,5,,true,,待核实,false
cdl-004202,埃及历史铭文举要,,,,,,中文,church-history,历史,,,,5,,true,,待核实,false
cdl-004203,埃及学研究：辉煌的古埃及文明,,,,,,中文,other,古埃及;埃及学;文明史,,,,5,,true,,待核实,false
cdl-004204,埃及考古学,,,,,,中文,other,埃及考古;古埃及;考古,,,,5,,true,,待核实,false
cdl-004205,原始宗教理论,埃文斯-普理查德,,,,,中文,culture-society,宗教;人类学;原始宗教;宗教研究,,,,5,,true,,待核实,false
cdl-004206,埃涅阿斯纪,,,,,,中文,other,古典文学;史诗;罗马,,,,5,,true,,待核实,false
cdl-004207,城市化进程中的中国基督教,,,,,,中文,theology,基督,,,,5,,true,,待核实,false
cdl-004208,培养高EQ的灵命,,,,,,中文,spiritual-life,灵命,,,,5,,true,,待核实,false
cdl-004209,基业长青,,,,,,中文,other,组织管理;企业文化;领导力,,,,5,,true,,待核实,false
cdl-004210,基因熵 物种的退化,,,,,,中文,other,创造论;基因熵;护教,,,,5,,true,,待核实,false
cdl-004211,基本救恩神学,,,,,,中文,theology,神学,,,,5,,true,,待核实,false
cdl-004212,基本的释经学角度 课程文本,,,,,,中文,bible-study,释经,,,,5,,true,,待核实,false
cdl-004213,基甸的小军队,,,,,,中文,other,基甸;士师记;旧约;圣经人物,,,,5,,true,,待核实,false
cdl-004214,基督、圣灵与救赎,陈若愚,,,,,中文,theology,救赎,,,,5,,true,,待核实,false
cdl-004215,基督、圣灵与救赎,陈若愚,,,,,中文,theology,救赎,,,,5,,true,,待核实,false
cdl-001751,基督与圣经,约翰 韦咸,,,,,中文,bible-study,圣经,,,https://christian-digital-library-assets.gioia-zheng-stud.workers.dev/covers/cdl-001751.jpg,5,https://christian-digital-library-assets.gioia-zheng-stud.workers.dev/previews/cdl-001751,true,,待核实,false
cdl-004216,基督与西方思想卷 (一),,,,,,中文,theology,基督,,,,5,,true,,待核实,false
cdl-004217,基督为中心的讲道,,,,,,中文,pastoral,讲道,,,,5,,true,,待核实,false
cdl-000794,基督为谁而死,约翰欧文,,,,,中文,theology,基督,,,,5,,true,,待核实,false
cdl-004218,基督为谁而死,约翰欧文,,,,,中文,theology,基督,,,,5,,true,,待核实,false
cdl-004219,基督为谁而死,,,,,,中文,theology,基督,,,,5,,true,,待核实,false
cdl-004220,基督也超越在肉身之外,陳衛真,,,,,中文,theology,基督,,,,5,,true,,待核实,false
cdl-004221,基督书简：启示录七教会信息,杨牧谷,,,,,中文,bible-study,启示录,,,,5,,true,,待核实,false
cdl-000268,基督何许人也,日 幸德秋水,,,,,中文,theology,基督,,,https://christian-digital-library-assets.gioia-zheng-stud.workers.dev/covers/cdl-000268.jpg,5,https://christian-digital-library-assets.gioia-zheng-stud.workers.dev/previews/cdl-000268,true,,待核实,false
cdl-001431,"基督何许人也：基督抹煞论,〔日〕幸德秋水",,,,,,中文,theology,基督,,,https://christian-digital-library-assets.gioia-zheng-stud.workers.dev/covers/cdl-001431.jpg,5,https://christian-digital-library-assets.gioia-zheng-stud.workers.dev/previews/cdl-001431,true,,待核实,false
cdl-000269,基督信仰中的末世论,,,,,,中文,theology,基督;信仰,,,,5,,true,,待核实,false
cdl-004222,基督信仰浅探,,,,,,中文,theology,基督;信仰,,,,5,,true,,待核实,false
cdl-004223,基督化人生的研究,E. E. 埃梅,,谢颂羔,上海广学会,1928,中文,spiritual-life,基督徒生活;灵修;生命成长,本书从宗教教育、人格塑造与基督徒生活实践等角度讨论“基督化人生”的形成，适合作为早期中文基督教思想与灵命教育文献参考。,,,5,,true,,待核实,false
cdl-004224,基督化家庭,,,,,,中文,family-ministry,家庭,,,,5,,true,,待核实,false
cdl-001631,基督化家庭生活,华纳,,,,,中文,family-ministry,家庭,,,https://christian-digital-library-assets.gioia-zheng-stud.workers.dev/covers/cdl-001631.jpg,5,https://christian-digital-library-assets.gioia-zheng-stud.workers.dev/previews/cdl-001631,true,,待核实,false
cdl-004225,基督和他的教会,,,,,,中文,theology,基督;教会,,,,5,,true,,待核实,false
cdl-000499,基督圣徒传,爱的使者,,,,,中文,theology,基督,,,https://christian-digital-library-assets.gioia-zheng-stud.workers.dev/covers/cdl-000499.jpg,5,https://christian-digital-library-assets.gioia-zheng-stud.workers.dev/previews/cdl-000499,true,,待核实,false
cdl-005814,基督圣徒传,爱的使者,,,,,中文,theology,基督,,,,5,,true,,待核实,false
cdl-004226,基督宗教与东亚儒学的对话 林鸿信,,,,,,中文,theology,基督,,,,5,,true,,待核实,false
cdl-004228,基督宗教哲学的起源,,,,,,中文,theology,基督,,,,5,,true,,待核实,false
cdl-004229,基督宗教思想史(上),,,,,,中文,theology,基督,,,,5,,true,,待核实,false
cdl-004230,基督宗教思想史(上),,,,,,中文,theology,基督,,,,5,,true,,待核实,false
cdl-004231,基督宗教思想史(上),,,,,,中文,theology,基督,,,,5,,true,,待核实,false
cdl-004232,基督宗教思想史(上),林鴻信,,,,,中文,theology,基督,,,,5,,true,,待核实,false
cdl-004233,基督宗教思想史(下),,,,,,中文,theology,基督,,,,5,,true,,待核实,false
cdl-004234,基督宗教思想史(下),,,,,,中文,theology,基督,,,,5,,true,,待核实,false
cdl-004235,基督宗教知识辞典,,,,,,中文,reference,辞典,,,,5,,true,,待核实,false
cdl-001723,基督宗教研究(第一辑)卓新平，许志伟,,,,,,中文,theology,基督,,,https://christian-digital-library-assets.gioia-zheng-stud.workers.dev/covers/cdl-001723.jpg,5,https://christian-digital-library-assets.gioia-zheng-stud.workers.dev/previews/cdl-001723,true,,待核实,false
cdl-001725,基督宗教研究(第四辑)卓新平，许志伟,,,,,,中文,theology,基督,,,,5,,true,,待核实,false
cdl-000270,基督宗教美术图案集,,,,,,中文,theology,基督,,,,5,,true,,待核实,false
cdl-004236,基督宗教诞生前的耶稣,,,,,,中文,theology,基督,,,,5,,true,,待核实,false
cdl-004237,基督山上宝训释义,毛克礼,,,,,中文,theology,基督,,,,5,,true,,待核实,false
cdl-004238,基督山上宝训释义,毛克礼,,,,,中文,theology,基督,,,,5,,true,,待核实,false
cdl-004239,基督形象的艺术神学,亨利克·菲弗,,,,,中文,theology,基督;艺术神学;图像;神学,,,,5,,true,,待核实,false
cdl-004240,基督徒 也会抑郁,,,,,,中文,theology,基督,,,,5,,true,,待核实,false
cdl-004241,基督徒与拜偶像,小小羊,,,,,中文,theology,基督,,,,5,,true,,待核实,false
cdl-004242,基督徒伦理,吕沛渊,,,,,中文,theology,基督,,,,5,,true,,待核实,false
cdl-001934,基督徒品格之塑造,侯士庭,,,,,中文,theology,基督,,,,5,,true,,待核实,false
cdl-004244,基督徒品格之塑造—侯士庭,,,,,,中文,theology,基督,,,,5,,true,,待核实,false
cdl-001672,基督徒圣经概论：新约,刘焕俊,,,,,中文,bible-study,圣经;新约,,,https://christian-digital-library-assets.gioia-zheng-stud.workers.dev/covers/cdl-001672.jpg,5,https://christian-digital-library-assets.gioia-zheng-stud.workers.dev/previews/cdl-001672,true,,待核实,false
cdl-004245,基督徒大教义问答,马丁路德,,,,,中文,theology,教义,,,,5,,true,,待核实,false
cdl-000145,基督徒家庭敬拜,凯瑞 普塔克,,,,,中文,family-ministry,家庭,,,https://christian-digital-library-assets.gioia-zheng-stud.workers.dev/covers/cdl-000145.jpg,5,https://christian-digital-library-assets.gioia-zheng-stud.workers.dev/previews/cdl-000145,true,,待核实,false
cdl-000271,基督徒属灵争战,,,,,,中文,spiritual-life,属灵,,,https://christian-digital-library-assets.gioia-zheng-stud.workers.dev/covers/cdl-000271.jpg,5,https://christian-digital-library-assets.gioia-zheng-stud.workers.dev/previews/cdl-000271,true,,待核实,false
cdl-004246,基督徒文摘系列路加福音下,黄迦勒,,,,,中文,bible-study,路加福音,,,,5,,true,,待核实,false
cdl-004247,基督徒新约伦理学,海斯,,,,,中文,bible-study,新约,,,,5,,true,,待核实,false
cdl-000272,基督徒理所当然的侍奉,Brakel Study Manual,,,,,中文,theology,基督,,,https://christian-digital-library-assets.gioia-zheng-stud.workers.dev/covers/cdl-000272.jpg,5,https://christian-digital-library-assets.gioia-zheng-stud.workers.dev/previews/cdl-000272,true,,待核实,false
cdl-000386,基督徒理所当然的侍奉,布雷克,,,,,中文,theology,基督,,,,5,,true,,待核实,false
cdl-004248,基督徒生活手册 加尔文,,,,,,中文,reference,手册,,,,5,,true,,待核实,false
cdl-004249,基督徒的人生观—叶恩汉,,,,,,中文,theology,基督,,,,5,,true,,待核实,false
cdl-004250,基督徒的人观际,,,,,,中文,theology,基督,,,,5,,true,,待核实,false
cdl-001168,基督徒的信仰 天路客的系统神学,迈克 何顿,,,,,中文,theology,神学;系统神学,,,https://christian-digital-library-assets.gioia-zheng-stud.workers.dev/covers/cdl-001168.jpg,5,https://christian-digital-library-assets.gioia-zheng-stud.workers.dev/previews/cdl-001168,true,,待核实,false
cdl-004251,基督徒的信仰(天路客的系统神学),迈克 何顿,,,,,中文,theology,神学;系统神学,,,,5,,true,,待核实,false
cdl-004252,基督徒的信仰(天路客的系统神学),迈克 何顿,,,,,中文,theology,神学;系统神学,,,,5,,true,,待核实,false
cdl-004253,基督徒的信仰(天路客的系统神学),迈克 何顿,,,,,中文,theology,神学;系统神学,,,,5,,true,,待核实,false
cdl-004254,基督徒的婚姻觀,,,,,,中文,family-ministry,婚姻,,,,5,,true,,待核实,false
cdl-004255,基督徒的家庭观,,,,,,中文,family-ministry,家庭,,,,5,,true,,待核实,false
cdl-004256,基督徒的忍耐与品格,,,,,,中文,theology,基督,,,,5,,true,,待核实,false
cdl-004257,基督徒的愛與恨,,,,,,中文,theology,基督,,,,5,,true,,待核实,false
cdl-004258,基督徒的敬拜,,,,,,中文,spiritual-life,敬拜,,,,5,,true,,待核实,false
cdl-001741,基督徒的最后试探,康来昌,,,,,中文,theology,基督,,,,5,,true,,待核实,false
cdl-000273,基督徒的激情,丹麦 克尔凯郭尔,,,,,中文,theology,基督,,,,5,,true,,待核实,false
cdl-004259,基督徒的珍宝知足,,,,,,中文,theology,基督,,,,5,,true,,待核实,false
cdl-004260,基督徒的生活,约翰加尔文,,,,,中文,theology,基督,,,,5,,true,,待核实,false
cdl-004261,基督徒的生活,约翰加尔文,,,,,中文,theology,基督,,,,5,,true,,待核实,false
cdl-004262,基督徒的生活,,,,,,中文,theology,基督,,,,5,,true,,待核实,false
cdl-004263,基督徒的生活伦理,,,,,,中文,theology,基督,,,,5,,true,,待核实,false
cdl-004264,基督徒的生活艺术,洛夫 赫南,,,,,中文,theology,基督,,,,5,,true,,待核实,false
cdl-004265,基督徒的良心,,,,,,中文,theology,基督,,,,5,,true,,待核实,false
cdl-004266,基督徒的责任,,,,,,中文,theology,基督,,,,5,,true,,待核实,false
cdl-004267,基督徒的长进,,,,,,中文,theology,基督,,,,5,,true,,待核实,false
cdl-004268,基督徒的默观之路,,,,,,中文,theology,基督,,,,5,,true,,待核实,false
cdl-004269,基督徒看性,,,,,,中文,theology,基督,,,,5,,true,,待核实,false
cdl-004270,基督徒看權勢,,,,,,中文,theology,基督,,,,5,,true,,待核实,false
cdl-004271,基督徒看錢,,,,,,中文,theology,基督,,,,5,,true,,待核实,false
cdl-004272,基督徒纯全的敬拜 A6,,,,,,中文,spiritual-life,敬拜,,,,5,,true,,待核实,false
cdl-004273,基督徒自由憲章,,,,,,中文,theology,基督,,,,5,,true,,待核实,false
cdl-003132,基督徒长进指南,以马忤斯,,,,,中文,theology,基督,,,,5,,true,,待核实,false
cdl-004737,基督徒须知,巴刻,,,,,中文,theology,基督,,,,5,,true,,待核实,false
cdl-001864,基督心·台湾情,王宪治,,,,,中文,theology,基督,,,https://christian-digital-library-assets.gioia-zheng-stud.workers.dev/covers/cdl-001864.jpg,5,https://christian-digital-library-assets.gioia-zheng-stud.workers.dev/previews/cdl-001864,true,,待核实,false
cdl-004274,约瑟夫著作精选：犹太故事、犹太战记,约瑟夫,,,,,中文,church-history,犹太史;约瑟夫;历史文献,,,,5,,true,,待核实,false
cdl-004275,基督教三一论浅析,,,,,,中文,theology,基督,,,,5,,true,,待核实,false
cdl-004276,基督教三一论浅析,,,,,,中文,theology,基督,,,,5,,true,,待核实,false
cdl-004277,基督教三一论浅析,,,,,,中文,theology,基督,,,,5,,true,,待核实,false
cdl-002157,基督教三一论浅析：奥尔森，霍尔,,,,,,中文,theology,基督,,,,0,,true,,待核实,false
cdl-004278,基督教与中国文化,吴雷川,,,,,中文,theology,基督教;中国文化;神学思想,,,,5,,true,,待核实,false
cdl-004279,基督教与中国文化,吴雷川,,,,,中文,theology,基督教;中国文化;神学思想,,,,5,,true,,待核实,false
cdl-001236,基督教与中国近现代教育,,,,,,中文,theology,基督,,,https://christian-digital-library-assets.gioia-zheng-stud.workers.dev/covers/cdl-001236.jpg,5,https://christian-digital-library-assets.gioia-zheng-stud.workers.dev/previews/cdl-001236,true,,待核实,false
cdl-001097,基督教与古典文化：基督教与希腊主义相遇中自然神学的转化,雅罗斯拉夫·帕利坎,,,,,中文,theology,神学;自然神学;古典文化;基督教思想史,,,,5,,true,,待核实,false
cdl-004280,基督教与古典文化：自然神学变形记,,,,,,中文,theology,神学,,,,5,,true,,待核实,false
cdl-001220,基督教与帝国文化,,,,,,中文,theology,基督,,,https://christian-digital-library-assets.gioia-zheng-stud.workers.dev/covers/cdl-001220.jpg,5,https://christian-digital-library-assets.gioia-zheng-stud.workers.dev/previews/cdl-001220,true,,待核实,false
cdl-001724,基督教与帝国文化,王晓朝,,,,,中文,theology,基督,,,https://christian-digital-library-assets.gioia-zheng-stud.workers.dev/covers/cdl-001724.jpg,5,https://christian-digital-library-assets.gioia-zheng-stud.workers.dev/previews/cdl-001724,true,,待核实,false
cdl-004282,基督教与新神学,梅钦,,,,,中文,theology,神学,,,,5,,true,,待核实,false
cdl-004281,基督教与新神学 梅钦博士,,,,,,中文,theology,神学,,,,5,,true,,待核实,false
cdl-001649,基督教与现代哲学,俗世寻真,,,,,中文,theology,基督,,,,5,,true,,待核实,false
cdl-001713,基督教与社会秩序,汤檏威廉,,,,,中文,theology,基督,,,,5,,true,,待核实,false
cdl-004283,基督教与自由主义,梅钦,,,,,中文,theology,基督,,,,5,,true,,待核实,false
cdl-000274,基督教与西方思想 01,科林 布朗,,,,,中文,theology,基督,,,,5,,true,,待核实,false
cdl-000275,基督教与西方思想 02,史蒂夫 威尔肯斯,,,,,中文,theology,基督,,,https://christian-digital-library-assets.gioia-zheng-stud.workers.dev/covers/cdl-000275.jpg,5,https://christian-digital-library-assets.gioia-zheng-stud.workers.dev/previews/cdl-000275,true,,待核实,false
cdl-004284,基督教与西方思想(卷一),,,,,,中文,theology,基督,,,,5,,true,,待核实,false
cdl-004285,基督教与西方思想(卷二),,,,,,中文,theology,基督,,,,5,,true,,待核实,false
cdl-004286,基督教与近代中国,杨天宏,,,四川人民出版社,1994,中文,church-history,中国教会史;近代中国;基督教史,,,,5,,true,,待核实,false
cdl-004287,基督教与近代中国社会,,,,,,中文,theology,基督,,,,5,,true,,待核实,false
cdl-004288,基督教与近代中国社会,顾卫民,,,,,中文,theology,基督,,,,5,,true,,待核实,false
cdl-006141,基督教与近代中西文化,罗秉祥 赵敦华,,,,,中文,theology,基督,,,,5,,true,,待核实,false
cdl-004289,基督教与道教伦理思想研究,何除;林庆华,,,,,中文,theology,基督教;道教;伦理;思想研究,,,,5,,true,,待核实,false
cdl-004290,基督教世界科学与神学论战史（上卷）,安德鲁·迪克森·怀特,,,,,中文,culture-society,科学史;神学;宗教与科学,,,,5,,true,,待核实,false
cdl-004291,基督教世界科学与神学论战史（下卷）,安德鲁·迪克森·怀特,,,,,中文,culture-society,科学史;神学;宗教与科学,,,,5,,true,,待核实,false
cdl-004292,基督教中级讲道学,,,,,,中文,pastoral,讲道,,,,5,,true,,待核实,false
cdl-001900,基督教义与实践卷二：基督与救恩,韦恩 格鲁登,,,,,中文,theology,教义,,,https://christian-digital-library-assets.gioia-zheng-stud.workers.dev/covers/cdl-001900.jpg,5,https://christian-digital-library-assets.gioia-zheng-stud.workers.dev/previews/cdl-001900,true,,待核实,false
cdl-004293,基督教之研究,聖嚴法師,,,,,中文,theology,基督,,,,5,,true,,待核实,false
cdl-001860,基督教之贫乏,岑朗天,,,,,中文,theology,基督,,,https://christian-digital-library-assets.gioia-zheng-stud.workers.dev/covers/cdl-001860.jpg,5,https://christian-digital-library-assets.gioia-zheng-stud.workers.dev/previews/cdl-001860,true,,待核实,false
cdl-004295,基督教二千年,马超群,,,,,中文,theology,基督,,,,5,,true,,待核实,false
cdl-004294,基督教二千年,马超群,,,中国青年出版社,1988,中文,church-history,教会史;基督教史,,,,5,,true,,待核实,false
cdl-004296,基督教会十人十事 梁家麟,,,,,,中文,theology,基督;教会,,,,5,,true,,待核实,false
cdl-004297,基督教会历史年表,约翰 汉那,,,,,中文,church-history,历史,,,,5,,true,,待核实,false
cdl-000276,基督教会史,沃尔克,,,,,中文,church-history,教会史,,,https://christian-digital-library-assets.gioia-zheng-stud.workers.dev/covers/cdl-000276.jpg,5,https://christian-digital-library-assets.gioia-zheng-stud.workers.dev/previews/cdl-000276,true,,待核实,false
cdl-000277,基督教会史,雪莱,,,,,中文,church-history,教会史,,,,5,,true,,待核实,false
cdl-004301,基督教会史,张绥,,,,,中文,church-history,教会史,,,,5,,true,,待核实,false
cdl-004302,基督教会史,,,,,,中文,church-history,教会史,,,,5,,true,,待核实,false
cdl-004299,基督教会史 宗派主义部分 阅读材料,,,,,,中文,church-history,教会史,,,,5,,true,,待核实,false
cdl-004300,基督教会史(华尔克),,,,,,中文,church-history,教会史,,,,5,,true,,待核实,false
cdl-004298,基督教会史：简明版（第三版）,雪莱（Bruce L. Shelley）,雪莱（Bruce L. Shelley，1927-2010）是美国教会史学者，曾任丹佛神学院教会史与历史神学教授。他以面向普通读者的教会史写作闻名。,,,,中文,church-history,教会史;基督教历史;历史神学,本书以清晰易读的叙事方式介绍基督教会历史，从早期教会、宗教改革到近现代教会发展，帮助读者建立整体历史脉络。,,,5,,true,,版权受保护,false
cdl-004303,基督教会史略,梁家麟,,,,,中文,church-history,教会史,,,,5,,true,,待核实,false
cdl-000041,基督教会崇拜的重探,上海光启社,,,,,中文,theology,基督;教会,,,https://christian-digital-library-assets.gioia-zheng-stud.workers.dev/covers/cdl-000041.jpg,5,https://christian-digital-library-assets.gioia-zheng-stud.workers.dev/previews/cdl-000041,true,,待核实,false
cdl-004304,基督教会崇拜的重探,,,,,,中文,theology,基督;教会,,,,5,,true,,待核实,false
cdl-004305,基督教伦理,金晓声,,,,,中文,theology,基督,,,,5,,true,,待核实,false
cdl-001743,基督教伦理学,Waldo Beach H Richard Niebuhr,,,,,中文,theology,基督,,,https://christian-digital-library-assets.gioia-zheng-stud.workers.dev/covers/cdl-001743.jpg,5,https://christian-digital-library-assets.gioia-zheng-stud.workers.dev/previews/cdl-001743,true,,待核实,false
cdl-002619,基督教伦理学,,,,,,中文,theology,基督,,,,5,,true,,待核实,false
cdl-004306,基督教伦理学,贾诗勒,,,,,中文,theology,基督,,,,5,,true,,待核实,false
cdl-000278,基督教伦理学与当代道德问题,,,,,,中文,theology,基督,,,,5,,true,,待核实,false
cdl-004307,基督教伦理学之基础,,,,,,中文,theology,基督,,,,5,,true,,待核实,false
cdl-002637,基督教伦理学的来源,,,,,,中文,theology,基督,,,,5,,true,,待核实,false
cdl-001902,基督教伦理学诠释,莱茵霍尔德 尼布尔,,,,,中文,theology,基督,,,,5,,true,,待核实,false
cdl-000780,基督教信仰,约翰 斯托得,,,,,中文,theology,基督;信仰,,,https://christian-digital-library-assets.gioia-zheng-stud.workers.dev/covers/cdl-000780.jpg,5,https://christian-digital-library-assets.gioia-zheng-stud.workers.dev/previews/cdl-000780,true,,待核实,false
cdl-002168,基督教信仰,约翰 斯托得,,,,,中文,theology,基督;信仰,,,,5,,true,,待核实,false
cdl-001942,基督教信仰之研究,鲍凯索,,,,,中文,theology,基督;信仰,,,,5,,true,,待核实,false
cdl-004309,基督教信仰告白 全,,,,,,中文,theology,基督;信仰,,,,5,,true,,待核实,false
cdl-001856,基督教信仰经得起考验吗：伯特汤普逊，威尼杰克逊,,,,,,中文,theology,基督;信仰,,,https://christian-digital-library-assets.gioia-zheng-stud.workers.dev/covers/cdl-001856.jpg,5,https://christian-digital-library-assets.gioia-zheng-stud.workers.dev/previews/cdl-001856,true,,待核实,false
cdl-004312,基督教先驱的受难,,,,,,中文,theology,基督,,,,5,,true,,待核实,false
cdl-004323,基督教典外文献：旧约篇V,,,,,,中文,theology,基督教典外文献;旧约;文献,,,,5,,true,,待核实,false
cdl-004324,基督教千问,,,,,,中文,theology,基督,,,,5,,true,,待核实,false
cdl-001889,基督教历代别异神学思想简介,谢家树,,,,,中文,theology,神学,,,,5,,true,,待核实,false
cdl-004325,基督教历史伟人传,,,,,,中文,church-history,历史,,,,5,,true,,待核实,false
cdl-004326,基督教历史年代表,,,,,,中文,church-history,历史,,,,5,,true,,待核实,false
cdl-004327,基督教古典教育,,,,,,中文,theology,基督,,,,5,,true,,待核实,false
cdl-000279,基督教史,优西比乌,,,,,中文,theology,基督,,,https://christian-digital-library-assets.gioia-zheng-stud.workers.dev/covers/cdl-000279.jpg,5,https://christian-digital-library-assets.gioia-zheng-stud.workers.dev/previews/cdl-000279,true,,待核实,false
cdl-004328,基督教史（上卷）,胡斯托·L. 冈萨雷斯,,,,,中文,church-history,教会历史;基督教史,,,,5,,true,,待核实,false
cdl-004329,基督教史：最初的三千年,迪尔梅德·麦卡洛克,,,,,中文,church-history,教会历史;基督教史,,,,5,,true,,待核实,false
cdl-004330,基督教史纲,游斌,,,,,中文,theology,基督,,,,5,,true,,待核实,false
cdl-000280,基督教圣约神学讲义,孙宏广,,,,,中文,theology,神学,,,https://christian-digital-library-assets.gioia-zheng-stud.workers.dev/covers/cdl-000280.jpg,5,https://christian-digital-library-assets.gioia-zheng-stud.workers.dev/previews/cdl-000280,true,,待核实,false
cdl-004331,基督教在中国 处境化的智慧 上,,,,,,中文,theology,基督,,,,5,,true,,待核实,false
cdl-004332,基督教在中国 处境化的智慧 下,,,,,,中文,theology,基督,,,,5,,true,,待核实,false
cdl-000292,基督教在近代中国传教方式的转变,基督教研究,,,,,中文,theology,基督,,,https://christian-digital-library-assets.gioia-zheng-stud.workers.dev/covers/cdl-000292.jpg,5,https://christian-digital-library-assets.gioia-zheng-stud.workers.dev/previews/cdl-000292,true,,待核实,false
cdl-000281,基督教大思想家,汉斯 昆,,,,,中文,theology,基督,,,,5,,true,,待核实,false
cdl-004333,基督教宣教史略,贾礼荣,,,,,中文,missions,宣教,,,,5,,true,,待核实,false
cdl-001730,基督教宣教史略：从五旬节到今代宣教概览,贾礼荣,,,,,中文,missions,宣教,,,,5,,true,,待核实,false
cdl-000282,基督教对文明的影响,,,,,,中文,theology,基督,,,,5,,true,,待核实,false
cdl-002648,基督教对文明的影响,阿尔文 施密特,,,,,中文,theology,基督,,,,5,,true,,待核实,false
cdl-000972,基督教导论,,,,,,中文,theology,基督,,,https://christian-digital-library-assets.gioia-zheng-stud.workers.dev/covers/cdl-000972.jpg,5,https://christian-digital-library-assets.gioia-zheng-stud.workers.dev/previews/cdl-000972,true,,待核实,false
cdl-004335,基督教崇拜導論,,,,,,中文,theology,基督,,,,5,,true,,待核实,false
cdl-004336,基督教崇拜導論講義(上),,,,,,中文,theology,基督,,,,5,,true,,待核实,false
cdl-004337,基督教崇拜導論講義(下),,,,,,中文,theology,基督,,,,5,,true,,待核实,false
cdl-001451,"基督教并不神秘,〔英〕托兰德",,,,,,中文,theology,基督,,,https://christian-digital-library-assets.gioia-zheng-stud.workers.dev/covers/cdl-001451.jpg,5,https://christian-digital-library-assets.gioia-zheng-stud.workers.dev/previews/cdl-001451,true,,待核实,false
cdl-002649,基督教思想史,,,,,,中文,theology,基督,,,,5,,true,,待核实,false
cdl-004339,基督教思想史,胡斯都 l 冈察雷,,,,,中文,theology,基督,,,,5,,true,,待核实,false
cdl-004340,基督教思想史,奥尔森,,,,,中文,theology,基督,,,,5,,true,,待核实,false
cdl-004338,基督教思想史 从其犹太和希腊发端到存在主义,,,,,,中文,theology,基督,,,,5,,true,,待核实,false
cdl-004341,基督教思想史02,,,,,,中文,theology,基督,,,,5,,true,,待核实,false
cdl-004342,基督教思想史03,,,,,,中文,theology,基督,,,,5,,true,,待核实,false
cdl-004343,基督教思想史第一卷,,,,,,中文,theology,基督,,,,5,,true,,待核实,false
cdl-004344,基督教思想史第三卷,,,,,,中文,theology,基督,,,,5,,true,,待核实,false
cdl-004345,基督教思想史第二卷,,,,,,中文,theology,基督,,,,5,,true,,待核实,false
cdl-004346,基督教护教学,范泰尔,,,,,中文,theology,护教,,,,5,,true,,待核实,false
cdl-006301,基督教护教学,范泰尔,,,,,中文,theology,护教,,,,5,,true,,待核实,false
cdl-004347,基督教教义史,,,,,,中文,theology,教义,,,,5,,true,,待核实,false
cdl-004348,基督教教义史,,,,,,中文,theology,教义,,,,5,,true,,待核实,false
cdl-004349,基督教教义史,台版 伯克富,,,,,中文,theology,教义,,,,5,,true,,待核实,false
cdl-004350,基督教教義發展史讀本內文,,,,,,中文,theology,教義,,,,5,,true,,待核实,false
cdl-004351,基督教教育,,,,,,中文,theology,基督,,,,5,,true,,待核实,false
cdl-000283,基督教文化160问,卓新平,,,,,中文,theology,基督,,,https://christian-digital-library-assets.gioia-zheng-stud.workers.dev/covers/cdl-000283.jpg,5,https://christian-digital-library-assets.gioia-zheng-stud.workers.dev/previews/cdl-000283,true,,待核实,false
cdl-001884,基督教文化的挑战：登山宝训精研,史托德,,,,,中文,theology,基督,,,https://christian-digital-library-assets.gioia-zheng-stud.workers.dev/covers/cdl-001884.jpg,5,https://christian-digital-library-assets.gioia-zheng-stud.workers.dev/previews/cdl-001884,true,,待核实,false
cdl-004354,基督教文学,梁工主,,,,,中文,theology,基督,,,,5,,true,,待核实,false
cdl-000285,基督教文学经典选读上,,,,,,中文,theology,基督,,,,5,,true,,待核实,false
cdl-004355,基督教文明论护教学,王志勇,,,,,中文,theology,护教,,,,5,,true,,待核实,false
cdl-004356,基督教新教传教士在华名录,,,,,,中文,theology,基督,,,,5,,true,,待核实,false
cdl-004357,基督教新约伦理学,,,,,,中文,bible-study,新约,,,,5,,true,,待核实,false
cdl-004358,基督教旧约伦理学,莱特,,,,,中文,bible-study,旧约,,,,5,,true,,待核实,false
cdl-004360,基督教概论,麦格拉思,,,,,中文,theology,基督,,,,5,,true,,待核实,false
cdl-004359,基督教概论(第二版),,,,,,中文,theology,基督,,,,5,,true,,待核实,false
cdl-004361,基督教灵修学,麦格夫,,,,,中文,spiritual-life,灵修,,,,5,,true,,待核实,false
cdl-000286,基督教理论与现代,特洛尔奇,,,,,中文,theology,基督,,,,5,,true,,待核实,false
cdl-002008,基督教画传,郭玉斌,,,,,中文,theology,基督,,,,5,,true,,待核实,false
cdl-004362,基督教百问,王志远,,,,,中文,theology,基督,,,,5,,true,,待核实,false
cdl-004363,基督教的兴起 一个社会学家对历史的再思,,,,,,中文,church-history,历史,,,,5,,true,,待核实,false
cdl-004364,基督教的兴起：一个社会学家对历史的再思,罗德尼·斯塔克,,,,,中文,church-history,教会史;宗教社会学;早期基督教,,,,5,,true,,待核实,false
cdl-000287,基督教的婚姻哲学,特洛依斯基,,,,,中文,family-ministry,婚姻,,,https://christian-digital-library-assets.gioia-zheng-stud.workers.dev/covers/cdl-000287.jpg,5,https://christian-digital-library-assets.gioia-zheng-stud.workers.dev/previews/cdl-000287,true,,待核实,false
cdl-001895,基督教的未来,麦格夫,,,,,中文,theology,基督,,,https://christian-digital-library-assets.gioia-zheng-stud.workers.dev/covers/cdl-001895.jpg,5,https://christian-digital-library-assets.gioia-zheng-stud.workers.dev/previews/cdl-001895,true,,待核实,false
cdl-004365,基督教的未来,,,,,,中文,theology,基督,,,,5,,true,,待核实,false
cdl-001937,基督教的末世论：末世论与释经学,黄彼得,,,,,中文,bible-study,释经,,,,5,,true,,待核实,false
cdl-000288,基督教的本质,费尔巴哈,,,,,中文,theology,基督,,,https://christian-digital-library-assets.gioia-zheng-stud.workers.dev/covers/cdl-000288.jpg,5,https://christian-digital-library-assets.gioia-zheng-stud.workers.dev/previews/cdl-000288,true,,待核实,false
cdl-001248,"基督教的本质,〔德〕费尔巴哈",,,,,,中文,theology,基督,,,https://christian-digital-library-assets.gioia-zheng-stud.workers.dev/covers/cdl-001248.jpg,5,https://christian-digital-library-assets.gioia-zheng-stud.workers.dev/previews/cdl-001248,true,,待核实,false
cdl-000293,基督教研究-基督教的婚姻哲学,特洛茨柯依,,,,,中文,family-ministry,婚姻,,,,5,,true,,待核实,false
cdl-002034,基督教神学,巴文克 Herman Bavinck,,,,,中文,theology,神学,,,,5,,true,,待核实,false
cdl-004366,基督教神学（增订本卷一）,艾利克森,,,,,中文,theology,神学;系统神学;基督教神学,,,,5,,true,,待核实,false
cdl-004367,基督教神学（增订本卷三）,艾利克森,,,,,中文,theology,神学;系统神学;基督教神学,,,,5,,true,,待核实,false
cdl-004368,基督教神学（增订本卷二）,艾利克森,,,,,中文,theology,神学;系统神学;基督教神学,,,,5,,true,,待核实,false
cdl-004741,基督教神学,巴文克,,,,,中文,theology,神学,,,,5,,true,,待核实,false
cdl-000299,基督教神学与教义图表,,,,,,中文,theology,神学;教义,,,https://christian-digital-library-assets.gioia-zheng-stud.workers.dev/covers/cdl-000299.jpg,5,https://christian-digital-library-assets.gioia-zheng-stud.workers.dev/previews/cdl-000299,true,,待核实,false
cdl-004369,基督教神学与教义图表,韦恩 赦思,,,,,中文,theology,神学;教义,,,,5,,true,,待核实,false
cdl-004370,基督教神学原典精华：麦葛福2,,,,,,中文,theology,神学,,,,5,,true,,待核实,false
cdl-000300,基督教神学原典菁华,麦葛福,,,,,中文,theology,神学,,,https://christian-digital-library-assets.gioia-zheng-stud.workers.dev/covers/cdl-000300.jpg,5,https://christian-digital-library-assets.gioia-zheng-stud.workers.dev/previews/cdl-000300,true,,待核实,false
cdl-001840,基督教神学原典菁华,麦葛福,,,,,中文,theology,神学,,,https://christian-digital-library-assets.gioia-zheng-stud.workers.dev/covers/cdl-001840.jpg,5,https://christian-digital-library-assets.gioia-zheng-stud.workers.dev/previews/cdl-001840,true,,待核实,false
cdl-004371,基督教神学原典菁华,麦葛福,,,,,中文,theology,神学,,,,5,,true,,待核实,false
cdl-004372,基督教神学发展史（二）：中世纪教会,林荣洪,,,,,中文,theology,神学;教会史;中世纪教会;神学史,,,,5,,true,,待核实,false
cdl-006711,基督教神学导引,陈慎庆 信仰的天空,,,,,中文,theology,神学,,,,5,,true,,待核实,false
cdl-000301,基督教神学思想史,奥尔森,,,,,中文,theology,神学,,,,5,,true,,待核实,false
cdl-004373,基督教神学思想史,,,,,,中文,theology,神学,,,,5,,true,,待核实,false
cdl-004374,基督教神学思想导论,许志伟,,,,,中文,theology,神学,,,,5,,true,,待核实,false
cdl-004375,基督教神学思想导论,许志伟,,,,,中文,theology,神学,,,,5,,true,,待核实,false
cdl-004376,基督教神学手册,麦格福 清晰,,,,,中文,reference,手册,,,,5,,true,,待核实,false
cdl-002110,基督教神学概论,伯克富,,,,,中文,theology,神学,,,,5,,true,,待核实,false
cdl-004377,基督教神学概论,Louis berkhof,,,,,中文,theology,神学,,,,5,,true,,待核实,false
cdl-004378,基督教神学概论,,,,,,中文,theology,神学,,,,5,,true,,待核实,false
cdl-000351,基督教神学范畴：历史的和文化比较的考察,张庆熊,,,,,中文,church-history,历史,,,https://christian-digital-library-assets.gioia-zheng-stud.workers.dev/covers/cdl-000351.jpg,5,https://christian-digital-library-assets.gioia-zheng-stud.workers.dev/previews/cdl-000351,true,,待核实,false
cdl-002177,基督教科学观,周功和,,,,,中文,theology,基督,,,,5,,true,,待核实,false
cdl-000373,基督教箴言隽语录,托马斯 阿奎那,,,,,中文,bible-study,箴言,,,,5,,true,,待核实,false
cdl-004379,基督教经典译丛 回到正统,切斯特顿,,,,,中文,theology,基督,,,,5,,true,,待核实,false
cdl-004380,基督教与中西文化,,,,,,中文,culture-society,基督教;中西文化;文化研究,,,,5,,true,,待核实,false
cdl-004381,基督教要义 (下),,,,,,中文,theology,基督,,,,5,,true,,待核实,false
cdl-004382,基督教要义(上),,,,,,中文,theology,基督,,,,5,,true,,待核实,false
cdl-004383,基督教要义,约翰·加尔文,,,,,英文,theology,改革宗;系统神学;加尔文;基督教要义,,,,5,,true,,待核实,false
cdl-004385,基督教要义上,,,,,,中文,theology,基督,,,,5,,true,,待核实,false
cdl-004386,基督教要义上册,,,,,,中文,theology,基督,,,,5,,true,,待核实,false
cdl-004387,基督教要义下,,,,,,中文,theology,基督,,,,5,,true,,待核实,false
cdl-004388,基督教要义下册,,,,,,中文,theology,基督,,,,5,,true,,待核实,false
cdl-004389,基督教要义中,,,,,,中文,theology,基督,,,,5,,true,,待核实,false
cdl-004390,基督教要道初阶,要理问答精解,,,,,中文,theology,基督,,,,5,,true,,待核实,false
cdl-002613,基督教训练,,,,,,中文,theology,基督,,,,5,,true,,待核实,false
cdl-002614,基督教训练,,,,,,中文,theology,基督,,,,5,,true,,待核实,false
cdl-000113,基督教词典,任继愈,,,,,中文,reference,词典,,,https://christian-digital-library-assets.gioia-zheng-stud.workers.dev/covers/cdl-000113.jpg,5,https://christian-digital-library-assets.gioia-zheng-stud.workers.dev/previews/cdl-000113,true,,待核实,false
cdl-004391,基督教诠释学浅析,贾思柏,,,,,中文,theology,基督,,,,5,,true,,待核实,false
cdl-001979,基督教谘商伦理,冉道夫 孙德司,,,,,中文,theology,基督,,,https://christian-digital-library-assets.gioia-zheng-stud.workers.dev/covers/cdl-001979.jpg,5,https://christian-digital-library-assets.gioia-zheng-stud.workers.dev/previews/cdl-001979,true,,待核实,false
cdl-000302,基督教释经学,兰姆,,,,,中文,bible-study,释经,,,,5,,true,,待核实,false
cdl-004392,基督教释经学,W W 克莱恩 C L 布鲁姆伯格 R L 哈伯德,,,,,中文,bible-study,释经,,,,5,,true,,待核实,false
cdl-004393,基督教释经学,W W 克莱恩 C L 布鲁姆伯格 R L 哈伯德,,,,,中文,bible-study,释经,,,,5,,true,,待核实,false
cdl-004394,基督教释经学,W. W. 克莱恩、C. L. 布鲁姆伯格,,,,,中文,bible-study,释经学;圣经解释;圣经研究,,,,5,,true,,待核实,false
cdl-001789,基督教释经学手册,格兰 奥斯邦,,,,,中文,reference,手册,,,,5,,true,,待核实,false
cdl-004395,基督教靈性生活面譜,,,,,,中文,spiritual-life,靈性,,,,5,,true,,待核实,false
cdl-004396,基督教史（下卷）,胡斯托·L. 冈萨雷斯,,,,,中文,church-history,教会历史;基督教史,,,,5,,true,,待核实,false
cdl-004397,基督是一切：新约各卷精华（卷四）,,,,,,中文,theology,基督论;新约;神学,,,,5,,true,,待核实,false
cdl-004398,基督是我们的满足,,,,,,中文,theology,基督,,,,5,,true,,待核实,false
cdl-001851,基督比喻精华,博爱思,,,,,中文,theology,基督,,,https://christian-digital-library-assets.gioia-zheng-stud.workers.dev/covers/cdl-001851.jpg,5,https://christian-digital-library-assets.gioia-zheng-stud.workers.dev/previews/cdl-001851,true,,待核实,false
cdl-004399,基督比喻精华,博爱思,,,,,中文,theology,基督,,,,5,,true,,待核实,false
cdl-004400,基督比喻精华,博爱思,,,,,中文,theology,基督,,,,5,,true,,待核实,false
cdl-004401,基督比喻精华2版,博爱思,,,,,中文,theology,基督,,,,5,,true,,待核实,false
cdl-004402,基督永长久：试析沈以藩主教的道成肉身思想,陈企瑞,,,,,中文,theology,道成肉身;基督,,,,5,,true,,待核实,false
cdl-001932,基督生平,王春光,,,,,中文,church-history,生平,,,,5,,true,,待核实,false
cdl-002153,基督生平,焦源濂,,,,,中文,church-history,生平,,,,5,,true,,待核实,false
cdl-002424,基督生平(以马太福音为中心)第2册,预备期,,,,,中文,bible-study,马太福音,,,,5,,true,,待核实,false
cdl-004403,基督生平中的关键时机,,,,,,中文,church-history,生平,,,,5,,true,,待核实,false
cdl-001949,基督的传人,施达雄,,,,,中文,theology,基督,,,,5,,true,,待核实,false
cdl-001908,基督的位格与职分：科林·布朗，斯坦福·里德,,,,,,中文,theology,基督,,,https://christian-digital-library-assets.gioia-zheng-stud.workers.dev/covers/cdl-001908.jpg,5,https://christian-digital-library-assets.gioia-zheng-stud.workers.dev/previews/cdl-001908,true,,待核实,false
cdl-004405,基督的十字架,,,,,,中文,theology,十字架;基督,,,,5,,true,,待核实,false
cdl-004406,基督的十字架与复活,,,,,,中文,theology,十字架;基督,,,,5,,true,,待核实,false
cdl-000215,基督的基本道理,,,,,,中文,theology,基督,,,https://christian-digital-library-assets.gioia-zheng-stud.workers.dev/covers/cdl-000215.jpg,5,https://christian-digital-library-assets.gioia-zheng-stud.workers.dev/previews/cdl-000215,true,,待核实,false
cdl-002331,基督的宝训,王以诺,,,,,中文,theology,基督,,,,5,,true,,待核实,false
cdl-000303,基督的灵,慕安得烈,,,,,中文,theology,基督,,,https://christian-digital-library-assets.gioia-zheng-stud.workers.dev/covers/cdl-000303.jpg,5,https://christian-digital-library-assets.gioia-zheng-stud.workers.dev/previews/cdl-000303,true,,待核实,false
cdl-002316,基督的灵,慕安德烈,,,,,中文,theology,基督,,,,5,,true,,待核实,false
cdl-004407,基督的灵,,,,,,中文,theology,基督,,,,5,,true,,待核实,false
cdl-000330,基督的生命,宣信,,,,,中文,theology,基督,,,,5,,true,,待核实,false
cdl-004408,基督的生命,,,,,,中文,theology,基督,,,,5,,true,,待核实,false
cdl-001887,基督的神人二性,马丁 开姆尼茨,,,,,中文,theology,基督,,,https://christian-digital-library-assets.gioia-zheng-stud.workers.dev/covers/cdl-001887.jpg,5,https://christian-digital-library-assets.gioia-zheng-stud.workers.dev/previews/cdl-001887,true,,待核实,false
cdl-004409,基督的荣耀,,,,,,中文,theology,基督,,,,5,,true,,待核实,false
cdl-005634,基督真伪徒辨,歌士瑞,,,,,中文,theology,基督,,,,5,,true,,待核实,false
cdl-001731,基督荣耀的身体,凯波尔,,,,,中文,theology,基督,,,https://christian-digital-library-assets.gioia-zheng-stud.workers.dev/covers/cdl-001731.jpg,5,https://christian-digital-library-assets.gioia-zheng-stud.workers.dev/previews/cdl-001731,true,,待核实,false
cdl-001511,基督荣耀的身体：教会论,,,,,,中文,theology,基督;教会论;神学,,,https://christian-digital-library-assets.gioia-zheng-stud.workers.dev/covers/cdl-001511.jpg,5,https://christian-digital-library-assets.gioia-zheng-stud.workers.dev/previews/cdl-001511,true,,待核实,false
cdl-000304,基督论教义,,,,,,中文,theology,教义;基督论,,,https://christian-digital-library-assets.gioia-zheng-stud.workers.dev/covers/cdl-000304.jpg,5,https://christian-digital-library-assets.gioia-zheng-stud.workers.dev/previews/cdl-000304,true,,待核实,false
cdl-000216,基督道理的开端-使徒信经的信仰,,,,,,中文,theology,信经;基督;信仰,,,https://christian-digital-library-assets.gioia-zheng-stud.workers.dev/covers/cdl-000216.jpg,5,https://christian-digital-library-assets.gioia-zheng-stud.workers.dev/previews/cdl-000216,true,,待核实,false
cdl-004410,基督那测不透的丰富,,,,,,中文,theology,基督,,,,5,,true,,待核实,false
cdl-002369,基督那测不透的丰富：以弗所书第三章,钟马田,,,,,中文,bible-study,以弗所,,,,5,,true,,待核实,false
cdl-004411,基础系统神学,杨庆球,,,,,中文,theology,神学;系统神学,,,,5,,true,,待核实,false
cdl-004412,基要52课查经上,李汉文,,,,,中文,other,基要真理;查经;门徒训练,,,,5,,true,,待核实,false
cdl-004413,基要52课查经下,李汉文,,,,,中文,other,基要真理;查经;门徒训练,,,,5,,true,,待核实,false
cdl-004414,基要真理,,,,,,中文,other,基要真理;信仰入门;门徒训练,,,,5,,true,,待核实,false
cdl-004415,基要真理（二）,,,,,,中文,theology,基要真理;信仰入门;门徒训练,,,,5,,true,,待核实,false
cdl-001565,基要真理面面观,Know Him Truely 真知道祂,,,,,中文,other,基要真理;神学入门;信仰根基,,,,5,,true,,待核实,false
cdl-004416,基要真理面面观,马有藻,,,,,中文,other,基要真理;神学入门;马有藻,,,,5,,true,,待核实,false
cdl-004417,基要真理面面观,马有藻,,,,,中文,other,基要真理;神学入门;马有藻,,,,5,,true,,待核实,false
cdl-004418,基要神学(上),杜非尔 范克理夫,,,,,中文,theology,神学,,,,5,,true,,待核实,false
cdl-004419,基要神学(上),杜非尔 范克理夫 合,,,,,中文,theology,神学,,,,5,,true,,待核实,false
cdl-004420,基要神学(下),杜非尔 范克理夫 合,,,,,中文,theology,神学,,,,5,,true,,待核实,false
cdl-004421,基要神学(中),杜非尔 范克理夫 合,,,,,中文,theology,神学,,,,5,,true,,待核实,false
cdl-004422,基要神学(中),杜非尔 范克理夫 合,,,,,中文,theology,神学,,,,5,,true,,待核实,false
cdl-000305,基要福音真理-保罗华许,文字合集版,,,,,中文,other,福音真理;保罗华许;信仰根基,,,,5,,true,,待核实,false
cdl-001968,塑救赎中的性格,Dan Montgomery,,,,,中文,theology,救赎,,,,5,,true,,待核实,false
cdl-004423,塑造主生命：门徒训练品格篇,,,,,,中文,spiritual-life,门徒训练;品格塑造;生命成长,,,,5,,true,,待核实,false
cdl-001598,塑造伟大孩子的新思考,提姆·金梅尔,,,,,中文,family-ministry,孩子;亲子教育;家庭事工;品格培养,,,,5,,true,,待核实,false
cdl-004424,塑造新一代传道人的神学教育：2016神学教育咨询会议论文集,,,,,,中文,missions,传道,,,,5,,true,,待核实,false
cdl-000306,塔木德,中文,,,,,中文,other,塔木德;犹太文献;宗教研究,,,,5,,true,,待核实,false
cdl-004425,境遇伦理学 新道德论,约瑟夫 弗莱彻,,,,,中文,culture-society,伦理,,,,5,,true,,待核实,false
cdl-000696,增長七動力,彼得 魏格纳,,,,,中文,other,教会增长;彼得魏格纳;教会事工,,,https://christian-digital-library-assets.gioia-zheng-stud.workers.dev/covers/cdl-000696.jpg,5,https://christian-digital-library-assets.gioia-zheng-stud.workers.dev/previews/cdl-000696,true,,待核实,false
cdl-001647,增长小组使徒行传手册,陈道雄,,,,,中文,reference,手册,,,https://christian-digital-library-assets.gioia-zheng-stud.workers.dev/covers/cdl-001647.jpg,5,https://christian-digital-library-assets.gioia-zheng-stud.workers.dev/previews/cdl-001647,true,,待核实,false
cdl-004426,墮落與文化,唐崇榮,,,,,中文,culture-society,文化,,,,5,,true,,待核实,false
cdl-004427,士师记,曾祥新,,,,,中文,bible-study,士师记,,,,5,,true,,待核实,false
cdl-004428,士师记,曾祥新,,,,,中文,bible-study,士师记,,,,5,,true,,待核实,false
cdl-001813,士师记：乱世中的拯救,张慕皑,,,,,中文,bible-study,士师记,,,,5,,true,,待核实,false
cdl-004429,士师记：人民任意而行的时代：曾思翰&吴家莹,,,,,,中文,bible-study,士师记,,,,5,,true,,待核实,false
cdl-000935,士师记：天道,,,,,,中文,bible-study,士师记,,,https://christian-digital-library-assets.gioia-zheng-stud.workers.dev/covers/cdl-000935.jpg,5,https://christian-digital-library-assets.gioia-zheng-stud.workers.dev/previews/cdl-000935,true,,待核实,false
cdl-001455,士师记：天道,,,,,,中文,bible-study,士师记,,,https://christian-digital-library-assets.gioia-zheng-stud.workers.dev/covers/cdl-001455.jpg,5,https://christian-digital-library-assets.gioia-zheng-stud.workers.dev/previews/cdl-001455,true,,待核实,false
cdl-004430,士师记、路得记(人人圣经注释),鲁益师,,,,,中文,bible-study,圣经;注释;士师记,,,,5,,true,,待核实,false
cdl-004431,士师记路得记,王国显,,,,,中文,bible-study,士师记;路得记,,,,5,,true,,待核实,false
cdl-002038,复兴为何迟延,雷欧纳,,,,,中文,other,复兴;祷告;教会更新,,,,5,,true,,待核实,false
cdl-004432,复兴真伪辩,约拿单 爱德华滋,,,,,中文,other,复兴;约拿单爱德华滋;信仰辨析,,,,5,,true,,待核实,false
cdl-000307,复兴神学家爱德华兹 上,乔治 M 马斯登,,,,,中文,theology,神学,,,https://christian-digital-library-assets.gioia-zheng-stud.workers.dev/covers/cdl-000307.jpg,5,https://christian-digital-library-assets.gioia-zheng-stud.workers.dev/previews/cdl-000307,true,,待核实,false
cdl-000308,复兴神学家爱德华兹 下,乔治 M 马斯登,,,,,中文,theology,神学,,,https://christian-digital-library-assets.gioia-zheng-stud.workers.dev/covers/cdl-000308.jpg,5,https://christian-digital-library-assets.gioia-zheng-stud.workers.dev/previews/cdl-000308,true,,待核实,false
cdl-004433,复合与更新,,,,,,中文,other,复和;更新;关系,,,,5,,true,,待核实,false
cdl-004434,复和与教会更新(原装版),杨牧谷,,,,,中文,theology,教会,,,,5,,true,,待核实,false
cdl-004435,复和与更新(精简版),杨牧谷,,,,,中文,other,复和;更新;杨牧谷,,,,5,,true,,待核实,false
cdl-001635,复和调解的理念及实务,平息风暴,,,,,中文,other,复和;调解;冲突处理,,,https://christian-digital-library-assets.gioia-zheng-stud.workers.dev/covers/cdl-001635.jpg,5,https://christian-digital-library-assets.gioia-zheng-stud.workers.dev/previews/cdl-001635,true,,待核实,false
cdl-001308,复活,,,,,,中文,other,复活;神学;信仰根基,,,https://christian-digital-library-assets.gioia-zheng-stud.workers.dev/covers/cdl-001308.jpg,5,https://christian-digital-library-assets.gioia-zheng-stud.workers.dev/previews/cdl-001308,true,,待核实,false
cdl-004436,复活概念的由来及其演变,,,,,,中文,other,复活;思想史;宗教研究,,,,5,,true,,待核实,false
cdl-002338,复活的力量,罗云 威廉斯 Rowan Williams,,,,,中文,other,复活;灵修;罗云威廉斯,,,,0,,true,,待核实,false
cdl-004437,复活的力量,,,,,,中文,other,复活;灵修;基督徒生活,,,,5,,true,,待核实,false
cdl-004438,复活的力量,,,,,,中文,other,复活;灵修;基督徒生活,,,,5,,true,,待核实,false
cdl-004439,复活的操练,毕德生,,,,,中文,other,复活;属灵操练;毕德生,,,,5,,true,,待核实,false
cdl-004440,复活节第一年,,,,,,中文,other,复活节;课程;儿童教材,,,,5,,true,,待核实,false
cdl-004441,复活节第二年全套课程,,,,,,中文,other,复活节;课程;儿童教材,,,,5,,true,,待核实,false
cdl-004442,外国教育史,,,,,,中文,culture-society,教育,,,,5,,true,,待核实,false
cdl-000309,多元化的上帝观 20世纪西方宗教哲学概览,何光沪,,,,,中文,theology,上帝,,,,5,,true,,待核实,false
cdl-001755,多元化的上帝观：20世纪西方宗教哲学概览,何光沪,,,,,中文,theology,上帝,,,https://christian-digital-library-assets.gioia-zheng-stud.workers.dev/covers/cdl-001755.jpg,5,https://christian-digital-library-assets.gioia-zheng-stud.workers.dev/previews/cdl-001755,true,,待核实,false
cdl-004450,大二上 按照圣经谈恋爱 学生本,,,,,,中文,bible-study,圣经,,,,5,,true,,待核实,false
cdl-004451,大二上 按照圣经谈恋爱 教师本,,,,,,中文,bible-study,圣经,,,,5,,true,,待核实,false
cdl-000310,大众塔木德,亚伯拉罕柯恩,,,,,中文,other,塔木德;犹太文献;宗教研究,,,,5,,true,,待核实,false
cdl-004452,大众塔木德,,,,,,中文,other,塔木德;犹太文献;宗教研究,,,,5,,true,,待核实,false
cdl-004453,大众神学 上册,,,,,,中文,theology,神学,,,,5,,true,,待核实,false
cdl-004454,大众神学 下册,,,,,,中文,theology,神学,,,,5,,true,,待核实,false
cdl-002379,大使命与大抗命：再思耶稣的门徒训练,魏乐德 Dallas Willard,,,,,中文,spiritual-life,门徒,,,,5,,true,,待核实,false
cdl-004455,大使命与大抗命：再思耶稣的门徒训练,,,,,,中文,spiritual-life,门徒,,,,5,,true,,待核实,false
cdl-004456,大先知书,,,,,,中文,bible-study,大先知书;旧约;圣经研究,,,,5,,true,,待核实,false
cdl-004457,大先知书,,,,,,中文,bible-study,大先知书;旧约;圣经研究,,,,5,,true,,待核实,false
cdl-004458,大公教的形成,帕利坎,,,,,中文,other,大公教会;教义发展;教会历史,,,,5,,true,,待核实,false
cdl-004460,大地震,魏彼得,,,,,中文,other,地震;灾难;信仰反思,,,,5,,true,,待核实,false
cdl-000311,大能的彰显,布永康,,,,,中文,other,布道;圣灵;医治,,,https://christian-digital-library-assets.gioia-zheng-stud.workers.dev/covers/cdl-000311.jpg,5,https://christian-digital-library-assets.gioia-zheng-stud.workers.dev/previews/cdl-000311,true,,待核实,false
cdl-004461,大都会信徒的操练,,,,,,中文,other,城市信徒;属灵操练;基督徒生活,,,,5,,true,,待核实,false
cdl-004462,大都会信徒的操练,,,,,,中文,other,城市信徒;属灵操练;基督徒生活,,,,5,,true,,待核实,false
cdl-004463,大都会信徒的操练,,,,,,中文,other,,,,,5,,true,,待核实,false
cdl-002115,大陆培训面面观,赵天恩等,,,,,中文,other,,,,,5,,true,,待核实,false
cdl-001793,天·神·人：中国传统文化中的造神运动,马晓宏,,,,,中文,culture-society,文化,,,,5,,true,,待核实,false
cdl-004464,天主教经济伦理学,,,,,,中文,culture-society,伦理,,,,5,,true,,待核实,false
cdl-002044,天使不打盹,诺斯瑞普,,,,,中文,other,,,,,5,,true,,待核实,false
cdl-002646,天使的传言,贝格尔,,,,,中文,other,,,,,5,,true,,待核实,false
cdl-004465,天使的传言,贝格宁,,,,,中文,other,,,,,5,,true,,待核实,false
cdl-004466,天使論v3,Simple,,,,,中文,other,,,,,5,,true,,待核实,false
cdl-000312,天命与你,克罗尼,,,,,中文,other,,,,https://christian-digital-library-assets.gioia-zheng-stud.workers.dev/covers/cdl-000312.jpg,5,https://christian-digital-library-assets.gioia-zheng-stud.workers.dev/previews/cdl-000312,true,,待核实,false
cdl-004467,天命与你：蒙召服事,Called to the Ministry,,,,,中文,other,,,,,5,,true,,待核实,false
cdl-004468,天国与世界,,,,,,中文,other,,,,,5,,true,,待核实,false
cdl-004469,天国君王687-36,,,,,,中文,other,,,,,5,,true,,待核实,false
cdl-000313,天国在你心中,列夫 托尔斯泰,,,,,中文,other,,,,,5,,true,,待核实,false
cdl-001871,天国奥秘的揭晓：从主耶稣的比喻认识神,欧果维,,,,,中文,other,,,,https://christian-digital-library-assets.gioia-zheng-stud.workers.dev/covers/cdl-001871.jpg,5,https://christian-digital-library-assets.gioia-zheng-stud.workers.dev/previews/cdl-001871,true,,待核实,false
cdl-002066,天国将才,董宇正,,,,,中文,other,,,,,5,,true,,待核实,false
cdl-004470,天国属于努力的人 2-3章,,,,,,中文,other,,,,,5,,true,,待核实,false
cdl-004471,天国属于努力的人 4章,,,,,,中文,other,,,,,5,,true,,待核实,false
cdl-000314,天国的权柄,在黑暗势力之上掌权,,,,,中文,other,,,,,5,,true,,待核实,false
cdl-005597,天国的福音基本的主题,林慈信,,,,,中文,other,,,,,5,,true,,待核实,false
cdl-004472,天国的秘密只让你知道(系统神学),,,,,,中文,theology,神学;系统神学,,,,5,,true,,待核实,false
cdl-004473,天國奧秘的揭曉,,,,,,中文,other,,,,,5,,true,,待核实,false
cdl-004474,天國子民：馬太福音歸納查經,西比雷,,,,,中文,bible-study,馬太福音,,,,5,,true,,待核实,false
cdl-004475,天國近了：神學與神的國,,,,,,中文,theology,神學,,,,5,,true,,待核实,false
cdl-001423,天堂，神美好的家,,,,,,中文,other,,,,https://christian-digital-library-assets.gioia-zheng-stud.workers.dev/covers/cdl-001423.jpg,5,https://christian-digital-library-assets.gioia-zheng-stud.workers.dev/previews/cdl-001423,true,,待核实,false
cdl-001806,天堂如此真实,秋多马,,,,,中文,other,,,,,5,,true,,待核实,false
cdl-004476,天堂简史 天堂概念与西方文化之探究,阿利斯特 E 麦格拉斯,,,,,中文,church-history,简史,,,,5,,true,,待核实,false
cdl-004477,天堂简史：天堂概念与西方文化之探究,,,,,,中文,church-history,简史,,,,5,,true,,待核实,false
cdl-001697,天天有信心,海波斯 Bill Hybels,,,,,中文,spiritual-life,信心,,,,5,,true,,待核实,false
cdl-004479,天朝的崩溃：鸦片战争再研究,,,,,,中文,other,,,,,5,,true,,待核实,false
cdl-002354,天窗：以弗所书讲解,沈保罗,,,,,中文,bible-study,以弗所,,,,5,,true,,待核实,false
cdl-004480,天窗：以弗所书讲解,沈保罗,,,,,中文,bible-study,以弗所,,,,5,,true,,待核实,false
cdl-001885,天路之旅：信仰追寻的地图,麦葛福,,,,,中文,theology,信仰,,,,5,,true,,待核实,false
cdl-000315,天路历程,约翰 班扬,,,,,中文,other,,,,https://christian-digital-library-assets.gioia-zheng-stud.workers.dev/covers/cdl-000315.jpg,5,https://christian-digital-library-assets.gioia-zheng-stud.workers.dev/previews/cdl-000315,true,,待核实,false
cdl-004481,天路历程灵修导读本2,,,,,,中文,spiritual-life,灵修,,,,5,,true,,待核实,false
cdl-004482,天路客的行囊,,,,,,中文,other,,,,,5,,true,,待核实,false
cdl-004483,天道人语(新约),,,,,,中文,bible-study,新约,,,,5,,true,,待核实,false
cdl-004484,天道人语(旧约),,,,,,中文,bible-study,旧约,,,,5,,true,,待核实,false
cdl-004485,天道人语(旧约),,,,,,中文,bible-study,旧约,,,,5,,true,,待核实,false
cdl-000966,天道列王纪卷四：天道注释李保罗,,,,,,中文,bible-study,注释;列王纪,,,,5,,true,,待核实,false
cdl-004486,天道圣经导读：申命记,,,,,,中文,bible-study,圣经;申命记,,,,5,,true,,待核实,false
cdl-004487,天道圣经注释：书名待核,,,,,,中文,bible-study,圣经;注释,,,,5,,true,,待核实,false
cdl-004488,天道圣经注释：书名待核,,,,,,中文,bible-study,圣经;注释,,,,5,,true,,待核实,false
cdl-004489,天道圣经注释：书名待核,,,,,,中文,bible-study,圣经;注释,,,,5,,true,,待核实,false
cdl-004490,天道圣经注释：书名待核,,,,,,中文,bible-study,圣经;注释,,,,5,,true,,待核实,false
cdl-004491,天道圣经注释：书名待核,,,,,,中文,bible-study,圣经;注释,,,,5,,true,,待核实,false
cdl-004492,天道圣经注释：书名待核,,,,,,中文,bible-study,圣经;注释,,,,5,,true,,待核实,false
cdl-004493,天道圣经注释：书名待核,,,,,,中文,bible-study,圣经;注释,,,,5,,true,,待核实,false
cdl-004494,天道圣经注释：书名待核,,,,,,中文,bible-study,圣经;注释,,,,5,,true,,待核实,false
cdl-004495,天道圣经注释：书名待核,,,,,,中文,bible-study,圣经;注释,,,,5,,true,,待核实,false
cdl-004496,天道圣经注释：书名待核,,,,,,中文,bible-study,圣经;注释,,,,5,,true,,待核实,false
cdl-004497,天道圣经注释：书名待核,,,,,,中文,bible-study,圣经;注释,,,,5,,true,,待核实,false
cdl-004498,天道圣经注释：书名待核,,,,,,中文,bible-study,圣经;注释,,,,5,,true,,待核实,false
cdl-004499,天道圣经注释：书名待核,,,,,,中文,bible-study,圣经;注释,,,,5,,true,,待核实,false
cdl-004500,天道圣经注释：书名待核,,,,,,中文,bible-study,圣经;注释,,,,5,,true,,待核实,false
cdl-004501,天道圣经注释：书名待核,,,,,,中文,bible-study,圣经;注释,,,,5,,true,,待核实,false
cdl-003645,天道圣经注释：历代志上(卷二),区应毓,,,,,中文,bible-study,圣经;注释;历代志,,,,5,,true,,待核实,false
cdl-003646,天道圣经注释：历代志上(卷二),区应毓,,,,,中文,bible-study,圣经;注释;历代志,,,,5,,true,,待核实,false
cdl-003647,天道圣经注释：历代志上(卷二),区应毓,,,,,中文,bible-study,圣经;注释;历代志,,,,5,,true,,待核实,false
cdl-003648,天道圣经注释：历代志上(卷二),区应毓,,,,,中文,bible-study,圣经;注释;历代志,,,,5,,true,,待核实,false
cdl-003649,天道圣经注释：历代志上(卷二),区应毓,,,,,中文,bible-study,圣经;注释;历代志,,,,5,,true,,待核实,false
cdl-000754,天道圣经注释：箴言,梁微,,,,,中文,bible-study,圣经;注释;箴言,,,,5,,true,,待核实,false
cdl-001107,天道圣经注释：箴言,梁微,,,,,中文,bible-study,圣经;注释;箴言,,,https://christian-digital-library-assets.gioia-zheng-stud.workers.dev/covers/cdl-001107.jpg,5,https://christian-digital-library-assets.gioia-zheng-stud.workers.dev/previews/cdl-001107,true,,待核实,false
cdl-000897,天道圣经注释民数记,,,,,,中文,bible-study,圣经;注释;民数记,,,,5,,true,,待核实,false
cdl-004502,天道圣经研究丛书：十二先知书注释(三),,,,,,中文,bible-study,圣经;注释,,,,5,,true,,待核实,false
cdl-004503,天道希伯来书(上),冯荫坤,,,,,中文,bible-study,希伯来书,,,,5,,true,,待核实,false
cdl-004504,天道希伯来书(下),冯荫坤,,,,,中文,bible-study,希伯来书,,,,5,,true,,待核实,false
cdl-004505,天道注释：书名待核,,,,,,中文,bible-study,注释,,,,5,,true,,待核实,false
cdl-004506,天道注释：书名待核,,,,,,中文,bible-study,注释,,,,5,,true,,待核实,false
cdl-004507,天道注释：书名待核,,,,,,中文,bible-study,注释,,,,5,,true,,待核实,false
cdl-004508,天道注释：书名待核,,,,,,中文,bible-study,注释,,,,5,,true,,待核实,false
cdl-004509,天道注释：书名待核,,,,,,中文,bible-study,注释,,,,5,,true,,待核实,false
cdl-004510,天道注释：书名待核,,,,,,中文,bible-study,注释,,,,5,,true,,待核实,false
cdl-004511,天道注释：书名待核,,,,,,中文,bible-study,注释,,,,5,,true,,待核实,false
cdl-001189,天道注释：以西结书上,唐佑之,,,,,中文,bible-study,注释;以西结,,,,5,,true,,待核实,false
cdl-001190,天道注释：以西结书下,唐佑之,,,,,中文,bible-study,注释;以西结,,,,5,,true,,待核实,false
cdl-001194,天道注释：但以理书,邝炳钊,,,,,中文,bible-study,注释;但以理,,,,5,,true,,待核实,false
cdl-003168,天道注释：但以理书,邝炳钊,,,,,中文,bible-study,注释;但以理,,,,5,,true,,待核实,false
cdl-000869,天道注释：出埃及记卷上,赖建国,,,,,中文,bible-study,注释;出埃及记,,,,5,,true,,待核实,false
cdl-001207,天道注释：出埃及记卷上,赖建国,,,,,中文,bible-study,注释;出埃及记,,,https://christian-digital-library-assets.gioia-zheng-stud.workers.dev/covers/cdl-001207.jpg,5,https://christian-digital-library-assets.gioia-zheng-stud.workers.dev/previews/cdl-001207,true,,待核实,false
cdl-003412,天道注释：出埃及记卷上,赖建国,,,,,中文,bible-study,注释;出埃及记,,,,5,,true,,待核实,false
cdl-000870,天道注释：出埃及记卷下,赖建国,,,,,中文,bible-study,注释;出埃及记,,,,5,,true,,待核实,false
cdl-001208,天道注释：出埃及记卷下,赖建国,,,,,中文,bible-study,注释;出埃及记,,,https://christian-digital-library-assets.gioia-zheng-stud.workers.dev/covers/cdl-001208.jpg,5,https://christian-digital-library-assets.gioia-zheng-stud.workers.dev/previews/cdl-001208,true,,待核实,false
cdl-001209,天道注释：出埃及记卷下,赖建国,,,,,中文,bible-study,注释;出埃及记,,,,5,,true,,待核实,false
cdl-000959,天道注释：列王纪卷一,李保罗,,,,,中文,bible-study,注释;列王纪,,,https://christian-digital-library-assets.gioia-zheng-stud.workers.dev/covers/cdl-000959.jpg,5,https://christian-digital-library-assets.gioia-zheng-stud.workers.dev/previews/cdl-000959,true,,待核实,false
cdl-000960,天道注释：列王纪卷三,李保罗,,,,,中文,bible-study,注释;列王纪,,,https://christian-digital-library-assets.gioia-zheng-stud.workers.dev/covers/cdl-000960.jpg,5,https://christian-digital-library-assets.gioia-zheng-stud.workers.dev/previews/cdl-000960,true,,待核实,false
cdl-000961,天道注释：列王纪卷二,李保罗,,,,,中文,bible-study,注释;列王纪,,,,5,,true,,待核实,false
cdl-001210,天道注释：创世纪2,邝炳钊,,,,,中文,bible-study,注释,,,,5,,true,,待核实,false
cdl-001261,天道注释：创世纪3,邝炳钊,,,,,中文,bible-study,注释,,,,5,,true,,待核实,false
cdl-001413,天道注释：创世纪5,邝炳钊,,,,,中文,bible-study,注释,,,,5,,true,,待核实,false
cdl-001358,天道注释：创世记4,邝炳钊,,,,,中文,bible-study,注释;创世记,,,,5,,true,,待核实,false
cdl-001262,天道注释：利未记上,洪同勉,,,,,中文,bible-study,注释;利未记,,,,5,,true,,待核实,false
cdl-001263,天道注释：利未记下,洪同勉,,,,,中文,bible-study,注释;利未记,,,https://christian-digital-library-assets.gioia-zheng-stud.workers.dev/covers/cdl-001263.jpg,5,https://christian-digital-library-assets.gioia-zheng-stud.workers.dev/previews/cdl-001263,true,,待核实,false
cdl-000964,天道注释：天道列王纪卷三,李保罗,,,,,中文,bible-study,注释;列王纪,,,https://christian-digital-library-assets.gioia-zheng-stud.workers.dev/covers/cdl-000964.jpg,5,https://christian-digital-library-assets.gioia-zheng-stud.workers.dev/previews/cdl-000964,true,,待核实,false
cdl-000965,天道注释：天道列王纪卷二,李保罗,,,,,中文,bible-study,注释;列王纪,,,,5,,true,,待核实,false
cdl-001479,天道注释：撒母耳上卷1,,,,,,中文,bible-study,注释;撒母耳,,,https://christian-digital-library-assets.gioia-zheng-stud.workers.dev/covers/cdl-001479.jpg,5,https://christian-digital-library-assets.gioia-zheng-stud.workers.dev/previews/cdl-001479,true,,待核实,false
cdl-001480,天道注释：撒母耳上卷2,,,,,,中文,bible-study,注释;撒母耳,,,https://christian-digital-library-assets.gioia-zheng-stud.workers.dev/covers/cdl-001480.jpg,5,https://christian-digital-library-assets.gioia-zheng-stud.workers.dev/previews/cdl-001480,true,,待核实,false
cdl-001376,天道注释：教牧书信,张永信,,,,,中文,bible-study,注释,,,https://christian-digital-library-assets.gioia-zheng-stud.workers.dev/covers/cdl-001376.jpg,5,https://christian-digital-library-assets.gioia-zheng-stud.workers.dev/previews/cdl-001376,true,,待核实,false
cdl-005266,天道注释：教牧书信,张永信,,,,,中文,bible-study,注释,,,,5,,true,,待核实,false
cdl-005267,天道注释：教牧书信,张永信,,,,,中文,bible-study,注释,,,,5,,true,,待核实,false
cdl-000912,天道注释：申命记上,刘少平,,,,,中文,bible-study,注释;申命记,,,https://christian-digital-library-assets.gioia-zheng-stud.workers.dev/covers/cdl-000912.jpg,5,https://christian-digital-library-assets.gioia-zheng-stud.workers.dev/previews/cdl-000912,true,,待核实,false
cdl-001414,天道注释：申命记上,刘少平,,,,,中文,bible-study,注释;申命记,,,,5,,true,,待核实,false
cdl-000913,天道注释：申命记下,刘少平,,,,,中文,bible-study,注释;申命记,,,,5,,true,,待核实,false
cdl-001415,天道注释：申命记下,刘少平,,,,,中文,bible-study,注释;申命记,,,https://christian-digital-library-assets.gioia-zheng-stud.workers.dev/covers/cdl-001415.jpg,5,https://christian-digital-library-assets.gioia-zheng-stud.workers.dev/previews/cdl-001415,true,,待核实,false
cdl-001187,天道注释：耶利米哀歌,唐佑之,,,,,中文,bible-study,注释;耶利米,,,https://christian-digital-library-assets.gioia-zheng-stud.workers.dev/covers/cdl-001187.jpg,5,https://christian-digital-library-assets.gioia-zheng-stud.workers.dev/previews/cdl-001187,true,,待核实,false
cdl-006461,天道注释：诗篇 卷3,,,,,,中文,bible-study,注释;诗篇,,,,5,,true,,待核实,false
cdl-001048,天道注释：诗篇 卷三,赖建国,,,,,中文,bible-study,注释;诗篇,,,https://christian-digital-library-assets.gioia-zheng-stud.workers.dev/covers/cdl-001048.jpg,5,https://christian-digital-library-assets.gioia-zheng-stud.workers.dev/previews/cdl-001048,true,,待核实,false
cdl-001049,天道注释：诗篇 卷二,赖建国,,,,,中文,bible-study,注释;诗篇,,,,5,,true,,待核实,false
cdl-001034,天道注释：诗篇卷一,张国定,,,,,中文,bible-study,注释;诗篇,,,,5,,true,,待核实,false
cdl-001036,天道注释：诗篇卷二,张国定,,,,,中文,bible-study,注释;诗篇,,,https://christian-digital-library-assets.gioia-zheng-stud.workers.dev/covers/cdl-001036.jpg,5,https://christian-digital-library-assets.gioia-zheng-stud.workers.dev/previews/cdl-001036,true,,待核实,false
cdl-001037,天道注释：诗篇卷四,张国定,,,,,中文,bible-study,注释;诗篇,,,,5,,true,,待核实,false
cdl-001052,天道注释：诗篇卷四,赖建国,,,,,中文,bible-study,注释;诗篇,,,https://christian-digital-library-assets.gioia-zheng-stud.workers.dev/covers/cdl-001052.jpg,5,https://christian-digital-library-assets.gioia-zheng-stud.workers.dev/previews/cdl-001052,true,,待核实,false
cdl-001128,天道注释：雅歌,黄朱伦,,,,,中文,bible-study,注释;雅歌,,,https://christian-digital-library-assets.gioia-zheng-stud.workers.dev/covers/cdl-001128.jpg,5,https://christian-digital-library-assets.gioia-zheng-stud.workers.dev/previews/cdl-001128,true,,待核实,false
cdl-000967,天道研经：以弗所书,冯国泰,,,,,中文,bible-study,研经;以弗所,,,https://christian-digital-library-assets.gioia-zheng-stud.workers.dev/covers/cdl-000967.jpg,5,https://christian-digital-library-assets.gioia-zheng-stud.workers.dev/previews/cdl-000967,true,,待核实,false
cdl-001337,天道研经：以弗所书,冯国泰,,,,,中文,bible-study,研经;以弗所,,,,5,,true,,待核实,false
cdl-001355,天道研经：以弗所书,冯国泰,,,,,中文,bible-study,研经;以弗所,,,https://christian-digital-library-assets.gioia-zheng-stud.workers.dev/covers/cdl-001355.jpg,5,https://christian-digital-library-assets.gioia-zheng-stud.workers.dev/previews/cdl-001355,true,,待核实,false
cdl-001356,天道研经：以弗所书,冯国泰,,,,,中文,bible-study,研经;以弗所,,,https://christian-digital-library-assets.gioia-zheng-stud.workers.dev/covers/cdl-001356.jpg,5,https://christian-digital-library-assets.gioia-zheng-stud.workers.dev/previews/cdl-001356,true,,待核实,false
cdl-001357,天道研经：以弗所书,冯国泰,,,,,中文,bible-study,研经;以弗所,,,,5,,true,,待核实,false
cdl-004524,天道研经：以弗所书,冯国泰,,,,,中文,bible-study,研经;以弗所,,,,5,,true,,待核实,false
cdl-004514,天道研经：但以理书,,,,,,中文,bible-study,研经;但以理,,,,5,,true,,待核实,false
cdl-001293,天道研经：使徒行传,冯国泰,,,,,中文,bible-study,研经;使徒行传,,,,5,,true,,待核实,false
cdl-001298,天道研经：使徒行传,冯国泰,,,,,中文,bible-study,研经;使徒行传,,,,5,,true,,待核实,false
cdl-001299,天道研经：使徒行传,冯国泰,,,,,中文,bible-study,研经;使徒行传,,,https://christian-digital-library-assets.gioia-zheng-stud.workers.dev/covers/cdl-001299.jpg,5,https://christian-digital-library-assets.gioia-zheng-stud.workers.dev/previews/cdl-001299,true,,待核实,false
cdl-004515,天道研经：俄巴底亚书、约拿书,,,,,,中文,bible-study,研经;俄巴底亚;约拿,,,,5,,true,,待核实,false
cdl-004516,天道研经：出埃及记,,,,,,中文,bible-study,研经;出埃及记,,,,5,,true,,待核实,false
cdl-004517,天道研经：创世记,,,,,,中文,bible-study,研经;创世记,,,,5,,true,,待核实,false
cdl-004518,天道研经：利未记,,,,,,中文,bible-study,研经;利未记,,,,5,,true,,待核实,false
cdl-001400,天道研经：启示录,庄逊,,,,,中文,bible-study,研经;启示录,,,https://christian-digital-library-assets.gioia-zheng-stud.workers.dev/covers/cdl-001400.jpg,5,https://christian-digital-library-assets.gioia-zheng-stud.workers.dev/previews/cdl-001400,true,,待核实,false
cdl-001309,天道研经：哥林多前书,冯国泰 李汤马,,,,,中文,bible-study,研经;哥林多,,,,5,,true,,待核实,false
cdl-001313,天道研经：哥林多前书,冯国泰 李汤马,,,,,中文,bible-study,研经;哥林多,,,,5,,true,,待核实,false
cdl-001338,天道研经：哥林多前书,冯国泰 李汤马,,,,,中文,bible-study,研经;哥林多,,,,5,,true,,待核实,false
cdl-001349,天道研经：哥罗西腓利门,冯国泰,,,,,中文,bible-study,研经;腓利门,,,,5,,true,,待核实,false
cdl-001383,天道研经：希伯来书,莫理昂 可复制,,,,,中文,bible-study,研经;希伯来书,,,https://christian-digital-library-assets.gioia-zheng-stud.workers.dev/covers/cdl-001383.jpg,5,https://christian-digital-library-assets.gioia-zheng-stud.workers.dev/previews/cdl-001383,true,,待核实,false
cdl-001354,天道研经：帖前后,华约翰,,,,,中文,bible-study,研经,,,,5,,true,,待核实,false
cdl-001378,天道研经：帖前后,华约翰,,,,,中文,bible-study,研经,,,,5,,true,,待核实,false
cdl-004512,天道研经：帖前后,华约翰,,,,,中文,bible-study,研经,,,,5,,true,,待核实,false
cdl-004523,天道研经：帖前后,华约翰,,,,,中文,bible-study,研经,,,,5,,true,,待核实,false
cdl-001425,天道研经：彼犹,冯国泰 李汤马,,,,,中文,bible-study,研经,,,,5,,true,,待核实,false
cdl-001426,天道研经：彼犹,冯国泰 李汤马,,,,,中文,bible-study,研经,,,,5,,true,,待核实,false
cdl-004526,天道研经：彼犹,冯国泰 李汤马,,,,,中文,bible-study,研经,,,,5,,true,,待核实,false
cdl-004519,天道研经：提摩太前后书、提多书,,,,,,中文,bible-study,研经;提摩太;提多书,,,,5,,true,,待核实,false
cdl-001323,天道研经：林后,史艾德 史威廉,,,,,中文,bible-study,研经,,,https://christian-digital-library-assets.gioia-zheng-stud.workers.dev/covers/cdl-001323.jpg,5,https://christian-digital-library-assets.gioia-zheng-stud.workers.dev/previews/cdl-001323,true,,待核实,false
cdl-000983,天道研经：歌罗西书、腓利门书,冯国泰,,,,,中文,bible-study,研经;歌罗西;腓利门,,,https://christian-digital-library-assets.gioia-zheng-stud.workers.dev/covers/cdl-000983.jpg,5,https://christian-digital-library-assets.gioia-zheng-stud.workers.dev/previews/cdl-000983,true,,待核实,false
cdl-001351,天道研经：歌罗西腓利门,冯国泰,,,,,中文,bible-study,研经;歌罗西;腓利门,,,https://christian-digital-library-assets.gioia-zheng-stud.workers.dev/covers/cdl-001351.jpg,5,https://christian-digital-library-assets.gioia-zheng-stud.workers.dev/previews/cdl-001351,true,,待核实,false
cdl-004520,天道研经：民数记,,,,,,中文,bible-study,研经;民数记,,,,5,,true,,待核实,false
cdl-001393,天道研经：约一二三书,冯国泰,,,,,中文,bible-study,研经,,,,5,,true,,待核实,false
cdl-001394,天道研经：约一二三书,冯国泰,,,,,中文,bible-study,研经,,,,5,,true,,待核实,false
cdl-001395,天道研经：约一二三书,冯国泰,,,,,中文,bible-study,研经,,,https://christian-digital-library-assets.gioia-zheng-stud.workers.dev/covers/cdl-001395.jpg,5,https://christian-digital-library-assets.gioia-zheng-stud.workers.dev/previews/cdl-001395,true,,待核实,false
cdl-001284,天道研经：约翰福音,何赫素,,,,,中文,bible-study,研经;约翰福音,,,https://christian-digital-library-assets.gioia-zheng-stud.workers.dev/covers/cdl-001284.jpg,5,https://christian-digital-library-assets.gioia-zheng-stud.workers.dev/previews/cdl-001284,true,,待核实,false
cdl-004521,天道研经：罗马书,,,,,,中文,bible-study,研经;罗马书,,,,5,,true,,待核实,false
cdl-001341,天道研经：腓立比书,华侯活,,,,,中文,bible-study,研经;腓立比,,,,5,,true,,待核实,false
cdl-001255,天道研经：路加福音,姬迪安,,,,,中文,bible-study,研经;路加福音,,,https://christian-digital-library-assets.gioia-zheng-stud.workers.dev/covers/cdl-001255.jpg,5,https://christian-digital-library-assets.gioia-zheng-stud.workers.dev/previews/cdl-001255,true,,待核实,false
cdl-001257,天道研经：路加福音,姬迪安,,,,,中文,bible-study,研经;路加福音,,,,5,,true,,待核实,false
cdl-004522,天道研经：路得记,,,,,,中文,bible-study,研经;路得记,,,,5,,true,,待核实,false
cdl-001387,天道研经：雅各书研经,冯国泰,,,,,中文,bible-study,研经;雅各书,,,https://christian-digital-library-assets.gioia-zheng-stud.workers.dev/covers/cdl-001387.jpg,5,https://christian-digital-library-assets.gioia-zheng-stud.workers.dev/previews/cdl-001387,true,,待核实,false
cdl-004513,天道研经：雅各书研经,冯国泰,,,,,中文,bible-study,研经;雅各书,,,,5,,true,,待核实,false
cdl-000873,天道研经：马可福音,华侯活,,,,,中文,bible-study,研经;马可福音,,,,5,,true,,待核实,false
cdl-001252,天道研经：马可福音,华侯活,,,,,中文,bible-study,研经;马可福音,,,https://christian-digital-library-assets.gioia-zheng-stud.workers.dev/covers/cdl-001252.jpg,5,https://christian-digital-library-assets.gioia-zheng-stud.workers.dev/previews/cdl-001252,true,,待核实,false
cdl-004525,天道研经：马可福音,华侯活,,,,,中文,bible-study,研经;马可福音,,,,5,,true,,待核实,false
cdl-000862,天道研经：马太福音,华侯活,,,,,中文,bible-study,研经;马太福音,,,,5,,true,,待核实,false
cdl-001249,天道研经：马太福音,华侯活,,,,,中文,bible-study,研经;马太福音,,,,5,,true,,待核实,false
cdl-004527,天道研经导读(诗篇),欧尔顿,,,,,中文,bible-study,研经;诗篇,,,,5,,true,,待核实,false
cdl-004536,天道研经导读：书名待核,耶利米哀歌,,,,,中文,bible-study,研经,,,,5,,true,,待核实,false
cdl-004543,天道研经导读：书名待核,列王纪上下,,,,,中文,bible-study,研经,,,,5,,true,,待核实,false
cdl-004550,天道研经导读：书名待核,雅歌,,,,,中文,bible-study,研经,,,,5,,true,,待核实,false
cdl-001018,天道研经导读：以斯拉记 华侯活──,,,,,,中文,bible-study,研经;以斯拉,,,,5,,true,,待核实,false
cdl-004540,天道研经导读：以斯拉记、尼希米记、以斯帖记,,,,,,中文,bible-study,研经;以斯拉;尼希米,,,,5,,true,,待核实,false
cdl-004528,天道研经导读：以西结书,,,,,,中文,bible-study,研经;以西结,,,,5,,true,,待核实,false
cdl-001172,天道研经导读：以赛亚书,,,,,,中文,bible-study,研经;以赛亚,,,https://christian-digital-library-assets.gioia-zheng-stud.workers.dev/covers/cdl-001172.jpg,5,https://christian-digital-library-assets.gioia-zheng-stud.workers.dev/previews/cdl-001172,true,,待核实,false
cdl-004529,天道研经导读：以赛亚书,,,,,,中文,bible-study,研经;以赛亚,,,,5,,true,,待核实,false
cdl-004530,天道研经导读：传道书,,,,,,中文,bible-study,研经,,,,5,,true,,待核实,false
cdl-004541,天道研经导读：传道书,,,,,,中文,bible-study,研经,,,,5,,true,,待核实,false
cdl-001123,天道研经导读：传道书 高路易,,,,,,中文,bible-study,研经,,,https://christian-digital-library-assets.gioia-zheng-stud.workers.dev/covers/cdl-001123.jpg,5,https://christian-digital-library-assets.gioia-zheng-stud.workers.dev/previews/cdl-001123,true,,待核实,false
cdl-003188,天道研经导读：何西阿书,嘉大卫,,,,,中文,bible-study,研经;何西阿,,,,5,,true,,待核实,false
cdl-003189,天道研经导读：何西阿书,嘉大卫,,,,,中文,bible-study,研经;何西阿,,,,5,,true,,待核实,false
cdl-003190,天道研经导读：何西阿书,嘉大卫,,,,,中文,bible-study,研经;何西阿,,,,5,,true,,待核实,false
cdl-004542,天道研经导读：何西阿书,,,,,,中文,bible-study,研经;何西阿,,,,5,,true,,待核实,false
cdl-001231,天道研经导读：俄巴底亚书、约拿书,,,,,,中文,bible-study,研经;俄巴底亚;约拿,,,https://christian-digital-library-assets.gioia-zheng-stud.workers.dev/covers/cdl-001231.jpg,5,https://christian-digital-library-assets.gioia-zheng-stud.workers.dev/previews/cdl-001231,true,,待核实,false
cdl-000868,天道研经导读：出埃及记 胡意宜,,,,,,中文,bible-study,研经;出埃及记,,,https://christian-digital-library-assets.gioia-zheng-stud.workers.dev/covers/cdl-000868.jpg,5,https://christian-digital-library-assets.gioia-zheng-stud.workers.dev/previews/cdl-000868,true,,待核实,false
cdl-003428,天道研经导读：列王纪上下,华侯活,,,,,中文,bible-study,研经;列王纪,,,,5,,true,,待核实,false
cdl-000978,天道研经导读：列王纪上下：华侯活──,,,,,,中文,bible-study,研经;列王纪,,,,5,,true,,待核实,false
cdl-000859,天道研经导读：创世记 吴理恩,,,,,,中文,bible-study,研经;创世记,,,https://christian-digital-library-assets.gioia-zheng-stud.workers.dev/covers/cdl-000859.jpg,5,https://christian-digital-library-assets.gioia-zheng-stud.workers.dev/previews/cdl-000859,true,,待核实,false
cdl-004544,天道研经导读：利未记,,,,,,中文,bible-study,研经;利未记,,,,5,,true,,待核实,false
cdl-000884,天道研经导读：利未记 高路易,,,,,,中文,bible-study,研经;利未记,,,https://christian-digital-library-assets.gioia-zheng-stud.workers.dev/covers/cdl-000884.jpg,5,https://christian-digital-library-assets.gioia-zheng-stud.workers.dev/previews/cdl-000884,true,,待核实,false
cdl-001346,天道研经导读：加拉太书,,,,,,中文,bible-study,研经;加拉太,,,,5,,true,,待核实,false
cdl-001347,天道研经导读：加拉太书,,,,,,中文,bible-study,研经;加拉太,,,https://christian-digital-library-assets.gioia-zheng-stud.workers.dev/covers/cdl-001347.jpg,5,https://christian-digital-library-assets.gioia-zheng-stud.workers.dev/previews/cdl-001347,true,,待核实,false
cdl-001348,天道研经导读：加拉太书,,,,,,中文,bible-study,研经;加拉太,,,https://christian-digital-library-assets.gioia-zheng-stud.workers.dev/covers/cdl-001348.jpg,5,https://christian-digital-library-assets.gioia-zheng-stud.workers.dev/previews/cdl-001348,true,,待核实,false
cdl-000981,天道研经导读：历代志上下,梅以真,,,,,中文,bible-study,研经;历代志,,,,5,,true,,待核实,false
cdl-003652,天道研经导读：历代志上下,梅以真,,,,,中文,bible-study,研经;历代志,,,,5,,true,,待核实,false
cdl-001007,天道研经导读：历代志上下：梅以真──,,,,,,中文,bible-study,研经;历代志,,,https://christian-digital-library-assets.gioia-zheng-stud.workers.dev/covers/cdl-001007.jpg,5,https://christian-digital-library-assets.gioia-zheng-stud.workers.dev/previews/cdl-001007,true,,待核实,false
cdl-004531,天道研经导读：启示录,,,,,,中文,bible-study,研经;启示录,,,,5,,true,,待核实,false
cdl-004545,天道研经导读：士师记,,,,,,中文,bible-study,研经;士师记,,,,5,,true,,待核实,false
cdl-000933,天道研经导读：士师记 晏保罗,,,,,,中文,bible-study,研经;士师记,,,,5,,true,,待核实,false
cdl-000934,天道研经导读：士师记 晏保罗,,,,,,中文,bible-study,研经;士师记,,,,5,,true,,待核实,false
cdl-001237,天道研经导读：弥迦书,李杰克,,,,,中文,bible-study,研经;弥迦,,,,5,,true,,待核实,false
cdl-004546,天道研经导读：弥迦书,,,,,,中文,bible-study,研经;弥迦,,,,5,,true,,待核实,false
cdl-004829,天道研经导读：弥迦书,李杰克,,,,,中文,bible-study,研经;弥迦,,,,5,,true,,待核实,false
cdl-000992,天道研经导读：拉尼斯,华候活,,,,,中文,bible-study,研经,,,https://christian-digital-library-assets.gioia-zheng-stud.workers.dev/covers/cdl-000992.jpg,5,https://christian-digital-library-assets.gioia-zheng-stud.workers.dev/previews/cdl-000992,true,,待核实,false
cdl-005100,天道研经导读：拉尼斯,华候活,,,,,中文,bible-study,研经,,,,5,,true,,待核实,false
cdl-005101,天道研经导读：拉尼斯,华候活,,,,,中文,bible-study,研经,,,,5,,true,,待核实,false
cdl-004547,天道研经导读：撒母耳记上下,,,,,,中文,bible-study,研经;撒母耳,,,,5,,true,,待核实,false
cdl-005170,天道研经导读：撒母记上下,华候活,,,,,中文,bible-study,研经,,,,5,,true,,待核实,false
cdl-001243,天道研经导读：撒迦利亚书,希霍默,,,,,中文,bible-study,研经;撒迦利亚,,,https://christian-digital-library-assets.gioia-zheng-stud.workers.dev/covers/cdl-001243.jpg,5,https://christian-digital-library-assets.gioia-zheng-stud.workers.dev/previews/cdl-001243,true,,待核实,false
cdl-001382,天道研经导读：教牧书信,,,,,,中文,bible-study,研经,,,,5,,true,,待核实,false
cdl-001324,天道研经导读：林后,史艾德 史威廉,,,,,中文,bible-study,研经,,,https://christian-digital-library-assets.gioia-zheng-stud.workers.dev/covers/cdl-001324.jpg,5,https://christian-digital-library-assets.gioia-zheng-stud.workers.dev/previews/cdl-001324,true,,待核实,false
cdl-004552,天道研经导读：林后,史艾德 史威廉,,,,,中文,bible-study,研经,,,,5,,true,,待核实,false
cdl-004553,天道研经导读：林后,史艾德 史威廉,,,,,中文,bible-study,研经,,,,5,,true,,待核实,false
cdl-004532,天道研经导读：民数记,,,,,,中文,bible-study,研经;民数记,,,,5,,true,,待核实,false
cdl-000898,天道研经导读：民数记 胡意宜,,,,,,中文,bible-study,研经;民数记,,,,5,,true,,待核实,false
cdl-001246,天道研经导读：玛拉基书,伊贝斯,,,,,中文,bible-study,研经;玛拉基,,,,5,,true,,待核实,false
cdl-004533,天道研经导读：玛拉基书,,,,,,中文,bible-study,研经;玛拉基,,,,5,,true,,待核实,false
cdl-004534,天道研经导读：玛拉基书,,,,,,中文,bible-study,研经;玛拉基,,,,5,,true,,待核实,false
cdl-000911,天道研经导读：申命记 高路易,,,,,,中文,bible-study,研经;申命记,,,https://christian-digital-library-assets.gioia-zheng-stud.workers.dev/covers/cdl-000911.jpg,5,https://christian-digital-library-assets.gioia-zheng-stud.workers.dev/previews/cdl-000911,true,,待核实,false
cdl-001106,天道研经导读：箴言 伍德科克,,,,,,中文,bible-study,研经;箴言,,,,5,,true,,待核实,false
cdl-000923,天道研经导读：约书亚记 晏保罗,,,,,,中文,bible-study,研经;约书亚记,,,https://christian-digital-library-assets.gioia-zheng-stud.workers.dev/covers/cdl-000923.jpg,5,https://christian-digital-library-assets.gioia-zheng-stud.workers.dev/previews/cdl-000923,true,,待核实,false
cdl-004548,天道研经导读：约伯记,,,,,,中文,bible-study,研经;约伯,,,,5,,true,,待核实,false
cdl-000775,天道研经导读：约珥书,艾朗劳,,,,,中文,bible-study,研经;约珥,,,https://christian-digital-library-assets.gioia-zheng-stud.workers.dev/covers/cdl-000775.jpg,5,https://christian-digital-library-assets.gioia-zheng-stud.workers.dev/previews/cdl-000775,true,,待核实,false
cdl-001204,天道研经导读：约珥书,艾朗劳,,,,,中文,bible-study,研经;约珥,,,https://christian-digital-library-assets.gioia-zheng-stud.workers.dev/covers/cdl-001204.jpg,5,https://christian-digital-library-assets.gioia-zheng-stud.workers.dev/previews/cdl-001204,true,,待核实,false
cdl-004535,天道研经导读：约珥书,艾朗劳,,,,,中文,bible-study,研经;约珥,,,,5,,true,,待核实,false
cdl-001327,天道研经导读：罗马书,,,,,,中文,bible-study,研经;罗马书,,,https://christian-digital-library-assets.gioia-zheng-stud.workers.dev/covers/cdl-001327.jpg,5,https://christian-digital-library-assets.gioia-zheng-stud.workers.dev/previews/cdl-001327,true,,待核实,false
cdl-001328,天道研经导读：罗马书,,,,,,中文,bible-study,研经;罗马书,,,https://christian-digital-library-assets.gioia-zheng-stud.workers.dev/covers/cdl-001328.jpg,5,https://christian-digital-library-assets.gioia-zheng-stud.workers.dev/previews/cdl-001328,true,,待核实,false
cdl-004551,天道研经导读：耶利米书,,,,,,中文,bible-study,研经;耶利米,,,,5,,true,,待核实,false
cdl-001180,天道研经导读：耶利米书 胡意宜,,,,,,中文,bible-study,研经;耶利米,,,https://christian-digital-library-assets.gioia-zheng-stud.workers.dev/covers/cdl-001180.jpg,5,https://christian-digital-library-assets.gioia-zheng-stud.workers.dev/previews/cdl-001180,true,,待核实,false
cdl-006190,天道研经导读：耶利米哀歌,肯特,,,,,中文,bible-study,研经;耶利米,,,,5,,true,,待核实,false
cdl-004537,天道研经导读：腓力比书,,,,,,中文,bible-study,研经,,,,5,,true,,待核实,false
cdl-001041,天道研经导读：诗篇,欧尔顿,,,,,中文,bible-study,研经;诗篇,,,,5,,true,,待核实,false
cdl-004549,天道研经导读：诗篇,,,,,,中文,bible-study,研经;诗篇,,,,5,,true,,待核实,false
cdl-001240,天道研经导读：那鸿书、哈巴谷书、西番雅书、哈该书,海富林,,,,,中文,bible-study,研经;那鸿;哈巴谷,,,https://christian-digital-library-assets.gioia-zheng-stud.workers.dev/covers/cdl-001240.jpg,5,https://christian-digital-library-assets.gioia-zheng-stud.workers.dev/previews/cdl-001240,true,,待核实,false
cdl-006636,天道研经导读：那鸿书、哈巴谷书、西番雅书、哈该书,海富林,,,,,中文,bible-study,研经;那鸿;哈巴谷,,,,5,,true,,待核实,false
cdl-004538,天道研经导读：那鸿书。哈巴谷书。西番雅书。哈该书,,,,,,中文,bible-study,研经;那鸿;哈巴谷,,,,5,,true,,待核实,false
cdl-001227,天道研经导读：阿摩司书,嘉大卫,,,,,中文,bible-study,研经;阿摩司,,,https://christian-digital-library-assets.gioia-zheng-stud.workers.dev/covers/cdl-001227.jpg,5,https://christian-digital-library-assets.gioia-zheng-stud.workers.dev/previews/cdl-001227,true,,待核实,false
cdl-001228,天道研经导读：阿摩司书,嘉大卫,,,,,中文,bible-study,研经;阿摩司,,,https://christian-digital-library-assets.gioia-zheng-stud.workers.dev/covers/cdl-001228.jpg,5,https://christian-digital-library-assets.gioia-zheng-stud.workers.dev/previews/cdl-001228,true,,待核实,false
cdl-004539,天道研经导读：阿摩司书,嘉大卫,,,,,中文,bible-study,研经;阿摩司,,,,5,,true,,待核实,false
cdl-006703,天道研经导读：阿摩司书,嘉大卫,,,,,中文,bible-study,研经;阿摩司,,,,5,,true,,待核实,false
cdl-004554,天道研经导读系列：出埃及记,,,,,,中文,bible-study,研经;出埃及记,,,,5,,true,,待核实,false
cdl-002570,天道聖經注釋：雅歌,黃朱倫,,,,,中文,bible-study,聖經;雅歌,,,,5,,true,,待核实,false
cdl-004555,天道聖經註釋：书名待核,,,,,,中文,bible-study,聖經;註釋,,,,5,,true,,待核实,false
cdl-004556,天道聖經註釋：书名待核,,,,,,中文,bible-study,聖經;註釋,,,,5,,true,,待核实,false
cdl-002193,天长地久雅歌情：黄朱伦，吴仲诚,,,,,,中文,bible-study,雅歌,,,,5,,true,,待核实,false
cdl-000180,失落的文明系列：印加,华东师大版,,,,,中文,other,,,,https://christian-digital-library-assets.gioia-zheng-stud.workers.dev/covers/cdl-000180.jpg,5,https://christian-digital-library-assets.gioia-zheng-stud.workers.dev/previews/cdl-000180,true,,待核实,false
cdl-000181,失落的文明系列：古希腊,华东师大版,,,,,中文,other,,,,https://christian-digital-library-assets.gioia-zheng-stud.workers.dev/covers/cdl-000181.jpg,5,https://christian-digital-library-assets.gioia-zheng-stud.workers.dev/previews/cdl-000181,true,,待核实,false
cdl-000182,失落的文明系列：古罗马,华东师大版,,,,,中文,other,,,,https://christian-digital-library-assets.gioia-zheng-stud.workers.dev/covers/cdl-000182.jpg,5,https://christian-digital-library-assets.gioia-zheng-stud.workers.dev/previews/cdl-000182,true,,待核实,false
cdl-000183,失落的文明系列：埃及,华东师大版,,,,,中文,other,,,,https://christian-digital-library-assets.gioia-zheng-stud.workers.dev/covers/cdl-000183.jpg,5,https://christian-digital-library-assets.gioia-zheng-stud.workers.dev/previews/cdl-000183,true,,待核实,false
cdl-000184,失落的文明系列：巴比伦,华东师大版,,,,,中文,other,,,,https://christian-digital-library-assets.gioia-zheng-stud.workers.dev/covers/cdl-000184.jpg,5,https://christian-digital-library-assets.gioia-zheng-stud.workers.dev/previews/cdl-000184,true,,待核实,false
cdl-000185,失落的文明系列：犹太王国,华东师大版,,,,,中文,other,,,,https://christian-digital-library-assets.gioia-zheng-stud.workers.dev/covers/cdl-000185.jpg,5,https://christian-digital-library-assets.gioia-zheng-stud.workers.dev/previews/cdl-000185,true,,待核实,false
cdl-000186,失落的文明系列：玛雅,华东师大版,,,,,中文,other,,,,https://christian-digital-library-assets.gioia-zheng-stud.workers.dev/covers/cdl-000186.jpg,5,https://christian-digital-library-assets.gioia-zheng-stud.workers.dev/previews/cdl-000186,true,,待核实,false
cdl-000316,夺魂记,,,,,,中文,other,,,,https://christian-digital-library-assets.gioia-zheng-stud.workers.dev/covers/cdl-000316.jpg,5,https://christian-digital-library-assets.gioia-zheng-stud.workers.dev/previews/cdl-000316,true,,待核实,false
cdl-002251,奇妙的数字(一)寇世远,,,,,,中文,other,,,,,5,,true,,待核实,false
cdl-002253,奇妙的数字(三)寇世远,,,,,,中文,other,,,,,5,,true,,待核实,false
cdl-002252,奇妙的数字(二)寇世远,,,,,,中文,other,,,,,5,,true,,待核实,false
cdl-004176,奇异恩典,圣诗,,,,,中文,theology,恩典,,,,5,,true,,待核实,false
cdl-004558,奇异的国度：耶稣会适应政策及汉学的起源,,,,,,中文,other,,,,,5,,true,,待核实,false
cdl-001412,奉献的真义,梁家声,,,,,中文,other,,,,https://christian-digital-library-assets.gioia-zheng-stud.workers.dev/covers/cdl-001412.jpg,4,https://christian-digital-library-assets.gioia-zheng-stud.workers.dev/previews/cdl-001412,true,,待核实,false
cdl-004559,奉耶稣的名,,,,,,中文,other,,,,,5,,true,,待核实,false
cdl-004560,奉耶稣的名,,,,,,中文,other,,,,,5,,true,,待核实,false
cdl-002233,奉耶稣的名：属灵领导新纪元,卢云,,,,,中文,spiritual-life,属灵,,,,5,,true,,待核实,false
cdl-001872,奋兴主教会：中国教会奋兴布道运动初探(1928至1937),萧楚辉,,,,,中文,missions,布道,,,https://christian-digital-library-assets.gioia-zheng-stud.workers.dev/covers/cdl-001872.jpg,5,https://christian-digital-library-assets.gioia-zheng-stud.workers.dev/previews/cdl-001872,true,,待核实,false
cdl-004561,奋兴布道运动初探：萧楚辉,证道,,,,,中文,missions,布道,,,,5,,true,,待核实,false
cdl-001609,奋斯理与教会更新之模式 p0-7：施耐达,SNYDER HOWARD A,,,,,中文,theology,教会,,,,5,,true,,待核实,false
cdl-001610,奋斯理与教会更新之模式 p7-236：施耐达,SNYDER HOWARD A,,,,,中文,theology,教会,,,,5,,true,,待核实,false
cdl-004562,契合与转化,,,,,,中文,other,,,,,5,,true,,待核实,false
cdl-000908,契合与转化 庄祖鲲,,,,,,中文,other,,,,https://christian-digital-library-assets.gioia-zheng-stud.workers.dev/covers/cdl-000908.jpg,5,https://christian-digital-library-assets.gioia-zheng-stud.workers.dev/previews/cdl-000908,true,,待核实,false
cdl-004563,奥古斯丁：上帝之城,中文版,,,,,中文,church-history,奥古斯丁,,,,5,,true,,待核实,false
cdl-000677,奥古斯丁的基督教思想,周伟驰,,,,,中文,church-history,奥古斯丁,,,,5,,true,,待核实,false
cdl-004564,奥古斯丁的基督教思想,周伟驰,,,,,中文,church-history,奥古斯丁,,,,5,,true,,待核实,false
cdl-005946,奥古斯丁的宗教人类学研究,神圣的呼唤,,,,,中文,church-history,奥古斯丁,,,,5,,true,,待核实,false
cdl-000317,奥古斯丁选集,奥古斯丁,,,,,中文,church-history,奥古斯丁,,,,5,,true,,待核实,false
cdl-001445,奥斯曼帝国,,,,,,中文,other,,,,,5,,true,,待核实,false
cdl-001974,女人，上帝爱你!,吉恩 卡尔生,,,,,中文,theology,上帝,,,,5,,true,,待核实,false
cdl-002138,女人与事奉：四种观点,罗伯·库佛 等,,,,,中文,pastoral,女性;事奉;教会;观点,,,,5,,true,,待核实,false
cdl-004565,女性主义神学景观：那片流淌着奶和蜜的土地,,,,,,中文,theology,女性主义神学;神学,,,,5,,true,,待核实,false
cdl-000318,女性指南,,,,,,中文,other,,,,,5,,true,,待核实,false
cdl-000319,女诫,,,,,,中文,other,,,,https://christian-digital-library-assets.gioia-zheng-stud.workers.dev/covers/cdl-000319.jpg,5,https://christian-digital-library-assets.gioia-zheng-stud.workers.dev/previews/cdl-000319,true,,待核实,false
cdl-004566,好好讲道理：反击谬误的逻辑学训练,,,,,,中文,culture-society,逻辑学;批判性思维;论证;谬误,,,,5,,true,,待核实,false
cdl-004567,好异教徒会下地狱吗,巴刻,,,,,中文,other,,,,,5,,true,,待核实,false
cdl-004568,好异教徒会下地狱吗,巴刻,,,,,中文,other,,,,,5,,true,,待核实,false
cdl-001331,好撒玛利亚人,,,,,,中文,other,,,,https://christian-digital-library-assets.gioia-zheng-stud.workers.dev/covers/cdl-001331.jpg,5,https://christian-digital-library-assets.gioia-zheng-stud.workers.dev/previews/cdl-001331,true,,待核实,false
cdl-001812,如何了解耶稣基督：新约圣经研究方法,R C Briggs,,,,,中文,bible-study,圣经;新约,,,https://christian-digital-library-assets.gioia-zheng-stud.workers.dev/covers/cdl-001812.jpg,5,https://christian-digital-library-assets.gioia-zheng-stud.workers.dev/previews/cdl-001812,true,,待核实,false
cdl-004569,如何创造思维：人类思想所揭示出的奥秘,雷·库兹韦尔,,,,,中文,culture-society,思维;人工智能;认知科学,,,,5,,true,,待核实,false
cdl-000320,如何处理拒绝与赞美,稣鲍伯,,,,,中文,spiritual-life,赞美,,,https://christian-digital-library-assets.gioia-zheng-stud.workers.dev/covers/cdl-000320.jpg,5,https://christian-digital-library-assets.gioia-zheng-stud.workers.dev/previews/cdl-000320,true,,待核实,false
cdl-004570,如何学习圣经,,,,,,中文,bible-study,圣经,,,,5,,true,,待核实,false
cdl-004571,如何带领一个出色的细胞小组(压缩版),,,,,,中文,other,,,,,5,,true,,待核实,false
cdl-004573,如何找对另一半,,,,,,中文,other,,,,,5,,true,,待核实,false
cdl-001984,如何挑战危机,詹姆士 巴克里,,,,,中文,other,,,,,5,,true,,待核实,false
cdl-000321,如何掌控自己的时间和生活,,,,,,中文,other,,,,,5,,true,,待核实,false
cdl-001776,如何明白圣经,诺顿 石特瑞,,,,,中文,bible-study,圣经,,,https://christian-digital-library-assets.gioia-zheng-stud.workers.dev/covers/cdl-001776.jpg,5,https://christian-digital-library-assets.gioia-zheng-stud.workers.dev/previews/cdl-001776,true,,待核实,false
cdl-004574,如何治死罪 (傅格森),,,,,,中文,other,,,,,4,,true,,待核实,false
cdl-001924,如何活出上帝喜悦的生命,慕安德烈,,,,,中文,theology,上帝,,,https://christian-digital-library-assets.gioia-zheng-stud.workers.dev/covers/cdl-001924.jpg,5,https://christian-digital-library-assets.gioia-zheng-stud.workers.dev/previews/cdl-001924,true,,待核实,false
cdl-004575,如何能力再现,凯文米勒,,,,,中文,other,,,,,5,,true,,待核实,false
cdl-001691,如何自我成长,唐·麦西（Maxie Dunnam）等,,,,,中文,spiritual-life,生命成长;灵修;门徒训练,,,https://christian-digital-library-assets.gioia-zheng-stud.workers.dev/covers/cdl-001691.jpg,5,https://christian-digital-library-assets.gioia-zheng-stud.workers.dev/previews/cdl-001691,true,,待核实,false
cdl-002009,如何营造爱的团契,赖利 韦登,,,,,中文,other,,,,,5,,true,,待核实,false
cdl-004576,如何读创世纪,,,,,,中文,other,,,,,5,,true,,待核实,false
cdl-004577,如何读创世记,,,,,,中文,bible-study,创世记,,,,5,,true,,待核实,false
cdl-004578,如何读创世记,川普朗文,,,,,中文,bible-study,创世记,,,,5,,true,,待核实,false
cdl-004579,如何读创世记,,,,,,中文,bible-study,创世记,,,,5,,true,,待核实,false
cdl-004580,如何读创世记1,,,,,,中文,bible-study,创世记,,,,5,,true,,待核实,false
cdl-002290,如何读箴言,川普 朗文 Tremper Longman III,,,,,中文,bible-study,箴言,,,,0,,true,,待核实,false
cdl-004581,如何读箴言,川普 朗文,,,,,中文,bible-study,箴言,,,,5,,true,,待核实,false
cdl-000322,如何阅读一本书,,,,,,中文,other,,,,,5,,true,,待核实,false
cdl-004582,如何阅读一本书,,,,,,中文,other,,,,,5,,true,,待核实,false
cdl-002092,如何阅读一本书,莫提默·J. 艾德勒、查尔斯·范多伦,,,,,中文,culture-society,阅读;学习方法;通识教育,,,,5,,true,,待核实,false
cdl-004583,如何阅读创世记,,,,,,中文,bible-study,创世记,,,,5,,true,,待核实,false
cdl-004584,如何高效学习,斯科特杨,,,,,中文,other,,,,,5,,true,,待核实,false
cdl-001745,如此基督教,C S Lewis,,,,,中文,theology,基督,,,,5,,true,,待核实,false
cdl-004585,如此基督教,路益师,,,,,中文,theology,基督,,,,5,,true,,待核实,false
cdl-004586,如此基督教,鲁益师,,,,,中文,theology,基督,,,,5,,true,,待核实,false
cdl-004587,如此我信 基督教教义导引,Gunton,,,,,中文,theology,教义,,,,5,,true,,待核实,false
cdl-002070,妙手重抚,凯思 米勒,,,,,中文,other,,,,,5,,true,,待核实,false
cdl-000323,妻子，荣耀的帮助者,黛丽 珀尔,,,,,中文,other,,,,https://christian-digital-library-assets.gioia-zheng-stud.workers.dev/covers/cdl-000323.jpg,5,https://christian-digital-library-assets.gioia-zheng-stud.workers.dev/previews/cdl-000323,true,,待核实,false
cdl-002583,姊妹辅导姊妹—人生难题的圣经答案,伊丽丝 菲茨派克,,,,,中文,bible-study,圣经,,,,5,,true,,待核实,false
cdl-004588,始于宁谧处：默想基督徒生命,,,,,,中文,theology,基督,,,,5,,true,,待核实,false
cdl-004589,始于宁谧处：默想基督徒生命,,,,,,中文,theology,基督,,,,5,,true,,待核实,false
cdl-000890,委身教会的生活,,,,,,中文,theology,教会,,,,5,,true,,待核实,false
cdl-004590,认识旧约神学主题,威廉·邓布雷尔,,,,,中文,bible-study,圣经;旧约;旧约神学;圣约,,,,5,,true,,待核实,false
cdl-001273,威敏斯特信仰告白读本,,,,,,中文,theology,信仰,,,,5,,true,,待核实,false
cdl-000506,威斯敏斯德准则导读,王志勇,,,,,中文,other,,,,,5,,true,,待核实,false
cdl-004591,威斯敏斯特敬拜指南,,,,,,中文,spiritual-life,敬拜,,,,5,,true,,待核实,false
cdl-004592,娱乐至死,,,,,,中文,other,,,,,5,,true,,待核实,false
cdl-001853,婚姻，家庭，工作：灵里生活：以弗所书五章十八节至六章九节,钟马田,,,,,中文,bible-study,以弗所,,,,5,,true,,待核实,false
cdl-004593,婚姻与家庭,陈辉茂,,,,,中文,family-ministry,婚姻;家庭,,,,5,,true,,待核实,false
cdl-004594,婚姻与家庭的治疗,理论与实务的蓝图,,,,,中文,family-ministry,婚姻;家庭,,,,5,,true,,待核实,false
cdl-004595,婚姻与家庭的治疗,理论与实务的蓝图,,,,,中文,family-ministry,婚姻;家庭,,,,5,,true,,待核实,false
cdl-004596,婚姻四季,查普曼,,,,,中文,family-ministry,婚姻,,,,5,,true,,待核实,false
cdl-000324,婚姻的意义,,,,,,中文,family-ministry,婚姻,,,https://christian-digital-library-assets.gioia-zheng-stud.workers.dev/covers/cdl-000324.jpg,5,https://christian-digital-library-assets.gioia-zheng-stud.workers.dev/previews/cdl-000324,true,,待核实,false
cdl-000325,婚姻的意义,,,,,,中文,family-ministry,婚姻,,,,5,,true,,待核实,false
cdl-004597,婚姻的意义,提摩太 凯勒,,,,,中文,family-ministry,婚姻,,,,5,,true,,待核实,false
cdl-004598,婚姻的意义,提摩太凯乐,,,,,中文,family-ministry,婚姻,,,,5,,true,,待核实,false
cdl-004599,婚姻的意义,,,,,,中文,family-ministry,婚姻,,,,5,,true,,待核实,false
cdl-004600,婚姻辅导课本(婚前),,,,,,中文,pastoral,辅导,,,,5,,true,,待核实,false
cdl-002584,子女心 父母情,,,,,,中文,other,,,,,5,,true,,待核实,false
cdl-001809,孕育于文化的神学,黄和伯,,,,,中文,theology,神学,,,,5,,true,,待核实,false
cdl-001915,字伽利略之后：圣经与科学之纠葛,韩梅尔,,,,,中文,bible-study,圣经,,,https://christian-digital-library-assets.gioia-zheng-stud.workers.dev/covers/cdl-001915.jpg,5,https://christian-digital-library-assets.gioia-zheng-stud.workers.dev/previews/cdl-001915,true,,待核实,false
cdl-000697,字字珠玑：以弗所书,,,,,,中文,bible-study,以弗所,,,,5,,true,,待核实,false
cdl-000698,字字珠玑：加拉太书,,,,,,中文,bible-study,加拉太,,,,5,,true,,待核实,false
cdl-000699,字字珠玑：希伯来书,,,,,,中文,bible-study,希伯来书,,,https://christian-digital-library-assets.gioia-zheng-stud.workers.dev/covers/cdl-000699.jpg,5,https://christian-digital-library-assets.gioia-zheng-stud.workers.dev/previews/cdl-000699,true,,待核实,false
cdl-000700,字字珠玑：约翰福音,,,,,,中文,bible-study,约翰福音,,,https://christian-digital-library-assets.gioia-zheng-stud.workers.dev/covers/cdl-000700.jpg,5,https://christian-digital-library-assets.gioia-zheng-stud.workers.dev/previews/cdl-000700,true,,待核实,false
cdl-000701,字字珠玑：腓利比书,,,,,,中文,other,,,,,5,,true,,待核实,false
cdl-000702,字字珠玑：路加福音,,,,,,中文,bible-study,路加福音,,,,5,,true,,待核实,false
cdl-000703,字裡藏珍：聖經基本主題研究,,,,,,中文,bible-study,聖經,,,https://christian-digital-library-assets.gioia-zheng-stud.workers.dev/covers/cdl-000703.jpg,5,https://christian-digital-library-assets.gioia-zheng-stud.workers.dev/previews/cdl-000703,true,,待核实,false
cdl-004738,字里藏珍,巴刻,,,,,中文,other,,,,,5,,true,,待核实,false
cdl-004601,字里行间 细读创世记,魏司道,,,,,中文,bible-study,创世记,,,,5,,true,,待核实,false
cdl-005755,存在与在,海德格尔,,,,,中文,other,,,,,5,,true,,待核实,false
cdl-004602,施恩座前,孙凯,,,,,中文,spiritual-life,祷告;灵修,,,,5,,true,,待核实,false
cdl-004603,孟他奴主义,吴罗瑜,,,,,中文,other,,,,,5,,true,,待核实,false
cdl-001963,孤独·独处·友情：塑造自重融和的生命,谭沛泉,,,,,中文,other,,,,https://christian-digital-library-assets.gioia-zheng-stud.workers.dev/covers/cdl-001963.jpg,5,https://christian-digital-library-assets.gioia-zheng-stud.workers.dev/previews/cdl-001963,true,,待核实,false
cdl-004604,孤独心理学,,,,,,中文,other,,,,,5,,true,,待核实,false
cdl-000326,孤独的神 后现代的福音派信仰危机,卫尔斯,,,,,中文,theology,信仰,,,,5,,true,,待核实,false
cdl-004352,学习教导：基督教教育者手册,,,,,,中文,pastoral,教导;基督教教育;培训;事工,,,,5,,true,,待核实,false
cdl-004606,学习的艺术,维茨金,,,,,中文,other,,,,,5,,true,,待核实,false
cdl-004607,学会提问：批判性思维指南,,,,,,中文,other,,,,,5,,true,,待核实,false
cdl-004608,学会提问：批判性思维指南 第10版,,,,,,中文,other,,,,,5,,true,,待核实,false
cdl-004609,学属灵伟人榜样,,,,,,中文,spiritual-life,属灵,,,,5,,true,,待核实,false
cdl-004610,学术研究与写作,李志秋,,,,,中文,other,,,,,5,,true,,待核实,false
cdl-004611,学生版：亲子课程,,,,,,中文,family-ministry,亲子,,,,5,,true,,待核实,false
cdl-004622,学生版：亲子课程,附录,,,,,中文,family-ministry,亲子,,,,5,,true,,待核实,false
cdl-004612,学生版：亲子课程：1课,,,,,,中文,family-ministry,亲子,,,,5,,true,,待核实,false
cdl-004613,亲子课程（学生版·第二课）,,,,,,中文,family-ministry,亲子;家庭教育;课程,,,,5,,true,,待核实,false
cdl-004614,亲子课程（学生版·第三课）,,,,,,中文,family-ministry,亲子;家庭教育;课程,,,,5,,true,,待核实,false
cdl-004615,亲子课程（学生版·第四课）,,,,,,中文,family-ministry,亲子;家庭教育;课程,,,,5,,true,,待核实,false
cdl-004616,亲子课程（学生版·第五课）,,,,,,中文,family-ministry,亲子;家庭教育;课程,,,,5,,true,,待核实,false
cdl-004617,亲子课程（学生版·第六课）,,,,,,中文,family-ministry,亲子;家庭教育;课程,,,,5,,true,,待核实,false
cdl-004618,亲子课程（学生版·第七课）,,,,,,中文,family-ministry,亲子;家庭教育;课程,,,,5,,true,,待核实,false
cdl-004619,亲子课程（学生版·第八课）,,,,,,中文,family-ministry,亲子;家庭教育;课程,,,,5,,true,,待核实,false
cdl-004620,亲子课程（学生版·第九课）,,,,,,中文,family-ministry,亲子;家庭教育;课程,,,,5,,true,,待核实,false
cdl-004621,学生版：亲子课程：序,,,,,,中文,family-ministry,亲子,,,,5,,true,,待核实,false
cdl-004623,孩子不同需要不同,,,,,,中文,family-ministry,孩子,,,,5,,true,,待核实,false
cdl-000874,孩童的禱告學生本,,,,,,中文,spiritual-life,禱告,,,,5,,true,,待核实,false
cdl-004624,宇宙三奇,马有藻,,,,,中文,other,,,,,5,,true,,待核实,false
cdl-004625,安东尼·吉登斯,现代性与自我认同 现代晚期的自我与社会,,,,,中文,other,,,,,5,,true,,待核实,false
cdl-002231,安息日志：秋之旅,卢云,,,,,中文,other,,,,,5,,true,,待核实,false
cdl-004626,安息日的真谛,赫舍尔,,,,,中文,other,,,,,5,,true,,待核实,false
cdl-002061,安息溪水边,吉恩 卡尔生,,,,,中文,other,,,,,5,,true,,待核实,false
cdl-004627,安瑟伦论自由,,,,,,中文,other,,,,,5,,true,,待核实,false
cdl-001720,完全救法,贾玉铭,,,,,中文,other,,,,https://christian-digital-library-assets.gioia-zheng-stud.workers.dev/covers/cdl-001720.jpg,5,https://christian-digital-library-assets.gioia-zheng-stud.workers.dev/previews/cdl-001720,true,,待核实,false
cdl-000327,完全饶恕,柯恩德,,,,,中文,other,,,,https://christian-digital-library-assets.gioia-zheng-stud.workers.dev/covers/cdl-000327.jpg,5,https://christian-digital-library-assets.gioia-zheng-stud.workers.dev/previews/cdl-000327,true,,待核实,false
cdl-002585,宗教史中的笑,挪威 英格维尔特 萨利特 吉尔胡斯,,,,,中文,culture-society,宗教,,,,5,,true,,待核实,false
cdl-004628,宗教哲学,黑格尔,,,,,中文,culture-society,哲学;宗教,,,,5,,true,,待核实,false
cdl-002586,宗教学导论,麦克斯 缪勒,,,,,中文,culture-society,宗教,,,,5,,true,,待核实,false
cdl-000352,宗教学是什么,张志刚,,,,,中文,culture-society,宗教,,,https://christian-digital-library-assets.gioia-zheng-stud.workers.dev/covers/cdl-000352.jpg,5,https://christian-digital-library-assets.gioia-zheng-stud.workers.dev/previews/cdl-000352,true,,待核实,false
cdl-002587,宗教思想史,,,,,,中文,culture-society,宗教,,,,5,,true,,待核实,false
cdl-001883,宗教情操真伪辨,约拿单 爱德华兹,,,,,中文,culture-society,宗教,,,https://christian-digital-library-assets.gioia-zheng-stud.workers.dev/covers/cdl-001883.jpg,5,https://christian-digital-library-assets.gioia-zheng-stud.workers.dev/previews/cdl-001883,true,,待核实,false
cdl-000915,宗教改革之信徒皆祭司,,,,,,中文,church-history,宗教改革,,,https://christian-digital-library-assets.gioia-zheng-stud.workers.dev/covers/cdl-000915.jpg,5,https://christian-digital-library-assets.gioia-zheng-stud.workers.dev/previews/cdl-000915,true,,待核实,false
cdl-000917,宗教改革之教会与社会,,,,,,中文,church-history,宗教改革,,,,5,,true,,待核实,false
cdl-004629,宗教改革史 上卷,托马斯 马丁 林赛,,,,,中文,church-history,宗教改革,,,,5,,true,,待核实,false
cdl-004630,宗教改革史 下卷,托马斯 马丁 林赛,,,,,中文,church-history,宗教改革,,,,5,,true,,待核实,false
cdl-001093,宗教改革运动思潮,麦格拉斯,,,,,中文,church-history,宗教改革,,,,5,,true,,待核实,false
cdl-001094,宗教改革运动思潮,麦格拉斯,,,,,中文,church-history,宗教改革,,,,5,,true,,待核实,false
cdl-004631,宗教改革运动思潮,麦格夫,,,,,中文,church-history,宗教改革,,,,5,,true,,待核实,false
cdl-002588,宗教的起源与发展,麦克斯 缪勒,,,,,中文,culture-society,宗教,,,,5,,true,,待核实,false
cdl-002135,宗教研究与诠释学：宗教学建立的思考,黎志添,,,,,中文,culture-society,宗教,,,,5,,true,,待核实,false
cdl-004632,宗教社会学,,,,,,中文,culture-society,社会;宗教,,,,5,,true,,待核实,false
cdl-000328,定意爱我们的孩子,丹尼 席克,,,,,中文,family-ministry,孩子,,,https://christian-digital-library-assets.gioia-zheng-stud.workers.dev/covers/cdl-000328.jpg,5,https://christian-digital-library-assets.gioia-zheng-stud.workers.dev/previews/cdl-000328,true,,待核实,false
cdl-002427,宝血的福音,方之日,,,,,中文,other,,,,,5,,true,,待核实,false
cdl-004633,宝贝你的内心幼童,,,,,,中文,other,,,,,5,,true,,待核实,false
cdl-004634,宝贝你的内心幼童,,,,,,中文,other,,,,,5,,true,,待核实,false
cdl-004635,实用取题法b5,,,,,,中文,other,,,,,5,,true,,待核实,false
cdl-000329,实用祈祷学,wps,,,,,中文,other,,,,,5,,true,,待核实,false
cdl-004636,实用解经学,吕沛渊,,,,,中文,bible-study,解经,,,,5,,true,,待核实,false
cdl-004637,实用解经讲章,罗宾森,,,,,中文,bible-study,解经,,,,5,,true,,待核实,false
cdl-004638,实用解经讲道,,,,,,中文,bible-study,解经,,,,5,,true,,待核实,false
cdl-001564,实用读经攻略,Reading 读经乐,,,,,中文,other,,,,https://christian-digital-library-assets.gioia-zheng-stud.workers.dev/covers/cdl-001564.jpg,5,https://christian-digital-library-assets.gioia-zheng-stud.workers.dev/previews/cdl-001564,true,,待核实,false
cdl-006289,实用释经学,舍禾,,,,,中文,bible-study,释经,,,,5,,true,,待核实,false
cdl-004639,实用释经学：賴若瀚,聖言資源中心,,,,,中文,bible-study,释经,,,,5,,true,,待核实,false
cdl-002149,实用释经法,赖若瀚,,,,,中文,bible-study,释经,,,,5,,true,,待核实,false
cdl-004640,实用释经讲道法,张西平,,,,,中文,bible-study,释经,,,,5,,true,,待核实,false
cdl-004641,实用释经讲道法,张西平,,,,,中文,bible-study,释经,,,,5,,true,,待核实,false
cdl-004642,实用释经讲道法,,,,,,中文,bible-study,释经,,,,5,,true,,待核实,false
cdl-004643,实践神学系列75：教导所信，形塑信者：从圣经看教会教育事工,,,,,,中文,bible-study,圣经,,,,5,,true,,待核实,false
cdl-004644,活着是为宣教：宣教人生,,,,,,中文,missions,宣教;事奉;福音,,,,5,,true,,待核实,false
cdl-004645,宣教中的上帝,莱特,,,,,中文,missions,宣教,,,,5,,true,,待核实,false
cdl-001188,宣教士保罗,席纳博,,,,,中文,missions,宣教,,,https://christian-digital-library-assets.gioia-zheng-stud.workers.dev/covers/cdl-001188.jpg,5,https://christian-digital-library-assets.gioia-zheng-stud.workers.dev/previews/cdl-001188,true,,待核实,false
cdl-004646,宣教神学,庄祖鲲,,,,,中文,missions,宣教,,,,5,,true,,待核实,false
cdl-001975,宣教神学的圣经基础,贾礼荣,,,,,中文,bible-study,圣经,,,https://christian-digital-library-assets.gioia-zheng-stud.workers.dev/covers/cdl-001975.jpg,5,https://christian-digital-library-assets.gioia-zheng-stud.workers.dev/previews/cdl-001975,true,,待核实,false
cdl-004647,宣讲中的圣经,戴歌德,,,,,中文,bible-study,圣经,,,,5,,true,,待核实,false
cdl-000615,家庭与重建,雷默弟兄,,,,,中文,family-ministry,家庭,,,https://christian-digital-library-assets.gioia-zheng-stud.workers.dev/covers/cdl-000615.jpg,5,https://christian-digital-library-assets.gioia-zheng-stud.workers.dev/previews/cdl-000615,true,,待核实,false
cdl-004648,家庭关系的神学基础,,,,,,中文,family-ministry,家庭,,,,5,,true,,待核实,false
cdl-004649,家庭教会,,,,,,中文,family-ministry,家庭,,,,5,,true,,待核实,false
cdl-000936,家庭生活实用技巧全书,,,,,,中文,family-ministry,家庭,,,https://christian-digital-library-assets.gioia-zheng-stud.workers.dev/covers/cdl-000936.jpg,5,https://christian-digital-library-assets.gioia-zheng-stud.workers.dev/previews/cdl-000936,true,,待核实,false
cdl-004650,家庭祷告的祭坛,,,,,,中文,family-ministry,家庭,,,,5,,true,,待核实,false
cdl-004651,宽恕：为自己及世界疗伤止痛的四段历程,,,,,,中文,other,,,,,5,,true,,待核实,false
cdl-004652,宾克：今日传福音,,,,,,中文,missions,传福音,,,,5,,true,,待核实,false
cdl-004654,實用釋經講道法,張西平,,,,,中文,bible-study,釋經,,,,5,,true,,待核实,false
cdl-004655,寫給所有人的簡明哲學史,,,,,,中文,culture-society,哲學,,,,5,,true,,待核实,false
cdl-001950,寰宇主仆声,贝丝摩尔等,,,,,中文,other,,,,,5,,true,,待核实,false
cdl-004656,对于每一条诫命详细的解释,,,,,,中文,other,,,,,5,,true,,待核实,false
cdl-004657,对得救信心的研究 宾克,,,,,,中文,spiritual-life,信心,,,,5,,true,,待核实,false
cdl-001366,对观福音使徒行传,,,,,,中文,bible-study,使徒行传,,,,5,,true,,待核实,false
cdl-000332,对话 儒释道与基督教,何光沪,,,,,中文,theology,基督,,,https://christian-digital-library-assets.gioia-zheng-stud.workers.dev/covers/cdl-000332.jpg,5,https://christian-digital-library-assets.gioia-zheng-stud.workers.dev/previews/cdl-000332,true,,待核实,false
cdl-000333,对话二 儒释道与基督教,何光沪,,,,,中文,theology,基督,,,,5,,true,,待核实,false
cdl-000334,寻便寻见,杨腓力,,,,,中文,other,,,,,5,,true,,待核实,false
cdl-001694,寻寻问问,甘力克 Nicky Gumbel,,,,,中文,other,,,,,5,,true,,待核实,false
cdl-004802,寻找人生真满足 侯士庭,幸福真谛,,,,,中文,other,,,,,5,,true,,待核实,false
cdl-000335,寻找荣耀的帮助者,迈克尔 珀尔,,,,,中文,other,,,,https://christian-digital-library-assets.gioia-zheng-stud.workers.dev/covers/cdl-000335.jpg,5,https://christian-digital-library-assets.gioia-zheng-stud.workers.dev/previews/cdl-000335,true,,待核实,false
cdl-004658,寻求引导,,,,,,中文,other,,,,,5,,true,,待核实,false
cdl-004660,寻求神的旨意,华尔基,,,,,中文,spiritual-life,,,,,5,,true,,待核实,false
cdl-004659,寻求神的旨意(岂有此理),华尔基,,,,,中文,spiritual-life,,,,,5,,true,,待核实,false
cdl-004661,导论 超越性、临在性和现代神学历史,,,,,,中文,church-history,历史,,,,5,,true,,待核实,false
cdl-000635,导论篇：与新约作者同读旧约,,,,,,中文,bible-study,,,,https://christian-digital-library-assets.gioia-zheng-stud.workers.dev/covers/cdl-000635.jpg,5,https://christian-digital-library-assets.gioia-zheng-stud.workers.dev/previews/cdl-000635,true,,待核实,false
cdl-004662,封面,,,,,,中文,other,,,,,1,,true,,待核实,false
cdl-000336,将人的心意夺回,理查德 伯瑞特,,,,,中文,other,,,,https://christian-digital-library-assets.gioia-zheng-stud.workers.dev/covers/cdl-000336.jpg,5,https://christian-digital-library-assets.gioia-zheng-stud.workers.dev/previews/cdl-000336,true,,待核实,false
cdl-001906,将人的心意夺回：基督教护教学简明手册,理查德德 柏瑞特,,,,,中文,reference,手册,,,,5,,true,,待核实,false
cdl-004664,将来必成的启示,马有藻,,,,,中文,other,,,,,5,,true,,待核实,false
cdl-004663,将来必成的启示 马有藻,,,,,,中文,other,,,,,5,,true,,待核实,false
cdl-001272,尉克勒夫妇,如何聆聽上帝的聲音,,,,,中文,other,,,,https://christian-digital-library-assets.gioia-zheng-stud.workers.dev/covers/cdl-001272.jpg,5,https://christian-digital-library-assets.gioia-zheng-stud.workers.dev/previews/cdl-001272,true,,待核实,false
cdl-001483,尊崇真神,,,,,,中文,other,,,,https://christian-digital-library-assets.gioia-zheng-stud.workers.dev/covers/cdl-001483.jpg,5,https://christian-digital-library-assets.gioia-zheng-stud.workers.dev/previews/cdl-001483,true,,待核实,false
cdl-001484,尊崇真神,,,,,,中文,other,,,,https://christian-digital-library-assets.gioia-zheng-stud.workers.dev/covers/cdl-001484.jpg,5,https://christian-digital-library-assets.gioia-zheng-stud.workers.dev/previews/cdl-001484,true,,待核实,false
cdl-001485,尊崇真神,,,,,,中文,other,,,,,5,,true,,待核实,false
cdl-002589,尊贵的设计—上帝在你生命中的旨意,理查德 L 柏瑞特,,,,,中文,theology,上帝,,,,5,,true,,待核实,false
cdl-004665,對話詩學：文學閱讀與闡釋的新視野,,,,,,中文,other,,,,,5,,true,,待核实,false
cdl-004666,小先知1,,,,,,中文,other,,,,,5,,true,,待核实,false
cdl-004667,小先知2,,,,,,中文,other,,,,,5,,true,,待核实,false
cdl-004668,小先知书3,,,,,,中文,bible-study,,,,,5,,true,,待核实,false
cdl-004669,小先知全套577,,,,,,中文,other,,,,,5,,true,,待核实,false
cdl-004670,小先知注释，何西阿书，加尔文,,,,,,中文,bible-study,注释;何西阿,,,,5,,true,,待核实,false
cdl-004671,小小天路客,,,,,,中文,other,,,,,5,,true,,待核实,false
cdl-004672,小小羊：基督徒与拜偶像,,,,,,中文,theology,基督,,,,5,,true,,待核实,false
cdl-004673,小巨人大亮光,,,,,,中文,other,,,,,5,,true,,待核实,false
cdl-004674,小組教會新模式 成長領袖小組(以台北救恩堂為例),劉國忠,,,,,中文,theology,救恩;教會,,,,5,,true,,待核实,false
cdl-004675,小組查經手册 附归纳式查经法,李林静芝,,,,,中文,reference,手册,,,,5,,true,,待核实,false
cdl-004676,小组事工指南,,,,,,中文,pastoral,事工,,,,5,,true,,待核实,false
cdl-004677,小组全攻略,多纳休,,,,,中文,other,,,,,5,,true,,待核实,false
cdl-004678,小组聚会,细胞小组聚会不再沉闷,,,,,中文,other,,,,,5,,true,,待核实,false
cdl-004679,小羊：论爱仇敌,,,,,,中文,other,,,,,5,,true,,待核实,false
cdl-004680,小老百姓神学,毛乐祈,,,,,中文,theology,神学,,,,5,,true,,待核实,false
cdl-002035,小说圣经：旧约篇,沃尔特 温杰林,,,,,中文,bible-study,圣经;旧约,,,,5,,true,,待核实,false
cdl-004681,尼各马可伦理学,,,,,,中文,culture-society,伦理,,,,5,,true,,待核实,false
cdl-001241,尼希米的巨大城墙,,,,,,中文,bible-study,尼希米,,,,5,,true,,待核实,false
cdl-005840,尼希米记,,,,,,中文,bible-study,尼希米,,,,5,,true,,待核实,false
cdl-004682,尼希米记 天道圣经注释,邵晨光,,,,,中文,bible-study,圣经;注释;尼希米,,,,5,,true,,待核实,false
cdl-004683,尼希米记 天道圣经注释,邵晨光,,,,,中文,bible-study,圣经;注释;尼希米,,,,5,,true,,待核实,false
cdl-004684,尼希米记注释 马太亨利,,,,,,中文,bible-study,注释;尼希米,,,,5,,true,,待核实,false
cdl-001952,展翅得力的秘诀,柯克 钟斯,,,,,中文,other,,,,,5,,true,,待核实,false
cdl-000340,属天的医治,慕安德烈,,,,,中文,other,,,,https://christian-digital-library-assets.gioia-zheng-stud.workers.dev/covers/cdl-000340.jpg,5,https://christian-digital-library-assets.gioia-zheng-stud.workers.dev/previews/cdl-000340,true,,待核实,false
cdl-004685,属灵人的再思,饶孝伯,,,,,中文,spiritual-life,属灵,,,,5,,true,,待核实,false
cdl-004686,属灵人的再思,,,,,,中文,spiritual-life,属灵,,,,5,,true,,待核实,false
cdl-004687,属灵传统礼赞,,,,,,中文,spiritual-life,属灵,,,,5,,true,,待核实,false
cdl-001772,属灵实际的追寻：从圣经、历史、神学看倪柝声的思想：廖元威，吕沛渊等,,,,,,中文,bible-study,圣经,,,https://christian-digital-library-assets.gioia-zheng-stud.workers.dev/covers/cdl-001772.jpg,5,https://christian-digital-library-assets.gioia-zheng-stud.workers.dev/previews/cdl-001772,true,,待核实,false
cdl-004688,属灵情感,,,,,,中文,spiritual-life,属灵,,,,5,,true,,待核实,false
cdl-004572,属灵接生学,如何带领初信者,,,,,中文,spiritual-life,属灵,,,,5,,true,,待核实,false
cdl-004689,属灵操练之旅,付士德 史雅各,,,,,中文,spiritual-life,属灵,,,,5,,true,,待核实,false
cdl-004690,属灵操练礼赞,,,,,,中文,spiritual-life,属灵,,,,5,,true,,待核实,false
cdl-004692,属灵的寓意：约翰福音注疏上,俄立根,,,,,中文,bible-study,约翰福音,,,,5,,true,,待核实,false
cdl-004693,属灵的寓意：约翰福音注疏上,俄立根,,,,,中文,bible-study,约翰福音,,,,5,,true,,待核实,false
cdl-004694,属灵的寓意：约翰福音注疏下,俄立根,,,,,中文,bible-study,约翰福音,,,,5,,true,,待核实,false
cdl-004695,属灵的寓意：约翰福音注疏下,俄立根,,,,,中文,bible-study,约翰福音,,,,5,,true,,待核实,false
cdl-004696,属灵的真义,薛华,,,,,中文,spiritual-life,属灵,,,,5,,true,,待核实,false
cdl-004697,属灵的秘诀 戴德生,,,,,,中文,spiritual-life,属灵,,,,5,,true,,待核实,false
cdl-004698,属灵神学与教会管理,,,,,,中文,theology,神学,,,,5,,true,,待核实,false
cdl-004699,属灵门徒训练,,,,,,中文,spiritual-life,门徒;属灵,,,,5,,true,,待核实,false
cdl-001973,属神的女人,菁洁 盖博尔,,,,,中文,other,,,,,5,,true,,待核实,false
cdl-004700,山雨：富能仁新传,艾琳,,,,,中文,missions,宣教士传记;富能仁;传记;宣教,,,,5,,true,,待核实,false
cdl-004702,崇拜历久长新,,,,,,中文,other,,,,,5,,true,,待核实,false
cdl-004701,崇拜历久长新 韦柏,,,,,,中文,other,,,,,5,,true,,待核实,false
cdl-004703,崇拜学,,,,,,中文,other,,,,,5,,true,,待核实,false
cdl-004704,崇拜心理学,,,,,,中文,other,,,,,5,,true,,待核实,false
cdl-004706,崇拜聚会程序与礼文,彭圣佣,,,,,中文,other,,,,,5,,true,,待核实,false
cdl-004707,工人的典範,,,,,,中文,other,,,,,5,,true,,待核实,false
cdl-004708,工人的讲道,布希真,,,,,中文,pastoral,讲道,,,,5,,true,,待核实,false
cdl-004709,工人的讲道,布希真,,,,,中文,pastoral,讲道,,,,5,,true,,待核实,false
cdl-004710,工人的辅导,麦希真,,,,,中文,pastoral,辅导,,,,5,,true,,待核实,false
cdl-004711,工人系列一,,,,,,中文,other,,,,,5,,true,,待核实,false
cdl-004712,工作与休闲,,,,,,中文,other,,,,,5,,true,,待核实,false
cdl-000341,工作与时日；神谱,赫西俄德,,,,,中文,other,古希腊;文学,,,,5,,true,,待核实,false
cdl-004713,工作的呼召,理查德·斯蒂尔,,王培洁;杜华,团结出版社,,中文,spiritual-life,工作;呼召;职业伦理;基督徒生活,本书从信仰角度讨论工作、经营、诚实、知足与责任，帮助读者在日常职业生活中实践基督徒品格。,,,5,,true,,待核实,false
cdl-004714,工作的呼召,理查德·斯蒂尔,,,,,中文,other,工作;呼召,,,,5,,true,,待核实,false
cdl-004715,工作真重要 向圣经人物学工作,,,,,,中文,bible-study,圣经,,,,5,,true,,待核实,false
cdl-002991,工友福音性查經(組長本),今日的耶穌,,,,,中文,other,,,,,5,,true,,待核实,false
cdl-000339,左手如来右手基督,尼采,,,,,中文,theology,基督,,,https://christian-digital-library-assets.gioia-zheng-stud.workers.dev/covers/cdl-000339.jpg,5,https://christian-digital-library-assets.gioia-zheng-stud.workers.dev/previews/cdl-000339,true,,待核实,false
cdl-004716,巨人与侏儒 布鲁姆文集,,,,,,中文,other,,,,,5,,true,,待核实,false
cdl-004717,巨人的一代(上),,,,,,中文,other,,,,,5,,true,,待核实,false
cdl-004718,巨人的一代(下),,,,,,中文,other,,,,,5,,true,,待核实,false
cdl-004719,巨变：当代政治与经济的起源(匈牙利)卡尔·波兰尼,,,,,,中文,culture-society,政治,,,,5,,true,,待核实,false
cdl-004720,巩固你的婚姻(婚后),,,,,,中文,family-ministry,婚姻,,,,5,,true,,待核实,false
cdl-004721,巩固你的婚姻(婚后),,,,,,中文,family-ministry,婚姻,,,,5,,true,,待核实,false
cdl-001603,差传圣经神学初探,陈惠文,,,,,中文,bible-study,圣经,,,https://christian-digital-library-assets.gioia-zheng-stud.workers.dev/covers/cdl-001603.jpg,5,https://christian-digital-library-assets.gioia-zheng-stud.workers.dev/previews/cdl-001603,true,,待核实,false
cdl-000015,巴克莱圣经注释-使徒行传,,,,,,中文,bible-study,圣经;注释;使徒行传,,,https://christian-digital-library-assets.gioia-zheng-stud.workers.dev/covers/cdl-000015.jpg,5,https://christian-digital-library-assets.gioia-zheng-stud.workers.dev/previews/cdl-000015,true,,待核实,false
cdl-000018,巴克莱圣经注释：加拉太书、以弗所书,威廉·巴克莱,,,,,中文,bible-study,圣经;新约;注释;加拉太书;以弗所书,,,https://christian-digital-library-assets.gioia-zheng-stud.workers.dev/covers/cdl-000018.jpg,5,https://christian-digital-library-assets.gioia-zheng-stud.workers.dev/previews/cdl-000018,true,,待核实,false
cdl-000017,巴克莱圣经注释-哥林多前后书,,,,,,中文,bible-study,圣经;注释;哥林多,,,https://christian-digital-library-assets.gioia-zheng-stud.workers.dev/covers/cdl-000017.jpg,5,https://christian-digital-library-assets.gioia-zheng-stud.workers.dev/previews/cdl-000017,true,,待核实,false
cdl-000021,巴克莱圣经注释-希伯来书,,,,,,中文,bible-study,圣经;注释;希伯来书,,,https://christian-digital-library-assets.gioia-zheng-stud.workers.dev/covers/cdl-000021.jpg,5,https://christian-digital-library-assets.gioia-zheng-stud.workers.dev/previews/cdl-000021,true,,待核实,false
cdl-000020,巴克莱圣经注释：提摩太前后书、提多书、腓利门书,威廉·巴克莱,,,,,中文,bible-study,圣经;新约;注释;教牧书信;腓利门书,,,https://christian-digital-library-assets.gioia-zheng-stud.workers.dev/covers/cdl-000020.jpg,5,https://christian-digital-library-assets.gioia-zheng-stud.workers.dev/previews/cdl-000020,true,,待核实,false
cdl-000014,巴克莱圣经注释-约翰福音-2,,,,,,中文,bible-study,圣经;注释;约翰福音,,,https://christian-digital-library-assets.gioia-zheng-stud.workers.dev/covers/cdl-000014.jpg,5,https://christian-digital-library-assets.gioia-zheng-stud.workers.dev/previews/cdl-000014,true,,待核实,false
cdl-000016,巴克莱圣经注释-罗马书,,,,,,中文,bible-study,圣经;注释;罗马书,,,https://christian-digital-library-assets.gioia-zheng-stud.workers.dev/covers/cdl-000016.jpg,5,https://christian-digital-library-assets.gioia-zheng-stud.workers.dev/previews/cdl-000016,true,,待核实,false
cdl-000019,巴克莱圣经注释：腓立比书、歌罗西书、帖撒罗尼迦前后书,威廉·巴克莱,,,,,中文,bible-study,圣经;新约;注释;保罗书信,,,https://christian-digital-library-assets.gioia-zheng-stud.workers.dev/covers/cdl-000019.jpg,5,https://christian-digital-library-assets.gioia-zheng-stud.workers.dev/previews/cdl-000019,true,,待核实,false
cdl-000012,巴克莱圣经注释-路加福音,,,,,,中文,bible-study,圣经;注释;路加福音,,,https://christian-digital-library-assets.gioia-zheng-stud.workers.dev/covers/cdl-000012.jpg,5,https://christian-digital-library-assets.gioia-zheng-stud.workers.dev/previews/cdl-000012,true,,待核实,false
cdl-000011,巴克莱圣经注释-马可福音,,,,,,中文,bible-study,圣经;注释;马可福音,,,https://christian-digital-library-assets.gioia-zheng-stud.workers.dev/covers/cdl-000011.jpg,5,https://christian-digital-library-assets.gioia-zheng-stud.workers.dev/previews/cdl-000011,true,,待核实,false
cdl-000009,巴克莱圣经注释-马太福音-1,,,,,,中文,bible-study,圣经;注释;马太福音,,,https://christian-digital-library-assets.gioia-zheng-stud.workers.dev/covers/cdl-000009.jpg,5,https://christian-digital-library-assets.gioia-zheng-stud.workers.dev/previews/cdl-000009,true,,待核实,false
cdl-000013,巴克莱圣经注释,约翰福音,,,,,中文,bible-study,圣经;注释;约翰福音,,,https://christian-digital-library-assets.gioia-zheng-stud.workers.dev/covers/cdl-000013.jpg,5,https://christian-digital-library-assets.gioia-zheng-stud.workers.dev/previews/cdl-000013,true,,待核实,false
cdl-004723,巴克莱圣经注释,约翰福音,,,,,中文,bible-study,圣经;注释;约翰福音,,,,5,,true,,待核实,false
cdl-004724,巴克莱圣经注释：腓立比书 歌罗西书 贴撒罗尼迦前后书注释,,,,,,中文,bible-study,圣经;注释;腓立比,,,,5,,true,,待核实,false
cdl-000010,巴克莱圣经注释,马太福音,,,,,中文,bible-study,圣经;注释;马太福音,,,https://christian-digital-library-assets.gioia-zheng-stud.workers.dev/covers/cdl-000010.jpg,5,https://christian-digital-library-assets.gioia-zheng-stud.workers.dev/previews/cdl-000010,true,,待核实,false
cdl-004725,巴克莱新月圣经注释上,,,,,,中文,bible-study,圣经;注释,,,,5,,true,,待核实,false
cdl-002401,巴克莱每日研经丛书：哥林多前后书,巴克莱,,,,,中文,bible-study,研经;哥林多,,,,5,,true,,待核实,false
cdl-002402,巴克莱每日研经丛书：雅各书：彼得前后书,巴克莱,,,,,中文,bible-study,研经;雅各书;彼得前,,,,5,,true,,待核实,false
cdl-004727,廿一世纪福音派的危机和陷阱,巴刻,,,,,中文,theology,福音派;巴刻;教会;神学,,,,5,,true,,待核实,false
cdl-004728,巴刻：传福音与神的主权,,,,,,中文,missions,传福音,,,,5,,true,,待核实,false
cdl-004729,巴刻：保守我引导我,,,,,,中文,other,,,,,5,,true,,待核实,false
cdl-004730,巴刻：同心坚信,,,,,,中文,other,,,,,5,,true,,待核实,false
cdl-004731,巴刻：圣诞的真义,,,,,,中文,other,,,,,5,,true,,待核实,false
cdl-004732,巴刻：基督徒须知,,,,,,中文,theology,基督,,,,5,,true,,待核实,false
cdl-004733,巴刻：生命的重整,,,,,,中文,other,,,,,5,,true,,待核实,false
cdl-004734,巴刻：简明神学,,,,,,中文,theology,神学,,,,5,,true,,待核实,false
cdl-004736,巴刻：认识神,,,,,,中文,other,,,,,5,,true,,待核实,false
cdl-004735,巴刻：认识神(增订版),,,,,,中文,other,,,,,5,,true,,待核实,false
cdl-004742,基督教神学：我们的合理信仰,赫尔曼·巴文克,,,,,中文,theology,基督教神学;改革宗;系统神学;巴文克,,,,5,,true,,待核实,false
cdl-002059,巴比伦河畔,戴维斯,,,,,中文,other,,,,,5,,true,,待核实,false
cdl-004743,巴特：罗马书释义,,,,,,中文,bible-study,罗马书,,,,5,,true,,待核实,false
cdl-002642,巴特神学的价值,,,,,,中文,theology,神学,,,,5,,true,,待核实,false
cdl-004744,布什总统的信仰历程 艾克敏,,,,,,中文,theology,信仰,,,,5,,true,,待核实,false
cdl-004745,布氏旧约导论,,,,,,中文,bible-study,旧约,,,,5,,true,,待核实,false
cdl-004746,布莱克威尔后现代神学指南,,,,,,中文,theology,神学,,,,5,,true,,待核实,false
cdl-001997,布道大计,高尔文,,,,,中文,missions,布道,,,,5,,true,,待核实,false
cdl-004747,布雷克：基督徒理所当然事奉,,,,,,中文,theology,基督,,,,5,,true,,待核实,false
cdl-004751,师徒之道,,,,,,中文,other,,,,,5,,true,,待核实,false
cdl-004752,希伯来书（一）,,,,,,中文,bible-study,圣经;新约;希伯来书,,,,5,,true,,待核实,false
cdl-004753,希伯来书（二）,,,,,,中文,bible-study,圣经;新约;希伯来书,,,,5,,true,,待核实,false
cdl-004754,希伯來書研經材料,校園,,,,,中文,bible-study,研經;希伯來書,,,,5,,true,,待核实,false
cdl-001161,希伯来书,欧白恩,,,,,中文,bible-study,希伯来书,,,,5,,true,,待核实,false
cdl-002207,希伯来书,乔治 格思里,,,,,中文,bible-study,希伯来书,,,,5,,true,,待核实,false
cdl-003900,希伯来书——国际释经系列,,,,,,中文,bible-study,圣经;新约;希伯来书;国际释经,,,,5,,true,,待核实,false
cdl-003943,希伯来书——国际释经应用系列,,,,,,中文,bible-study,圣经;新约;希伯来书;国际释经应用,,,,5,,true,,待核实,false
cdl-003944,希伯来书——国际释经应用系列,,,,,,中文,bible-study,圣经;新约;希伯来书;国际释经应用,,,,5,,true,,待核实,false
cdl-003945,希伯来书——国际释经应用系列,,,,,,中文,bible-study,圣经;新约;希伯来书;国际释经应用,,,,5,,true,,待核实,false
cdl-003946,希伯来书——国际释经应用系列,,,,,,中文,bible-study,圣经;新约;希伯来书;国际释经应用,,,,5,,true,,待核实,false
cdl-003947,希伯来书——国际释经应用系列,,,,,,中文,bible-study,圣经;新约;希伯来书;国际释经应用,,,,5,,true,,待核实,false
cdl-004755,希伯来书,欧白恩,,,,,中文,bible-study,希伯来书,,,,5,,true,,待核实,false
cdl-004756,希伯来书,莫理昂,,,,,中文,bible-study,希伯来书,,,,5,,true,,待核实,false
cdl-004757,希伯来书,莫理昂,,,,,中文,bible-study,希伯来书,,,,5,,true,,待核实,false
cdl-004758,希伯来书,,,,,,中文,bible-study,希伯来书,,,,5,,true,,待核实,false
cdl-004759,希伯来书,布瑞蒙,,,,,中文,bible-study,希伯来书,,,,5,,true,,待核实,false
cdl-004761,希伯来书,莫理昂,,,,,中文,bible-study,希伯来书,,,,5,,true,,待核实,false
cdl-001388,希伯来书(上),冯荫坤,,,,,中文,bible-study,希伯来书,,,https://christian-digital-library-assets.gioia-zheng-stud.workers.dev/covers/cdl-001388.jpg,5,https://christian-digital-library-assets.gioia-zheng-stud.workers.dev/previews/cdl-001388,true,,待核实,false
cdl-001389,希伯来书(下),冯荫坤,,,,,中文,bible-study,希伯来书,,,,5,,true,,待核实,false
cdl-004760,希伯来书,布瑞蒙,,,,,中文,bible-study,希伯来书,,,,5,,true,,待核实,false
cdl-003948,希伯来书——国际释经应用系列,乔治·格思里,,,,,中文,bible-study,圣经;新约;希伯来书;国际释经应用,,,,5,,true,,待核实,false
cdl-002557,希伯来书全景,,,,,,中文,bible-study,希伯来书,,,,5,,true,,待核实,false
cdl-004762,希伯来书全景,,,,,,中文,bible-study,希伯来书,,,,5,,true,,待核实,false
cdl-001401,希伯来书天道研经导读(莫理昂),,,,,,中文,bible-study,研经;希伯来书,,,,5,,true,,待核实,false
cdl-001162,希伯来书概论,哈格纳,,,,,中文,bible-study,希伯来书,,,,5,,true,,待核实,false
cdl-002185,希伯来书结构式研经注释,李保罗,,,,,中文,bible-study,研经;注释;希伯来书,,,,5,,true,,待核实,false
cdl-004763,希伯来书讲义,,,,,,中文,bible-study,希伯来书,,,,5,,true,,待核实,false
cdl-000996,希伯来圣经之十诫研究,,,,,,中文,bible-study,圣经,,,https://christian-digital-library-assets.gioia-zheng-stud.workers.dev/covers/cdl-000996.jpg,5,https://christian-digital-library-assets.gioia-zheng-stud.workers.dev/previews/cdl-000996,true,,待核实,false
cdl-004764,希伯来圣经之十诫研究,,,,,,中文,bible-study,圣经,,,,5,,true,,待核实,false
cdl-004765,希伯来圣经导论,,,,,,中文,bible-study,圣经,,,,5,,true,,待核实,false
cdl-004766,希伯来圣经导论,,,,,,中文,bible-study,圣经,,,,5,,true,,待核实,false
cdl-001749,希伯来圣经的文本，历史与思想世界,游斌,,,,,中文,bible-study,圣经,,,,0,,true,,待核实,false
cdl-004767,希伯来圣经的文本、历史与思想世界,游斌,,,,,中文,bible-study,圣经;旧约;希伯来圣经;历史背景,,,,5,,true,,待核实,false
cdl-004768,希伯来文新约圣经,,,,,,中文,bible-study,圣经;新约,,,,5,,true,,待核实,false
cdl-001928,希伯来智慧新释,施特劳斯 等,,,,,中文,bible-study,圣经;旧约;智慧书;圣经研究,,,https://christian-digital-library-assets.gioia-zheng-stud.workers.dev/covers/cdl-001928.jpg,5,https://christian-digital-library-assets.gioia-zheng-stud.workers.dev/previews/cdl-001928,true,,待核实,false
cdl-004769,希伯来语 圣经：导论,,,,,,中文,bible-study,圣经,,,,5,,true,,待核实,false
cdl-004770,希特勒的十字架,,,,,,中文,theology,十字架,,,,5,,true,,待核实,false
cdl-000753,希腊哲学的“存在”与早期基督教的上帝观,章雪富,,,,,中文,theology,希腊哲学;早期基督教;上帝观;神学,,,,5,,true,,待核实,false
cdl-004771,希腊的生活,,,,,,中文,other,,,,,5,,true,,待核实,false
cdl-004772,希腊的生活（二）,,,,,,中文,culture-society,历史;希腊;文化,,,,5,,true,,待核实,false
cdl-000342,帕斯卡尔与人生的意义,托马斯 莫里斯,,,,,中文,other,,,,,5,,true,,待核实,false
cdl-004773,帖撒罗尼迦前书,,,,,,中文,bible-study,圣经;新约;帖撒罗尼迦前书,,,,5,,true,,待核实,false
cdl-004774,帖撒罗尼迦前后书,华约翰,,,,,中文,bible-study,圣经;新约;帖撒罗尼迦前后书,,,,5,,true,,待核实,false
cdl-004775,帖撒罗尼迦前后书,华约翰,,,,,中文,bible-study,圣经;新约;帖撒罗尼迦前后书,,,,5,,true,,待核实,false
cdl-004776,帖撒罗尼迦后书,,,,,,中文,bible-study,圣经;新约;帖撒罗尼迦后书,,,,5,,true,,待核实,false
cdl-004778,帖撒罗尼迦前书,,,,,,中文,bible-study,帖撒罗尼迦,,,,5,,true,,待核实,false
cdl-004779,帖撒罗尼迦前书,冯荫坤,,,,,中文,bible-study,帖撒罗尼迦,,,,5,,true,,待核实,false
cdl-004780,帖撒罗尼迦前书,冯荫坤,,,,,中文,bible-study,帖撒罗尼迦,,,,5,,true,,待核实,false
cdl-004781,帖撒罗尼迦前书,冯荫坤,,,,,中文,bible-study,帖撒罗尼迦,,,,5,,true,,待核实,false
cdl-004777,帖撒罗尼迦前书——明道研经丛书52,冯荫坤,,,明道社,,中文,bible-study,圣经;新约;帖撒罗尼迦前书;明道研经丛书,,,,5,,true,,待核实,false
cdl-000343,帖撒罗尼迦前书、后书,,,,,,中文,bible-study,帖撒罗尼迦,,,https://christian-digital-library-assets.gioia-zheng-stud.workers.dev/covers/cdl-000343.jpg,5,https://christian-digital-library-assets.gioia-zheng-stud.workers.dev/previews/cdl-000343,true,,待核实,false
cdl-003901,帖撒罗尼迦前后书——国际释经系列,,,,,,中文,bible-study,圣经;新约;帖撒罗尼迦前后书;国际释经,,,,5,,true,,待核实,false
cdl-004782,帖撒罗尼迦前后书,麦克霍姆兹,,,,,中文,bible-study,帖撒罗尼迦,,,,5,,true,,待核实,false
cdl-004783,帖撒罗尼迦后书,冯荫坤,,,,,中文,bible-study,帖撒罗尼迦,,,,5,,true,,待核实,false
cdl-004784,帖撒罗尼迦后书,冯荫坤,,,,,中文,bible-study,帖撒罗尼迦,,,,5,,true,,待核实,false
cdl-004785,帖撒罗尼迦后书,冯荫坤,,,,,中文,bible-study,帖撒罗尼迦,,,,5,,true,,待核实,false
cdl-004786,帖撒罗尼迦后书,,,,,,中文,bible-study,帖撒罗尼迦,,,,5,,true,,待核实,false
cdl-004787,帖撒罗尼迦后书,冯荫坤,,,,,中文,bible-study,帖撒罗尼迦,,,,5,,true,,待核实,false
cdl-004974,帖撒罗尼迦后书,恩言善导,,,,,中文,bible-study,帖撒罗尼迦,,,,5,,true,,待核实,false
cdl-001015,帖撒罗尼迦后书：注释,冯荫坤,,,,,中文,bible-study,注释;帖撒罗尼迦,,,https://christian-digital-library-assets.gioia-zheng-stud.workers.dev/covers/cdl-001015.jpg,5,https://christian-digital-library-assets.gioia-zheng-stud.workers.dev/previews/cdl-001015,true,,待核实,false
cdl-001369,帖撒罗尼迦后书：注释,冯荫坤,,,,,中文,bible-study,注释;帖撒罗尼迦,,,,5,,true,,待核实,false
cdl-004788,带着灵魂上班：克服职场九宗罪,史蒂文斯 洪赐明,,,,,中文,other,,,,,5,,true,,待核实,false
cdl-004789,带着灵魂上班：克服职场九宗罪,史蒂文斯 洪赐明,,,,,中文,other,,,,,5,,true,,待核实,false
cdl-004790,带领着十戒,美 汉斯 芬泽尔,,,,,中文,other,,,,,5,,true,,待核实,false
cdl-004791,師士風云：如何克勝個人主義,,,,,,中文,other,,,,,5,,true,,待核实,false
cdl-004792,席胜魔传,刘翼凌,,,,,中文,other,,,,,5,,true,,待核实,false
cdl-001991,帮助人得重生：个人布道的果效,苏梅克,,,,,中文,missions,布道,,,https://christian-digital-library-assets.gioia-zheng-stud.workers.dev/covers/cdl-001991.jpg,5,https://christian-digital-library-assets.gioia-zheng-stud.workers.dev/previews/cdl-001991,true,,待核实,false
cdl-004793,常常祷告,,,,,,中文,spiritual-life,祷告,,,,5,,true,,待核实,false
cdl-004794,常青的生命：詩篇查经手册,布姬尔,,,,,中文,reference,手册,,,,5,,true,,待核实,false
cdl-002445,平信徒圣经概论：旧约,刘焕俊,,,,,中文,bible-study,圣经;旧约,,,,5,,true,,待核实,false
cdl-004795,平凡见神妙,,,,,,中文,other,,,,,5,,true,,待核实,false
cdl-004796,平衡的智慧,帕特·基辛格,,,,,中文,culture-society,生活智慧;自我成长;平衡,,,,5,,true,,待核实,false
cdl-001876,平静风浪的主,赵金圣惠,,,,,中文,other,,,,https://christian-digital-library-assets.gioia-zheng-stud.workers.dev/covers/cdl-001876.jpg,5,https://christian-digital-library-assets.gioia-zheng-stud.workers.dev/previews/cdl-001876,true,,待核实,false
cdl-004797,年前的中国基督教,孙尚扬,,,,,中文,theology,基督,,,,5,,true,,待核实,false
cdl-004798,年轻的地球,,,,,,中文,other,,,,,5,,true,,待核实,false
cdl-004799,并肩同行,,,,,,中文,other,,,,,5,,true,,待核实,false
cdl-004800,幸福的家庭 唐崇荣,,,,,,中文,family-ministry,家庭,,,,5,,true,,待核实,false
cdl-004801,幸福的秘密,,,,,,中文,other,,,,,5,,true,,待核实,false
cdl-000704,庄子与雅各,杨克勤,,,,,中文,other,,,,https://christian-digital-library-assets.gioia-zheng-stud.workers.dev/covers/cdl-000704.jpg,5,https://christian-digital-library-assets.gioia-zheng-stud.workers.dev/previews/cdl-000704,true,,待核实,false
cdl-001828,序章：开启福音书的钥匙,何蒙娜,,,,,中文,other,,,,https://christian-digital-library-assets.gioia-zheng-stud.workers.dev/covers/cdl-001828.jpg,5,https://christian-digital-library-assets.gioia-zheng-stud.workers.dev/previews/cdl-001828,true,,待核实,false
cdl-004803,应许之地与生存,,,,,,中文,other,,,,,5,,true,,待核实,false
cdl-000344,应许的神 圣约神学导论,麦克 何顿,,,,,中文,theology,神学,,,https://christian-digital-library-assets.gioia-zheng-stud.workers.dev/covers/cdl-000344.jpg,5,https://christian-digital-library-assets.gioia-zheng-stud.workers.dev/previews/cdl-000344,true,,待核实,false
cdl-002436,应许的神：圣约神学导论,麦克 荷顿 Michael Horton,,,,,中文,theology,神学,,,,5,,true,,待核实,false
cdl-004805,廣告修辭手段例析,陳勇力,,,,,中文,other,,,,,5,,true,,待核实,false
cdl-004806,廣告修辭與受眾心理,周成霞,,,,,中文,other,,,,,2,,true,,待核实,false
cdl-001614,建立21世纪教会团队的动力与方向,使命式领导,,,,,中文,theology,教会,,,,5,,true,,待核实,false
cdl-000345,建立你的神学1：什么是神学A,,,,,,中文,theology,神学,,,,5,,true,,待核实,false
cdl-000346,建立你的神学1：什么是神学B,,,,,,中文,theology,神学,,,,5,,true,,待核实,false
cdl-004807,建立你的神学：课程文本,,,,,,中文,theology,神学,,,,5,,true,,待核实,false
cdl-004808,建立你的神学：课程文本,,,,,,中文,theology,神学,,,,5,,true,,待核实,false
cdl-004809,建立新教会,,,,,,中文,theology,教会,,,,5,,true,,待核实,false
cdl-002179,建立生命的职事,卢云,,,,,中文,other,,,,,5,,true,,待核实,false
cdl-004810,建立生命的职事,,,,,,中文,other,,,,,5,,true,,待核实,false
cdl-000347,建立系统神学1：什么是系统神学 A,,,,,,中文,theology,神学;系统神学,,,https://christian-digital-library-assets.gioia-zheng-stud.workers.dev/covers/cdl-000347.jpg,5,https://christian-digital-library-assets.gioia-zheng-stud.workers.dev/previews/cdl-000347,true,,待核实,false
cdl-000348,建立系统神学3：系统神学的命题A,,,,,,中文,theology,神学;系统神学,,,https://christian-digital-library-assets.gioia-zheng-stud.workers.dev/covers/cdl-000348.jpg,5,https://christian-digital-library-assets.gioia-zheng-stud.workers.dev/previews/cdl-000348,true,,待核实,false
cdl-000349,建立系统神学4：系统神学的教义A,,,,,,中文,theology,神学;教义;系统神学,,,,5,,true,,待核实,false
cdl-004811,建立门徒与灵命塑造的关系,华神期刊,,,,,中文,spiritual-life,门徒训练;灵命塑造;灵修,,,,5,,true,,待核实,false
cdl-004812,建立高EQ教会,彼得·史卡吉罗、柏华伦,,何刘玲,,,中文,pastoral,教会;牧养;领导力;情绪健康,本书讨论教会领导、牧养关系与情绪健康之间的连接，帮助教会团队以更成熟的生命状态面对服事与群体生活。,,,5,,true,,待核实,false
cdl-004813,建造主的家,,,,,,中文,other,,,,,5,,true,,待核实,false
cdl-004814,建造信仰,,,,,,中文,theology,信仰,,,,5,,true,,待核实,false
cdl-004815,建造生命的牧养真谛,毕德生,,,,,中文,pastoral,牧养,,,,5,,true,,待核实,false
cdl-004653,开卷有益,宾克,,,,,中文,other,,,,,5,,true,,待核实,false
cdl-004816,开卷有益,,,,,,中文,other,,,,,5,,true,,待核实,false
cdl-004818,开放的自我,C. W. 莫里斯,,,,,中文,culture-society,自我;哲学;心理,,,,5,,true,,待核实,false
cdl-004819,异乡客,,,,,,中文,other,,,,,5,,true,,待核实,false
cdl-004820,异乡客：基督街徒的拓荒生活,,,,,,中文,theology,基督,,,,5,,true,,待核实,false
cdl-000350,异教徒,切斯特顿,,,,,中文,culture-society,,,,,5,,true,,待核实,false
cdl-004821,异教徒,切斯特顿,,,,,中文,culture-society,,,,,5,,true,,待核实,false
cdl-004822,异端与极端,,,,,,中文,other,,,,,5,,true,,待核实,false
cdl-004823,异端与邪教,蔡凌云 区应疏,,,,,中文,other,,,,,5,,true,,待核实,false
cdl-004824,异端的权利(茨威格),,,,,,中文,other,,,,,5,,true,,待核实,false
cdl-004825,异端简史,,,,,,中文,church-history,简史,,,,5,,true,,待核实,false
cdl-002106,异象：你的生命将从此改变,乔治 巴拿,,,,,中文,other,,,,,5,,true,,待核实,false
cdl-002322,异象与复兴：撒迦利亚书诠释,马有藻,,,,,中文,bible-study,撒迦利亚,,,,5,,true,,待核实,false
cdl-004826,异象的人生：从尼希米记看生命的工程,郭文池,,,,,中文,bible-study,尼希米,,,,5,,true,,待核实,false
cdl-002143,引爆复兴：十二门徒小组,康约珥,,,,,中文,spiritual-life,门徒,,,,5,,true,,待核实,false
cdl-004827,引爆点,,,,,,中文,other,,,,,5,,true,,待核实,false
cdl-004828,引言,,,,,,中文,other,,,,,5,,true,,待核实,false
cdl-002615,引诱者日记,,,,,,中文,other,,,,,5,,true,,待核实,false
cdl-000705,彰显基督的形像,张启珍,,,,,中文,spiritual-life,,,,,5,,true,,待核实,false
cdl-002605,合不上的圣经：伊甸园的美梦和罪恶,张永春,,,,,中文,bible-study,圣经;创世记;信仰思考,,,,5,,true,,待核实,false
cdl-001563,实用释经讲道法,张西平,,,,,中文,pastoral,讲道;释经讲道;教会事奉,,,https://christian-digital-library-assets.gioia-zheng-stud.workers.dev/covers/cdl-001563.jpg,5,https://christian-digital-library-assets.gioia-zheng-stud.workers.dev/previews/cdl-001563,true,,待核实,false
cdl-004830,弥迦书、那鸿书,胡维华,,,,,中文,bible-study,弥迦;那鸿,,,,5,,true,,待核实,false
cdl-004831,弥迦书、那鸿书,胡维华,,,,,中文,bible-study,弥迦;那鸿,,,,5,,true,,待核实,false
cdl-003381,弥迦书进解,公义的呼声,,,,,中文,bible-study,弥迦,,,,5,,true,,待核实,false
cdl-003382,弥迦书进解,公义的呼声,,,,,中文,bible-study,弥迦,,,,5,,true,,待核实,false
cdl-004834,强者的温柔：古罗马人塞涅卡伦理文选,塞涅卡,,包利民 等,,,中文,culture-society,伦理;古典文学;哲学,,,,5,,true,,待核实,false
cdl-004835,归回安息,,,,,,中文,other,,,,,5,,true,,待核实,false
cdl-004836,归回安息,,,,,,中文,other,,,,,5,,true,,待核实,false
cdl-004837,归回安息,,,,,,中文,other,,,,,5,,true,,待核实,false
cdl-004838,归回安息,,,,,,中文,other,,,,,5,,true,,待核实,false
cdl-004839,归回安息,,,,,,中文,other,,,,,5,,true,,待核实,false
cdl-001148,当主耶稣面对世界,卡森,,,,,中文,other,,,,https://christian-digital-library-assets.gioia-zheng-stud.workers.dev/covers/cdl-001148.jpg,5,https://christian-digital-library-assets.gioia-zheng-stud.workers.dev/previews/cdl-001148,true,,待核实,false
cdl-004840,当主耶稣面对世界,,,,,,中文,other,,,,,5,,true,,待核实,false
cdl-004841,当他在十架上,侯活士,,,,,中文,other,,,,,5,,true,,待核实,false
cdl-004842,当他沉默时：坚持一生的祷告,杰瑞·席哲,,,,,中文,spiritual-life,祷告;灵修;生命成长,,,,5,,true,,待核实,false
cdl-002054,当他甘愿被挂在木头上：包衡，哈特,,,,,,中文,other,,,,,5,,true,,待核实,false
cdl-000353,当代东正教神学思想,张百春,,,,,中文,theology,神学,,,,5,,true,,待核实,false
cdl-000027,当代中国基督教发展史1949-1997,赵天恩,,,,,中文,theology,基督,,,https://christian-digital-library-assets.gioia-zheng-stud.workers.dev/covers/cdl-000027.jpg,5,https://christian-digital-library-assets.gioia-zheng-stud.workers.dev/previews/cdl-000027,true,,待核实,false
cdl-000356,当代中国宗教禁忌,朱越利,,,,,中文,culture-society,宗教,,,https://christian-digital-library-assets.gioia-zheng-stud.workers.dev/covers/cdl-000356.jpg,5,https://christian-digital-library-assets.gioia-zheng-stud.workers.dev/previews/cdl-000356,true,,待核实,false
cdl-002162,当代华人教会(第三册：新加坡，印度尼西亚，西马，沙劳越，沙巴，汶莱)世界华人福音事工联络中心,,,,,,中文,pastoral,事工,,,,5,,true,,待核实,false
cdl-000592,当代圣乐与崇拜,赫士德,,,,,中文,other,,,,https://christian-digital-library-assets.gioia-zheng-stud.workers.dev/covers/cdl-000592.jpg,5,https://christian-digital-library-assets.gioia-zheng-stud.workers.dev/previews/cdl-000592,true,,待核实,false
cdl-004844,当代圣乐与崇拜,赫士德,,,,,中文,other,,,,,5,,true,,待核实,false
cdl-002126,当代圣灵工作,斯托得,,,,,中文,theology,圣灵,,,,5,,true,,待核实,false
cdl-004845,当代圣灵工作,斯托得,,,,,中文,theology,圣灵,,,,5,,true,,待核实,false
cdl-004846,当代圣灵工作,,,,,,中文,theology,圣灵,,,,5,,true,,待核实,false
cdl-005298,当代圣灵工作,斯托得,,,,,中文,theology,圣灵,,,,5,,true,,待核实,false
cdl-002223,当代圣经信息：但以理书,华勒斯,,,,,中文,bible-study,圣经;但以理,,,,5,,true,,待核实,false
cdl-004847,当代基督十架,斯托得,,,,,中文,theology,基督,,,,5,,true,,待核实,false
cdl-004848,当代基督十架,,,,,,中文,theology,基督,,,,5,,true,,待核实,false
cdl-004849,当代基督徒与同性恋议题,,,,,,中文,theology,基督,,,,5,,true,,待核实,false
cdl-004850,当代基督徒人文素养,,,,,,中文,theology,基督,,,,5,,true,,待核实,false
cdl-004851,当代基督教讲道学,,,,,,中文,pastoral,讲道,,,,5,,true,,待核实,false
cdl-004852,当代基督教讲道学,蔡慈伦,,,,,中文,pastoral,讲道,,,,5,,true,,待核实,false
cdl-004853,当代基督讲道学（二）,蔡慈伦,,,,,中文,pastoral,讲道;讲道学;牧养;释经讲道,,,,5,,true,,待核实,false
cdl-004854,当代基督门徒,斯托得,,,,,中文,spiritual-life,门徒,,,,5,,true,,待核实,false
cdl-002120,当代心理治疗：琼斯，巴特曼,,,,,,中文,other,,,,,5,,true,,待核实,false
cdl-002906,当代敬拜赞美歌词评析,乐声载道,,,,,中文,spiritual-life,敬拜;赞美,,,,5,,true,,待核实,false
cdl-004855,当代神学辞典(上册)A:I,杨牧谷,,,,,中文,reference,辞典,,,,5,,true,,待核实,false
cdl-004856,当代神学辞典(下),杨牧谷,,,,,中文,reference,辞典,,,,5,,true,,待核实,false
cdl-004857,当代神学辞典(下),杨牧谷,,,,,中文,reference,辞典,,,,5,,true,,待核实,false
cdl-004858,当代讲道的艺术,斯托得,,,,,中文,pastoral,讲道,,,,0,,true,,待核实,false
cdl-000357,当代讲道艺术,,,,,,中文,pastoral,讲道,,,,5,,true,,待核实,false
cdl-004859,当代讲道艺术,,,,,,中文,pastoral,讲道,,,,5,,true,,待核实,false
cdl-004860,当代讲道艺术,斯托得,,,,,中文,pastoral,讲道,,,,5,,true,,待核实,false
cdl-004861,当代讲道艺术,斯托得,,,,,中文,pastoral,讲道,,,,5,,true,,待核实,false
cdl-004862,当代讲道艺术,,,,,,中文,pastoral,讲道,,,,5,,true,,待核实,false
cdl-004863,当代讲道艺术,斯托得,,,,,中文,pastoral,讲道,,,,5,,true,,待核实,false
cdl-004864,当以嘴亲子：从诗篇结构看其信息,陈锦友,,,,,中文,bible-study,诗篇,,,,5,,true,,待核实,false
cdl-004865,当加尔文主义走样,,,,,,中文,theology,加尔文主义,,,,5,,true,,待核实,false
cdl-004866,当好男人遇见试探,,,,,,中文,other,,,,,5,,true,,待核实,false
cdl-004867,当灵修遇见神学,迪亚伦,,,,,中文,theology,神学,,,,5,,true,,待核实,false
cdl-004868,当灵修遇见神学,,,,,,中文,theology,神学,,,,5,,true,,待核实,false
cdl-004869,当生命遇上祂 福音小册子,,,,,,中文,other,,,,,5,,true,,待核实,false
cdl-004871,当祂在十架上,,,,,,中文,other,,,,,5,,true,,待核实,false
cdl-004872,当祂在十架上,,,,,,中文,other,,,,,5,,true,,待核实,false
cdl-004873,当祂沉默时,,,,,,中文,other,,,,,5,,true,,待核实,false
cdl-004874,当神找到我,,,,,,中文,other,,,,,0,,true,,待核实,false
cdl-004875,当神找到我,,,,,,中文,other,,,,,5,,true,,待核实,false
cdl-004876,当神找到我,,,,,,中文,other,,,,,5,,true,,待核实,false
cdl-004877,当科学遇到宗教,,,,,,中文,culture-society,科学;宗教,,,,5,,true,,待核实,false
cdl-004878,当耶稣遇上病了的教会：教会内教育的窒碍,,,,,,中文,theology,教会,,,,5,,true,,待核实,false
cdl-002621,形而上学,,,,,,中文,other,,,,,5,,true,,待核实,false
cdl-004879,形而上学,,,,,,中文,other,,,,,5,,true,,待核实,false
cdl-004880,影响我一生的十本书,林慈信,,,,,中文,other,,,,,5,,true,,待核实,false
cdl-004881,影子的背后,,,,,,中文,other,,,,,5,,true,,待核实,false
cdl-004882,彻底的经验主义,威廉·詹姆士,,,,,中文,culture-society,哲学;经验主义;实用主义,,,,5,,true,,待核实,false
cdl-004883,彼得前书（一）,,,,,,中文,bible-study,圣经;新约;彼得前书,,,,5,,true,,待核实,false
cdl-004884,彼得前书（二）,,,,,,中文,bible-study,圣经;新约;彼得前书,,,,5,,true,,待核实,false
cdl-004885,彼得后书,,,,,,中文,bible-study,圣经;新约;彼得后书,,,,5,,true,,待核实,false
cdl-004886,彼得前、后书、犹大书,冯国泰 李汤马,,,,,中文,bible-study,彼得前,,,,5,,true,,待核实,false
cdl-004887,彼得前、后书、犹大书,冯国泰 李汤马,,,,,中文,bible-study,彼得前,,,,5,,true,,待核实,false
cdl-001424,彼得前书,史葛 麦克奈特,,,,,中文,bible-study,彼得前,,,https://christian-digital-library-assets.gioia-zheng-stud.workers.dev/covers/cdl-001424.jpg,5,https://christian-digital-library-assets.gioia-zheng-stud.workers.dev/previews/cdl-001424,true,,待核实,false
cdl-003902,彼得前书——国际释经系列,,,,,,中文,bible-study,圣经;新约;彼得前书;国际释经,,,,5,,true,,待核实,false
cdl-004891,彼得前书,史葛 麦克奈特,,,,,中文,bible-study,彼得前,,,,5,,true,,待核实,false
cdl-004892,彼得前书,史葛 麦克奈特,,,,,中文,bible-study,彼得前,,,,5,,true,,待核实,false
cdl-004893,彼得前书,史葛 麦克奈特,,,,,中文,bible-study,彼得前,,,,5,,true,,待核实,false
cdl-004894,彼得前书,张永信 张略,,,,,中文,bible-study,彼得前,,,,5,,true,,待核实,false
cdl-004895,彼得前书,张永信 张略,,,,,中文,bible-study,彼得前,,,,5,,true,,待核实,false
cdl-004897,彼得前书,张永信VS张略,,,,,中文,bible-study,彼得前,,,,5,,true,,待核实,false
cdl-004975,彼得前书,恩言善导,,,,,中文,bible-study,彼得前,,,,5,,true,,待核实,false
cdl-001127,彼得前书：注释,张永信 張略,,,,,中文,bible-study,注释;彼得前,,,https://christian-digital-library-assets.gioia-zheng-stud.workers.dev/covers/cdl-001127.jpg,5,https://christian-digital-library-assets.gioia-zheng-stud.workers.dev/previews/cdl-001127,true,,待核实,false
cdl-001396,彼得前书：注释,张永信 张略,,,,,中文,bible-study,注释;彼得前,,,https://christian-digital-library-assets.gioia-zheng-stud.workers.dev/covers/cdl-001396.jpg,5,https://christian-digital-library-assets.gioia-zheng-stud.workers.dev/previews/cdl-001396,true,,待核实,false
cdl-001397,彼得前书：注释,张永信 张略,,,,,中文,bible-study,注释;彼得前,,,,5,,true,,待核实,false
cdl-004888,彼得前书：注释,张永信 张略,,,,,中文,bible-study,注释;彼得前,,,,5,,true,,待核实,false
cdl-002389,彼得前书新约,梁家麟,,,,,中文,bible-study,新约;彼得前,,,,5,,true,,待核实,false
cdl-004898,彼得前书释义,毛克礼,,,,,中文,bible-study,彼得前,,,,5,,true,,待核实,false
cdl-004899,彼得前书释义,毛克礼,,,,,中文,bible-study,彼得前,,,,5,,true,,待核实,false
cdl-004900,彼得前后书、犹大书,,,,,,中文,bible-study,彼得前,,,,5,,true,,待核实,false
cdl-004901,彼得前后书、犹大书,,,,,,中文,bible-study,彼得前,,,,5,,true,,待核实,false
cdl-004902,彼得前后书、犹大书、乱世惊情中的持守,曾立华,,,,,中文,bible-study,彼得前,,,,5,,true,,待核实,false
cdl-004903,彼得前后书讲义,,,,,,中文,bible-study,彼得前,,,,5,,true,,待核实,false
cdl-001569,彼得前后书诠释,Peter 主恩典中长进,,,,,中文,bible-study,彼得前,,,,5,,true,,待核实,false
cdl-004906,彼得后书、犹大书,麦克阿瑟,,,,,中文,bible-study,彼得后,,,,5,,true,,待核实,false
cdl-001428,彼得后书、犹大书 道格拉斯·穆尔,,,,,,中文,bible-study,彼得后,,,https://christian-digital-library-assets.gioia-zheng-stud.workers.dev/covers/cdl-001428.jpg,5,https://christian-digital-library-assets.gioia-zheng-stud.workers.dev/previews/cdl-001428,true,,待核实,false
cdl-004907,彼得后书。犹大书,,,,,,中文,bible-study,彼得后,,,,5,,true,,待核实,false
cdl-003903,彼得后书、犹大书——国际释经系列,,,,,,中文,bible-study,圣经;新约;彼得后书;犹大书;国际释经,,,,5,,true,,待核实,false
cdl-003954,彼得后书、犹大书——国际释经应用系列,,,,,,中文,bible-study,圣经;新约;彼得后书;犹大书;国际释经应用,,,,5,,true,,待核实,false
cdl-004908,彼得后书犹大书,,,,,,中文,bible-study,彼得后,,,,5,,true,,待核实,false
cdl-001392,彼得和祷告的能力,,,,,,中文,spiritual-life,祷告,,,https://christian-digital-library-assets.gioia-zheng-stud.workers.dev/covers/cdl-001392.jpg,5,https://christian-digital-library-assets.gioia-zheng-stud.workers.dev/previews/cdl-001392,true,,待核实,false
cdl-004909,彼得的生平,,,,,,中文,church-history,生平,,,,5,,true,,待核实,false
cdl-004910,彼得的生平,,,,,,中文,church-history,生平,,,,2,,true,,待核实,false
cdl-001109,彼得前后书、犹大书,冯国泰、李汤马,,,,,中文,bible-study,彼得前书;彼得后书;犹大书;新约,,,,5,,true,,待核实,false
cdl-004911,律法与福音,C W F Walther,,,,,中文,other,,,,,5,,true,,待核实,false
cdl-004912,律法主义与灵恩,chou,,,,,中文,other,,,,,5,,true,,待核实,false
cdl-004913,律法主义和反律主义,,,,,,中文,other,,,,,5,,true,,待核实,false
cdl-004914,律法书，历史书,,,,,,中文,church-history,历史,,,,5,,true,,待核实,false
cdl-001799,律法书·叙事著作解读：梁工，卢龙光,,,,,,中文,other,,,,https://christian-digital-library-assets.gioia-zheng-stud.workers.dev/covers/cdl-001799.jpg,5,https://christian-digital-library-assets.gioia-zheng-stud.workers.dev/previews/cdl-001799,true,,待核实,false
cdl-004915,律法與福音大綱林慈信,,,,,,中文,other,,,,,5,,true,,待核实,false
cdl-004916,後現代主義的幻象,,,,,,中文,other,,,,,5,,true,,待核实,false
cdl-004605,後規代的福音派信仰危機,孤独的神,,,,,中文,theology,信仰,,,,5,,true,,待核实,false
cdl-004917,徐光启年谱,,,,,,中文,other,,,,,5,,true,,待核实,false
cdl-004918,得勝者的召喚,,,,,,中文,other,,,,,5,,true,,待核实,false
cdl-001177,得救的乐歌,,,,,,中文,other,,,,,5,,true,,待核实,false
cdl-004919,得救的信心,SavingFaith,,,,,中文,spiritual-life,信心,,,,5,,true,,待核实,false
cdl-004920,得救的信心来源,,,,,,中文,spiritual-life,信心,,,,5,,true,,待核实,false
cdl-004921,得永生五步,马有藻,,,,,中文,other,,,,,5,,true,,待核实,false
cdl-004922,得着上好的福分,,,,,,中文,other,,,,,5,,true,,待核实,false
cdl-004923,得着神儿子的名分：加拉太书讲经记录,王国显,,,,,中文,bible-study,圣经;新约;加拉太书;讲经记录,,,,5,,true,,待核实,false
cdl-001023,得胜凯歌：启示录,,,,,,中文,bible-study,启示录,,,https://christian-digital-library-assets.gioia-zheng-stud.workers.dev/covers/cdl-001023.jpg,5,https://christian-digital-library-assets.gioia-zheng-stud.workers.dev/previews/cdl-001023,true,,待核实,false
cdl-002339,得胜到底：圣经伟人见证录,文承璧;巴荣基,,,,,中文,bible-study,圣经人物;见证;信心;生命成长,,,,5,,true,,待核实,false
cdl-004924,得胜有余(启示录研究),韩威廉,,,,,中文,bible-study,启示录,,,,5,,true,,待核实,false
cdl-004925,得胜有余(启示录研究),韩威廉,,,,,中文,bible-study,启示录,,,,5,,true,,待核实,false
cdl-004927,得胜的基督徒生活,属灵争战,,,,,中文,theology,基督,,,,5,,true,,待核实,false
cdl-002116,得胜的生命,倪柝声,,,,,中文,other,,,,,5,,true,,待核实,false
cdl-004928,得胜羔羊,,,,,,中文,other,,,,,5,,true,,待核实,false
cdl-004929,得胜者3,,,,,,中文,other,,,,,5,,true,,待核实,false
cdl-004930,得胜者失败者,,,,,,中文,other,,,,,5,,true,,待核实,false
cdl-004931,得貨財的能力,,,,,,中文,other,,,,,5,,true,,待核实,false
cdl-002079,得释放的生命,桑德拉 威尔森,,,,,中文,other,,,,,5,,true,,待核实,false
cdl-004932,從基本到超凡,,,,,,中文,other,,,,,5,,true,,待核实,false
cdl-004933,復興報6認識耶穌是誰,,,,,,中文,other,,,,,5,,true,,待核实,false
cdl-004934,无形的宗教：现代社会中的宗教问题,托马斯·卢克曼,,,,,中文,culture-society,宗教社会学;现代社会;宗教理论,,,,5,,true,,待核实,false
cdl-002229,心应心：真挚倾情的祷告,卢云,,,,,中文,spiritual-life,祷告,,,,5,,true,,待核实,false
cdl-000358,心意日新,陶恕,,,,,中文,other,,,,,5,,true,,待核实,false
cdl-002130,心意更新：如何调整内心生活,麦哥登,,,,,中文,other,,,,,5,,true,,待核实,false
cdl-000427,心意更新的教会,斯托得,,,,,中文,theology,教会,,,https://christian-digital-library-assets.gioia-zheng-stud.workers.dev/covers/cdl-000427.jpg,5,https://christian-digital-library-assets.gioia-zheng-stud.workers.dev/previews/cdl-000427,true,,待核实,false
cdl-004935,心意更新的教会,斯托得,,,,,中文,theology,教会,,,,5,,true,,待核实,false
cdl-005297,心意更新的教会,斯托得,,,,,中文,theology,教会,,,,5,,true,,待核实,false
cdl-004936,心灵价值的探索 唐崇荣,,,,,,中文,other,,,,,5,,true,,待核实,false
cdl-004937,心灵关顾,,,,,,中文,other,,,,,5,,true,,待核实,false
cdl-002134,心灵爱语,卢云,,,,,中文,other,,,,,5,,true,,待核实,false
cdl-004938,心灵的回响,朗文,,,,,中文,other,,,,,5,,true,,待核实,false
cdl-002244,心灵的回响：诗篇的信息与研读方法,朗文,,,,,中文,bible-study,诗篇,,,,5,,true,,待核实,false
cdl-002091,心灵的重塑,魏乐德,,,,,中文,other,,,,,5,,true,,待核实,false
cdl-004939,心灵花园,,,,,,中文,other,,,,,5,,true,,待核实,false
cdl-004940,心灵面包,,,,,,中文,other,,,,,5,,true,,待核实,false
cdl-001686,心灵鸡汤,杰克·坎菲尔;马克·韩森,,,,,中文,culture-society,心灵成长;故事集;励志,,,,5,,true,,待核实,false
cdl-004941,心的割禮,,,,,,中文,other,,,,,5,,true,,待核实,false
cdl-004942,怀特菲尔德传,阿诺德 达里茂,,,,,中文,other,,,,,5,,true,,待核实,false
cdl-000708,怎样与回教徒分享福音,,,,,,中文,missions,回教徒,,,https://christian-digital-library-assets.gioia-zheng-stud.workers.dev/covers/cdl-000708.jpg,5,https://christian-digital-library-assets.gioia-zheng-stud.workers.dev/previews/cdl-000708,true,,待核实,false
cdl-000709,怎样利用图书馆做研究 第3版SD,,,,,,中文,other,,,,,5,,true,,待核实,false
cdl-000710,怎样查考圣经,,,,,,中文,bible-study,圣经,,,,5,,true,,待核实,false
cdl-004943,怎样读圣经,司布真,,,,,中文,bible-study,圣经,,,,5,,true,,待核实,false
cdl-004944,怒有出路,卡尔森,,,,,中文,other,,,,,5,,true,,待核实,false
cdl-004945,思想的盛宴：與西方著名思想家伽達默爾等對話,,,,,,中文,other,,,,,5,,true,,待核实,false
cdl-004946,思想的结果,,,,,,中文,other,,,,,5,,true,,待核实,false
cdl-004948,思考的艺术：非凡大脑养成手册(第8版),,,,,,中文,reference,手册,,,,5,,true,,待核实,false
cdl-000565,思辨与启示,舍斯托夫,,,,,中文,other,,,,,5,,true,,待核实,false
cdl-004949,恢复真正的福音,吕沛渊,,,,,中文,other,,,,,5,,true,,待核实,false
cdl-004950,恩一研经,基督教信仰的根基,,,,,中文,bible-study,研经,,,,5,,true,,待核实,false
cdl-004951,恩一研经,基督教信仰的根基,,,,,中文,bible-study,研经,,,,5,,true,,待核实,false
cdl-004952,恩上加恩,傅立德,,,,,中文,other,,,,,5,,true,,待核实,false
cdl-004953,恩典与自由,,,,,,中文,theology,恩典,,,,5,,true,,待核实,false
cdl-004956,恩典作王,毕哲思,,,,,中文,theology,恩典,,,,5,,true,,待核实,false
cdl-004954,恩典作王 毕哲思,,,,,,中文,theology,恩典,,,,5,,true,,待核实,false
cdl-004955,恩典作王,毕哲思,,,,,中文,theology,恩典;神学,,,,5,,true,,待核实,false
cdl-002262,恩典作王：罗马书(卷二),博爱思,,,,,中文,bible-study,罗马书,,,,5,,true,,待核实,false
cdl-004957,恩典切中要害的时候,Terry Johnson,,,,,中文,theology,恩典,,,,5,,true,,待核实,false
cdl-004958,恩典切中要害的时候,Terry Johnson,,,,,中文,theology,恩典,,,,5,,true,,待核实,false
cdl-001688,恩典多奇异,杨腓力 Philip Yancey,,,,,中文,theology,恩典,,,https://christian-digital-library-assets.gioia-zheng-stud.workers.dev/covers/cdl-001688.jpg,5,https://christian-digital-library-assets.gioia-zheng-stud.workers.dev/previews/cdl-001688,true,,待核实,false
cdl-004960,恩典多奇异,杨腓力,,,,,中文,theology,恩典,,,,5,,true,,待核实,false
cdl-004961,恩典多奇异,,,,,,中文,theology,恩典,,,,5,,true,,待核实,false
cdl-004962,恩典多奇异,杨腓力,,,,,中文,theology,恩典,,,,5,,true,,待核实,false
cdl-004963,恩典现场,,,,,,中文,theology,恩典,,,,5,,true,,待核实,false
cdl-004964,恩典现场,,,,,,中文,theology,恩典,,,,5,,true,,待核实,false
cdl-004965,恩典百分百,麦克斯 路卡杜,,,,,中文,theology,恩典,,,,5,,true,,待核实,false
cdl-000359,恩典的传承,老师培训,,,,,中文,theology,恩典,,,https://christian-digital-library-assets.gioia-zheng-stud.workers.dev/covers/cdl-000359.jpg,5,https://christian-digital-library-assets.gioia-zheng-stud.workers.dev/previews/cdl-000359,true,,待核实,false
cdl-004966,恩典的传承：学生培训,,,,,,中文,theology,恩典,,,,5,,true,,待核实,false
cdl-004967,恩典的根基,,,,,,中文,theology,恩典,,,,5,,true,,待核实,false
cdl-002189,恩福灵筵系列：使徒行传,陈宗清,,,,,中文,bible-study,使徒行传,,,,5,,true,,待核实,false
cdl-002191,恩福灵筵系列：启示录,陈宗清,,,,,中文,bible-study,启示录,,,,5,,true,,待核实,false
cdl-002190,恩福灵筵系列：罗马书,陈宗清,,,,,中文,bible-study,罗马书,,,,5,,true,,待核实,false
cdl-004968,恩约神学简图,,,,,,中文,theology,神学,,,,5,,true,,待核实,false
cdl-004969,恩约神学简图,,,,,,中文,theology,神学,,,,5,,true,,待核实,false
cdl-004970,恩约神学简图,,,,,,中文,theology,神学,,,,5,,true,,待核实,false
cdl-001718,恩膏与传承,曾英钦,,,,,中文,other,,,,,5,,true,,待核实,false
cdl-000360,恩膏无价,陈彼得,,,,,中文,other,,,,https://christian-digital-library-assets.gioia-zheng-stud.workers.dev/covers/cdl-000360.jpg,5,https://christian-digital-library-assets.gioia-zheng-stud.workers.dev/previews/cdl-000360,true,,待核实,false
cdl-004979,恩赐与事奉,冯荫坤,,,,,中文,other,,,,,5,,true,,待核实,false
cdl-002047,恩赐与恩膏,比尔 索布里斯基,,,,,中文,other,,,,,5,,true,,待核实,false
cdl-004980,恶人传,,,,,,中文,other,,,,,5,,true,,待核实,false
cdl-004981,恶的象征,保罗·利科,,,,,中文,culture-society,哲学;恶的问题;宗教哲学,,,,5,,true,,待核实,false
cdl-004982,情商2：影响你一生的社交商,,,,,,中文,other,,,,,5,,true,,待核实,false
cdl-004983,情商：为什么情商比智商更重要,丹尼尔·戈尔曼（Daniel Goleman）,,,,,中文,culture-society,心理学;情商;社会,,,,5,,true,,待核实,false
cdl-004984,情商：为什么情商比智商更重要,丹尼尔·戈尔曼（Daniel Goleman）,,,,,中文,culture-society,心理学;情商;社会,,,,5,,true,,待核实,false
cdl-004985,情字这条天堂路(刘晓亭),,,,,,中文,other,,,,,5,,true,,待核实,false
cdl-002286,情理之间持信道：加拉太书、帖撒罗尼迦前后书析读,张达民、郭汉成 等,,,,,中文,bible-study,圣经;新约;加拉太书;帖撒罗尼迦前后书;析读,,,,5,,true,,待核实,false
cdl-001969,情绪伤害,彭德修,,,,,中文,other,,,,,5,,true,,待核实,false
cdl-000712,愈辩愈明,骆德恩,,,,,中文,other,,,,https://christian-digital-library-assets.gioia-zheng-stud.workers.dev/covers/cdl-000712.jpg,5,https://christian-digital-library-assets.gioia-zheng-stud.workers.dev/previews/cdl-000712,true,,待核实,false
cdl-004986,意义的惊现,麦格拉思,,,,,中文,other,,,,,5,,true,,待核实,false
cdl-004987,意志的捆绑 驳伊拉斯莫,马丁路德,,,,,中文,other,,,,,5,,true,,待核实,false
cdl-004988,愚人颂【伊拉斯谟】,,,,,,中文,other,,,,,5,,true,,待核实,false
cdl-000267,感恩祭的神修观,基督之宴,,,,,中文,other,,,,https://christian-digital-library-assets.gioia-zheng-stud.workers.dev/covers/cdl-000267.jpg,5,https://christian-digital-library-assets.gioia-zheng-stud.workers.dev/previews/cdl-000267,true,,待核实,false
cdl-000362,感悟圣经，把上帝请进心灵,,,,,,中文,bible-study,圣经,,,,5,,true,,待核实,false
cdl-000796,愿万国都欢乐,约翰派博,,,,,中文,other,,,,https://christian-digital-library-assets.gioia-zheng-stud.workers.dev/covers/cdl-000796.jpg,5,https://christian-digital-library-assets.gioia-zheng-stud.workers.dev/previews/cdl-000796,true,,待核实,false
cdl-000713,愿你的国降临 新约历史 士努恪,,,,,,中文,bible-study,新约,,,,5,,true,,待核实,false
cdl-000714,愿你的国降临 旧约历史 士努恪,,,,,,中文,bible-study,旧约,,,,5,,true,,待核实,false
cdl-001918,愿你的国降临：政治神学与伦理,唐佑之,,,,,中文,theology,神学,,,,5,,true,,待核实,false
cdl-000863,慈愛的天父學生本,,,,,,中文,other,,,,https://christian-digital-library-assets.gioia-zheng-stud.workers.dev/covers/cdl-000863.jpg,5,https://christian-digital-library-assets.gioia-zheng-stud.workers.dev/previews/cdl-000863,true,,待核实,false
cdl-004989,慕安德烈 新生命 生命成长专题研经纲领,,,,,,中文,bible-study,研经,,,,5,,true,,待核实,false
cdl-000364,慕安德烈传,蔡丽安,,,,,中文,other,,,,https://christian-digital-library-assets.gioia-zheng-stud.workers.dev/covers/cdl-000364.jpg,5,https://christian-digital-library-assets.gioia-zheng-stud.workers.dev/previews/cdl-000364,true,,待核实,false
cdl-004990,慕理：恩典之约,,,,,,中文,theology,恩典,,,,5,,true,,待核实,false
cdl-004991,再思救赎奇恩,慕里,,,,,中文,theology,救赎;神学,,,,5,,true,,待核实,false
cdl-004992,懒惰,,,,,,中文,other,,,,,5,,true,,待核实,false
cdl-000365,成为合神心意的人,毕迈克,,,,,中文,other,,,,,5,,true,,待核实,false
cdl-004993,成为合神心意的人,,,,,,中文,other,,,,,5,,true,,待核实,false
cdl-004997,成人主日学圣经课程,列王与先知,,,,,中文,bible-study,圣经,,,,5,,true,,待核实,false
cdl-004998,成人主日学圣经课程,列王与先知,,,,,中文,bible-study,圣经,,,,5,,true,,待核实,false
cdl-004999,成人主日学圣经课程,耶稣生平,,,,,中文,bible-study,圣经,,,,5,,true,,待核实,false
cdl-004995,成人主日学圣经课程：使徒行传与保罗书信,,,,,,中文,bible-study,圣经;使徒行传,,,,5,,true,,待核实,false
cdl-004996,成人主日学圣经课程：使徒行传与保罗书信,,,,,,中文,bible-study,圣经;使徒行传,,,,5,,true,,待核实,false
cdl-004994,成人主日学圣经课程：律法书,,,,,,中文,bible-study,圣经,,,,5,,true,,待核实,false
cdl-005000,成功与成熟,卡森,,,,,中文,other,,,,,5,,true,,待核实,false
cdl-005001,成功与成熟,卡森,,,,,中文,other,,,,,5,,true,,待核实,false
cdl-005002,成功人物的8大特质,,,,,,中文,other,,,,,5,,true,,待核实,false
cdl-005003,成功或成熟,,,,,,中文,other,,,,,5,,true,,待核实,false
cdl-005004,成功或成熟,,,,,,中文,other,,,,,5,,true,,待核实,false
cdl-001154,成功或成熟 哥林多后书第十至十三章,卡森,,,,,中文,bible-study,哥林多,,,,5,,true,,待核实,false
cdl-005005,成功的领导(认识自己),狄守哲,,,,,中文,other,,,,,5,,true,,待核实,false
cdl-006324,成功管理秘诀,行政者功能,,,,,中文,other,,,,,5,,true,,待核实,false
cdl-000903,成员制与建制,,,,,,中文,other,,,,https://christian-digital-library-assets.gioia-zheng-stud.workers.dev/covers/cdl-000903.jpg,5,https://christian-digital-library-assets.gioia-zheng-stud.workers.dev/previews/cdl-000903,true,,待核实,false
cdl-005006,成圣大道,欧福德,,,,,中文,other,,,,,5,,true,,待核实,false
cdl-005019,成年青年研经课程,哈巴谷 耶利米 哀歌 教員,,,,,中文,bible-study,研经,,,,5,,true,,待核实,false
cdl-005020,成年青年研经课程,哈巴谷 耶利米 哀歌,,,,,中文,bible-study,研经,,,,5,,true,,待核实,false
cdl-005028,成年青年研经课程,撒下 代上 教員,,,,,中文,bible-study,研经,,,,5,,true,,待核实,false
cdl-005029,成年青年研经课程,撒下 代上,,,,,中文,bible-study,研经,,,,5,,true,,待核实,false
cdl-005035,成年青年研经课程,王上 代下 教員,,,,,中文,bible-study,研经,,,,5,,true,,待核实,false
cdl-005036,成年青年研经课程,王上 代下,,,,,中文,bible-study,研经,,,,5,,true,,待核实,false
cdl-005052,成年青年研经课程,路得 撒上 教員,,,,,中文,bible-study,研经,,,,5,,true,,待核实,false
cdl-005053,成年青年研经课程,路得 撒上,,,,,中文,bible-study,研经,,,,5,,true,,待核实,false
cdl-005008,成年青年研经课程：以弗所、腓立比書,,,,,,中文,bible-study,研经;以弗所;腓立比,,,,5,,true,,待核实,false
cdl-005007,成年青年研经课程：以弗所、腓立比書(教員),,,,,,中文,bible-study,研经;以弗所;腓立比,,,,5,,true,,待核实,false
cdl-005010,成年青年研经课程：以斯拉、尼希米記,,,,,,中文,bible-study,研经;以斯拉;尼希米,,,,5,,true,,待核实,false
cdl-005009,成年青年研经课程：以斯拉、尼希米記(教員),,,,,,中文,bible-study,研经;以斯拉;尼希米,,,,5,,true,,待核实,false
cdl-005012,成年青年研经课程：以西結、但以理書,,,,,,中文,bible-study,研经;以西結;但以理,,,,5,,true,,待核实,false
cdl-005011,成年青年研经课程：以西結、但以理書(教員),,,,,,中文,bible-study,研经;以西結;但以理,,,,5,,true,,待核实,false
cdl-005014,成年青年研经课程：以賽亞書,,,,,,中文,bible-study,研经;以賽亞,,,,5,,true,,待核实,false
cdl-005013,成年青年研经课程：以賽亞書(教員),,,,,,中文,bible-study,研经;以賽亞,,,,5,,true,,待核实,false
cdl-005015,成年青年研经课程：使徒行傳(上),,,,,,中文,bible-study,研经;使徒行傳,,,,5,,true,,待核实,false
cdl-005016,成年青年研经课程：使徒行傳(上)教員,,,,,,中文,bible-study,研经;使徒行傳,,,,5,,true,,待核实,false
cdl-005017,成年青年研经课程：使徒行傳(下),,,,,,中文,bible-study,研经;使徒行傳,,,,5,,true,,待核实,false
cdl-005018,成年青年研经课程：使徒行傳(下)教員,,,,,,中文,bible-study,研经;使徒行傳,,,,5,,true,,待核实,false
cdl-005021,成年青年研经课程：啟示錄,,,,,,中文,bible-study,研经;啟示錄,,,,5,,true,,待核实,false
cdl-005023,成年青年研经课程：小先知書,,,,,,中文,bible-study,研经,,,,5,,true,,待核实,false
cdl-005022,成年青年研经课程：小先知書(教員),,,,,,中文,bible-study,研经,,,,5,,true,,待核实,false
cdl-005025,成年青年研经课程：希伯來書、雅各書,,,,,,中文,bible-study,研经;希伯來書;雅各書,,,,5,,true,,待核实,false
cdl-005024,成年青年研经课程：希伯來書、雅各書(教員),,,,,,中文,bible-study,研经;希伯來書;雅各書,,,,5,,true,,待核实,false
cdl-005027,成年青年研经课程：彼前後、約翰書信、猶大書,,,,,,中文,bible-study,研经,,,,5,,true,,待核实,false
cdl-005026,成年青年研经课程：彼前後、約翰書信、猶大書(教員),,,,,,中文,bible-study,研经,,,,5,,true,,待核实,false
cdl-005030,成年青年研经课程：林後、腓利門書,,,,,,中文,bible-study,研经;腓利門,,,,5,,true,,待核实,false
cdl-005031,成年青年研经课程：林後、腓利門書,,,,,,中文,bible-study,研经;腓利門,,,,5,,true,,待核实,false
cdl-005033,成年青年研经课程：林後、腓利門書,,,,,,中文,bible-study,研经;腓利門,,,,5,,true,,待核实,false
cdl-005032,成年青年研经课程：林後、腓利門書(教員),,,,,,中文,bible-study,研经;腓利門,,,,5,,true,,待核实,false
cdl-005034,成年青年研经课程：歌羅西、提前後、提多書,,,,,,中文,bible-study,研经;歌羅西;提多書,,,,5,,true,,待核实,false
cdl-005038,成年青年研经课程：王下、代下、彌迦書,,,,,,中文,bible-study,研经;彌迦,,,,5,,true,,待核实,false
cdl-005037,成年青年研经课程：王下、代下、彌迦書(教員),,,,,,中文,bible-study,研经;彌迦,,,,5,,true,,待核实,false
cdl-005040,成年青年研经课程：約伯、箴、傳道書、雅歌,,,,,,中文,bible-study,研经;雅歌,,,,5,,true,,待核实,false
cdl-005039,成年青年研经课程：約伯、箴、傳道書、雅歌(教員),,,,,,中文,bible-study,研经;雅歌,,,,5,,true,,待核实,false
cdl-005041,成年青年研经课程：約翰福音(上),,,,,,中文,bible-study,研经;約翰福音,,,,5,,true,,待核实,false
cdl-005042,成年青年研经课程：約翰福音(上)教員,,,,,,中文,bible-study,研经;約翰福音,,,,5,,true,,待核实,false
cdl-005043,成年青年研经课程：約翰福音(下),,,,,,中文,bible-study,研经;約翰福音,,,,5,,true,,待核实,false
cdl-005044,成年青年研经课程：約翰福音(下)教員,,,,,,中文,bible-study,研经;約翰福音,,,,5,,true,,待核实,false
cdl-005046,成年青年研经课程：羅馬書,,,,,,中文,bible-study,研经;羅馬書,,,,5,,true,,待核实,false
cdl-005045,成年青年研经课程：羅馬書(教員),,,,,,中文,bible-study,研经;羅馬書,,,,5,,true,,待核实,false
cdl-005048,成年青年研经课程：詩篇,,,,,,中文,bible-study,研经;詩篇,,,,5,,true,,待核实,false
cdl-005047,成年青年研经课程：詩篇(教員),,,,,,中文,bible-study,研经;詩篇,,,,5,,true,,待核实,false
cdl-005049,成年青年研经课程：路加福音(上),,,,,,中文,bible-study,研经;路加福音,,,,5,,true,,待核实,false
cdl-005051,成年青年研经课程：路加福音(下),,,,,,中文,bible-study,研经;路加福音,,,,5,,true,,待核实,false
cdl-005050,成年青年研经课程：路加福音(下) 教員,,,,,,中文,bible-study,研经;路加福音,,,,5,,true,,待核实,false
cdl-005055,成年青年研经课程：阿摩司、何西阿、約拿書,,,,,,中文,bible-study,研经;何西阿;阿摩司,,,,5,,true,,待核实,false
cdl-005054,成年青年研经课程：阿摩司、何西阿、約拿書(教員),,,,,,中文,bible-study,研经;何西阿;阿摩司,,,,5,,true,,待核实,false
cdl-005056,成年青年研经课程：馬可福音,,,,,,中文,bible-study,研经;馬可福音,,,,5,,true,,待核实,false
cdl-005057,成年青年研经课程：馬太福音,,,,,,中文,bible-study,研经;馬太福音,,,,5,,true,,待核实,false
cdl-005058,成瘾的圣经辅导观,爱德华·韦尔契,,,,,中文,pastoral,成瘾;圣经辅导;关怀;牧养,,,,5,,true,,待核实,false
cdl-005059,成長路上,軟弱的操練,,,,,中文,other,,,,,5,,true,,待核实,false
cdl-005060,成长中的家庭：家庭治疗师眼中的个人、家庭与社会(第3版),,,,,,中文,family-ministry,家庭,,,,5,,true,,待核实,false
cdl-005061,成长研究系列,天国之道,,,,,中文,other,,,,,5,,true,,待核实,false
cdl-001977,成长神学：克劳德，汤森德,,,,,,中文,theology,神学,,,,0,,true,,待核实,false
cdl-005062,我为什么信神,,,,,,中文,other,,,,,5,,true,,待核实,false
cdl-005063,我为什么相信 提摩太凯勒,,,,,,中文,bible-study,提摩太,,,,5,,true,,待核实,false
cdl-001916,我为何仍相信耶稣：理性与宗教的思考(附国语讲道光盘):马利，温伟耀,,,,,,中文,pastoral,讲道,,,https://christian-digital-library-assets.gioia-zheng-stud.workers.dev/covers/cdl-001916.jpg,5,https://christian-digital-library-assets.gioia-zheng-stud.workers.dev/previews/cdl-001916,true,,待核实,false
cdl-005064,我也行过了死荫的幽谷 蔡汉权传,,,,,,中文,other,,,,,5,,true,,待核实,false
cdl-000924,我们同为传道人,,,,,,中文,missions,传道,,,https://christian-digital-library-assets.gioia-zheng-stud.workers.dev/covers/cdl-000924.jpg,5,https://christian-digital-library-assets.gioia-zheng-stud.workers.dev/previews/cdl-000924,true,,待核实,false
cdl-005065,我们和好吧,,,,,,中文,other,,,,,5,,true,,待核实,false
cdl-005066,我们怎么知道上帝存在 :在21世纪认识耶稣,,,,,,中文,theology,上帝,,,,5,,true,,待核实,false
cdl-005067,我们怎么知道上帝存在 :在21世纪认识耶稣,,,,,,中文,theology,上帝,,,,5,,true,,待核实,false
cdl-000507,我们是为了信仰,王明道,,,,,中文,theology,信仰,,,https://christian-digital-library-assets.gioia-zheng-stud.workers.dev/covers/cdl-000507.jpg,5,https://christian-digital-library-assets.gioia-zheng-stud.workers.dev/previews/cdl-000507,true,,待核实,false
cdl-005068,我们的历史,,,,,,中文,church-history,历史,,,,5,,true,,待核实,false
cdl-005069,我们的祖先说,,,,,,中文,other,,,,,5,,true,,待核实,false
cdl-000925,我信教会,,,,,,中文,theology,教会,,,,5,,true,,待核实,false
cdl-005070,我們的教會,,,,,,中文,theology,教會,,,,5,,true,,待核实,false
cdl-000366,我和你,马丁布伯,,,,,中文,other,,,,,5,,true,,待核实,false
cdl-005072,我思我想我信,,,,,,中文,other,,,,,5,,true,,待核实,false
cdl-005073,我思故我信：十大基督徒巨擘,麦葛福,,,,,中文,theology,基督,,,,5,,true,,待核实,false
cdl-000937,我愛主耶穌學生本,,,,,,中文,other,,,,,5,,true,,待核实,false
cdl-000922,我感謝敬拜學生本,,,,,,中文,spiritual-life,敬拜,,,,5,,true,,待核实,false
cdl-000367,我的人生能有喜乐吗,史普罗,,,,,中文,other,,,,https://christian-digital-library-assets.gioia-zheng-stud.workers.dev/covers/cdl-000367.jpg,5,https://christian-digital-library-assets.gioia-zheng-stud.workers.dev/previews/cdl-000367,true,,待核实,false
cdl-005074,我的人生能有喜乐吗,,,,,,中文,other,,,,,5,,true,,待核实,false
cdl-000830,我的宗教经验,赵君影,,,,,中文,culture-society,宗教,,,,5,,true,,待核实,false
cdl-005075,我的灵啊：当努力前行,天籁 过,,,,,中文,other,,,,,5,,true,,待核实,false
cdl-005076,我的燈需要油 11,,,,,,中文,other,,,,,5,,true,,待核实,false
cdl-005077,我的神秘經驗,梁燕城,,,,,中文,other,,,,,5,,true,,待核实,false
cdl-005078,我真是基督徒吗,,,,,,中文,theology,基督,,,,5,,true,,待核实,false
cdl-000368,我能确定我的得救吗,史普罗,,,,,中文,other,,,,https://christian-digital-library-assets.gioia-zheng-stud.workers.dev/covers/cdl-000368.jpg,5,https://christian-digital-library-assets.gioia-zheng-stud.workers.dev/previews/cdl-000368,true,,待核实,false
cdl-005080,我该如何在世界中生活,司布尔,,,,,中文,other,,,,,5,,true,,待核实,false
cdl-005081,我该如何培养基督徒良心,,,,,,中文,theology,基督,,,,5,,true,,待核实,false
cdl-005083,我该如何处理我的罪咎,司布尔,,,,,中文,other,,,,,5,,true,,待核实,false
cdl-005084,我该如何处理我的罪咎,,,,,,中文,other,,,,,5,,true,,待核实,false
cdl-005082,我该如何处理我的罪咎,司布尔（R. C. Sproul）,,,,,中文,theology,罪咎;护教;神学,,,,5,,true,,待核实,false
cdl-003364,或此或彼(上、下),克尔凯郭尔,,,,,中文,other,,,,,5,,true,,待核实,false
cdl-005085,戴德生与李提摩太传教方式之比较,,,,,,中文,bible-study,提摩太,,,,5,,true,,待核实,false
cdl-005086,所罗门的智慧,,,,,,中文,other,,,,,5,,true,,待核实,false
cdl-000715,扎根聖言的藝術,,,,,,中文,other,,,,https://christian-digital-library-assets.gioia-zheng-stud.workers.dev/covers/cdl-000715.jpg,5,https://christian-digital-library-assets.gioia-zheng-stud.workers.dev/previews/cdl-000715,true,,待核实,false
cdl-000371,打击魔鬼实战手册,康麦克,,,,,中文,reference,手册,,,https://christian-digital-library-assets.gioia-zheng-stud.workers.dev/covers/cdl-000371.jpg,5,https://christian-digital-library-assets.gioia-zheng-stud.workers.dev/previews/cdl-000371,true,,待核实,false
cdl-002654,托马斯·阿奎那的思想,,,,,,中文,other,,,,,5,,true,,待核实,false
cdl-005088,托马斯·阿奎那的灵魂学说探究：从基督教哲学角度的一种解释,,,,,,中文,theology,基督,,,,5,,true,,待核实,false
cdl-005089,托马斯·陶伦斯：上帝与理性,,,,,,中文,theology,上帝,,,,5,,true,,待核实,false
cdl-002140,扶我前行：中国福音化异象,赵天恩,,,,,中文,other,,,,,5,,true,,待核实,false
cdl-005090,批判性思维工具 原书第3版,,,,,,中文,other,,,,,5,,true,,待核实,false
cdl-001817,承先启后话先知：昨日的先知与今日的世界,修以,,,,,中文,other,,,,,5,,true,,待核实,false
cdl-001844,承受与持守：中国大地的福音火炬,邓肇明,,,,,中文,other,,,,https://christian-digital-library-assets.gioia-zheng-stud.workers.dev/covers/cdl-001844.jpg,5,https://christian-digital-library-assets.gioia-zheng-stud.workers.dev/previews/cdl-001844,true,,待核实,false
cdl-005091,技术元素,凯文·凯利,,,,,中文,culture-society,技术;社会;未来学,,,,5,,true,,待核实,false
cdl-005092,抉择时刻,,,,,,中文,other,,,,,5,,true,,待核实,false
cdl-002065,把别人介绍给主,李德尔,,,,,中文,other,,,,,5,,true,,待核实,false
cdl-005093,把时间当做朋友,李笑来,,,,,中文,other,,,,,5,,true,,待核实,false
cdl-000716,抓准神的话,,,,,,中文,other,,,,https://christian-digital-library-assets.gioia-zheng-stud.workers.dev/covers/cdl-000716.jpg,5,https://christian-digital-library-assets.gioia-zheng-stud.workers.dev/previews/cdl-000716,true,,待核实,false
cdl-005094,投奔怒海之後,,,,,,中文,other,,,,,2,,true,,待核实,false
cdl-005095,抗战时期基督徒的身份焦虑与思想挣：省略：社会福音和唯爱主义思想的互动探析,李韦,,,,,中文,theology,基督,,,,5,,true,,待核实,false
cdl-005096,抚摸恐怖,我的创作生涯,,,,,中文,other,,,,,5,,true,,待核实,false
cdl-005097,你应当相信三位一体吗,,,,,,中文,theology,护教;三位一体,,,,5,,true,,待核实,false
cdl-005098,进化论的欺骗性,哈荣·雅荷雅,,,,,中文,theology,护教;进化论,,,,5,,true,,待核实,false
cdl-000374,护教篇,特土良,,,,,中文,theology,护教,,,,5,,true,,待核实,false
cdl-005099,护教篇,查士丁,,,,,中文,theology,护教,,,,5,,true,,待核实,false
cdl-000887,拉丁教父 特土良,,,,,,中文,other,,,,https://christian-digital-library-assets.gioia-zheng-stud.workers.dev/covers/cdl-000887.jpg,5,https://christian-digital-library-assets.gioia-zheng-stud.workers.dev/previews/cdl-000887,true,,待核实,false
cdl-005102,拉比的双瞳,,,,,,中文,other,,,,,5,,true,,待核实,false
cdl-005103,拉比释经第一堂课 五经在线,陈文纪,,,,,中文,bible-study,释经,,,,5,,true,,待核实,false
cdl-005104,拉比释经第二堂课 诗情哲思,陈文纪,,,,,中文,bible-study,释经,,,,5,,true,,待核实,false
cdl-005105,拓展教会事工,,,,,,中文,pastoral,事工,,,,5,,true,,待核实,false
cdl-000152,拣尽寒枝,刘小枫,,,,,中文,other,,,,https://christian-digital-library-assets.gioia-zheng-stud.workers.dev/covers/cdl-000152.jpg,5,https://christian-digital-library-assets.gioia-zheng-stud.workers.dev/previews/cdl-000152,true,,待核实,false
cdl-005106,拨开迷雾见真相,,,,,,中文,other,,,,,5,,true,,待核实,false
cdl-000153,拯救与逍遥,刘小枫,,,,,中文,other,,,,https://christian-digital-library-assets.gioia-zheng-stud.workers.dev/covers/cdl-000153.jpg,5,https://christian-digital-library-assets.gioia-zheng-stud.workers.dev/previews/cdl-000153,true,,待核实,false
cdl-005107,拾珍叢書,聖經要略,,,,,中文,bible-study,聖經,,,,5,,true,,待核实,false
cdl-005108,按照圣经做父母,刘志雄,,,,,中文,bible-study,圣经,,,,5,,true,,待核实,false
cdl-005109,挺立在峭壁上的十字架,傈僳族皈信基督教原因探析,,,,,中文,theology,十字架,,,,5,,true,,待核实,false
cdl-002015,捡回职事的重寻与更新：从神学、历史及实践角度探讨教会职事,曾立华,,,,,中文,church-history,历史,,,,5,,true,,待核实,false
cdl-006343,探求圣经的本来面目,见证基督,,,,,中文,bible-study,圣经,,,,5,,true,,待核实,false
cdl-006344,探求圣经的本来面目,见证基督,,,,,中文,bible-study,圣经,,,,5,,true,,待核实,false
cdl-000375,探求真理的指导原则,笛卡尔,,,,,中文,other,,,,https://christian-digital-library-assets.gioia-zheng-stud.workers.dev/covers/cdl-000375.jpg,5,https://christian-digital-library-assets.gioia-zheng-stud.workers.dev/previews/cdl-000375,true,,待核实,false
cdl-000376,接待圣灵常住,,,,,,中文,theology,圣灵,,,https://christian-digital-library-assets.gioia-zheng-stud.workers.dev/covers/cdl-000376.jpg,5,https://christian-digital-library-assets.gioia-zheng-stud.workers.dev/previews/cdl-000376,true,,待核实,false
cdl-004705,揉合传统与当代的崇拜,崇拜更新,,,,,中文,other,,,,,5,,true,,待核实,false
cdl-005111,提摩太前书,,,,,,中文,bible-study,圣经;新约;提摩太前书;教牧书信,,,,5,,true,,待核实,false
cdl-005110,提摩太前书、提摩太后书、提多书,,,,,,中文,bible-study,圣经;新约;教牧书信;提摩太前书;提摩太后书;提多书,,,,5,,true,,待核实,false
cdl-005114,提多书注释,马太亨利,,,,,中文,bible-study,注释;提多书,,,,5,,true,,待核实,false
cdl-005116,提多书注释,,,,,,中文,bible-study,注释;提多书,,,,5,,true,,待核实,false
cdl-005115,提多书注释 马太亨利,,,,,,中文,bible-study,注释;提多书,,,,5,,true,,待核实,false
cdl-005117,提多书,,,,,,中文,bible-study,圣经;新约;提多书;教牧书信,,,,5,,true,,待核实,false
cdl-005118,提摩太后书,,,,,,中文,bible-study,圣经;新约;提摩太后书;教牧书信,,,,5,,true,,待核实,false
cdl-005119,提摩太，提多，和你,,,,,,中文,bible-study,提摩太,,,,5,,true,,待核实,false
cdl-005120,提摩太、提多与你,,,,,,中文,bible-study,提摩太,,,,5,,true,,待核实,false
cdl-005121,提摩太与提多书信(上):唐书理,,,,,,中文,bible-study,提摩太;提多书,,,,5,,true,,待核实,false
cdl-005122,提摩太与提多书信(下):唐书理,,,,,,中文,bible-study,提摩太;提多书,,,,5,,true,,待核实,false
cdl-000377,提摩太与提多书信注释 下：唐书礼,,,,,,中文,bible-study,注释;提摩太;提多书,,,,5,,true,,待核实,false
cdl-000378,提摩太与提多书信注释 下,唐书礼,,,,,中文,bible-study,注释;提摩太;提多书,,,,5,,true,,待核实,false
cdl-005123,提摩太与提多书信注释(上)—唐书礼&潘秋松,,,,,,中文,bible-study,注释;提摩太;提多书,,,,5,,true,,待核实,false
cdl-005124,提摩太与提多书信注释(下)—唐书礼&潘秋松,,,,,,中文,bible-study,注释;提摩太;提多书,,,,5,,true,,待核实,false
cdl-001159,提摩太与提多书信注释上,唐书礼,,,,,中文,bible-study,注释;提摩太;提多书,,,https://christian-digital-library-assets.gioia-zheng-stud.workers.dev/covers/cdl-001159.jpg,5,https://christian-digital-library-assets.gioia-zheng-stud.workers.dev/previews/cdl-001159,true,,待核实,false
cdl-001160,提摩太与提多书信注释下,唐书礼,,,,,中文,bible-study,注释;提摩太;提多书,,,https://christian-digital-library-assets.gioia-zheng-stud.workers.dev/covers/cdl-001160.jpg,5,https://christian-digital-library-assets.gioia-zheng-stud.workers.dev/previews/cdl-001160,true,,待核实,false
cdl-005125,提摩太书，提多书，非利门书注释，加尔文。,,,,,,中文,bible-study,注释;提摩太;提多书,,,,5,,true,,待核实,false
cdl-005126,提摩太书注释,马太亨利,,,,,中文,bible-study,注释;提摩太,,,,5,,true,,待核实,false
cdl-002644,提摩太凯勒,婚姻解密,,,,,中文,bible-study,提摩太,,,,5,,true,,待核实,false
cdl-005127,提摩太前书注释,约翰麦克阿瑟,,,,,中文,bible-study,注释;提摩太,,,,5,,true,,待核实,false
cdl-005128,提摩太前书注释,,,,,,中文,bible-study,注释;提摩太,,,,5,,true,,待核实,false
cdl-005129,提摩太前后书 提多书 腓利门书,,,,,,中文,bible-study,提摩太;提多书;腓利门,,,,5,,true,,待核实,false
cdl-005130,提摩太前后书注释 马太亨利,,,,,,中文,bible-study,注释;提摩太,,,,5,,true,,待核实,false
cdl-005131,提摩太前後书注释,韩威廉,,,,,中文,bible-study,注释;提摩太,,,,5,,true,,待核实,false
cdl-005132,提摩太前書,內文,,,,,中文,bible-study,提摩太,,,,5,,true,,待核实,false
cdl-005133,提摩太后书注释,,,,,,中文,bible-study,注释;提摩太,,,,5,,true,,待核实,false
cdl-005134,提摩太後書：校园,,,,,,中文,bible-study,提摩太,,,,5,,true,,待核实,false
cdl-003904,提摩太前书、提摩太后书、提多书——国际释经系列,,,,,,中文,bible-study,圣经;新约;教牧书信;国际释经,,,,5,,true,,待核实,false
cdl-005135,提摩太提多书注释,马太亨利,,,,,中文,bible-study,注释;提摩太;提多书,,,,5,,true,,待核实,false
cdl-005137,提问式布道法,,,,,,中文,missions,布道,,,,5,,true,,待核实,false
cdl-005138,提问式布道法,兰迪纽曼,,,,,中文,missions,布道,,,,5,,true,,待核实,false
cdl-005136,提问式布道法(向耶稣学习与人交心),兰迪 纽曼,,,,,中文,missions,布道,,,,5,,true,,待核实,false
cdl-005139,揭开奥秘：发现旧约中的基督,克罗尼（Edmund P. Clowney）,,,,,中文,bible-study,圣经;旧约;基督论;释经,,,,5,,true,,待核实,false
cdl-002459,揭开奥秘：发现旧约中的基督,克罗尼 Edmund P Clowney,,,,,中文,bible-study,旧约,,,,5,,true,,待核实,false
cdl-005140,揭开奥秘：旧约中的基督（查经问题）,,,,,,中文,bible-study,圣经;旧约;基督论;查经,,,,5,,true,,待核实,false
cdl-005141,揭开奥秘研读问题,,,,,,中文,other,,,,,5,,true,,待核实,false
cdl-005142,揭开完美主义者的面纱,沈淑文,,,,,中文,other,,,,,5,,true,,待核实,false
cdl-001783,揭开迷惑：新时代运动的神秘面纱与错谬教导,赖塞洛,,,,,中文,other,,,,https://christian-digital-library-assets.gioia-zheng-stud.workers.dev/covers/cdl-001783.jpg,5,https://christian-digital-library-assets.gioia-zheng-stud.workers.dev/previews/cdl-001783,true,,待核实,false
cdl-005144,揭秘中国民间信仰 马国栋,,,,,,中文,theology,信仰,,,,5,,true,,待核实,false
cdl-002224,搁浅的日子：约伯记注释,吴献章,,,,,中文,bible-study,注释;约伯,,,,5,,true,,待核实,false
cdl-005146,携手共渡生命河,,,,,,中文,spiritual-life,生命成长;灵修,,,,5,,true,,待核实,false
cdl-005149,默想新约,摩根（G. Campbell Morgan）,,,,,中文,spiritual-life,灵修;新约;默想;摩根灵修亮光丛书,,,,5,,true,,待核实,false
cdl-005150,默想新约,摩根（G. Campbell Morgan）,,,,,中文,spiritual-life,灵修;新约;默想;摩根灵修亮光丛书,,,,5,,true,,待核实,false
cdl-005147,摩根灵修亮光丛书(三):默想智慧先知书,,,,,,中文,spiritual-life,灵修,,,,5,,true,,待核实,false
cdl-005148,摩根灵修亮光丛书(三):默想智慧先知书,,,,,,中文,spiritual-life,灵修,,,,5,,true,,待核实,false
cdl-005151,摩根解经丛书：马可福音,坎伯·摩根（G. Campbell Morgan）,坎伯·摩根（G. Campbell Morgan，1863-1945）是英国讲道家与圣经教师，曾在伦敦威斯敏斯特教堂服事，以讲解式讲道和圣经注释作品著称。,詹正义,美国活泉出版社,1995,中文,bible-study,马可福音;解经;新约;注释,本书是摩根解经丛书中的《马可福音》注释，按经文脉络讲解马可对耶稣基督仆人身份、行动与福音使命的呈现。,,,5,,true,,版权受保护,false
cdl-005158,摩根解经丛书,,,,,,中文,bible-study,解经,,,,5,,true,,待核实,false
cdl-005152,摩根解经丛书：以赛亚书,,,,,,中文,bible-study,解经;以赛亚,,,,5,,true,,待核实,false
cdl-005153,摩根解经丛书：哥林多书信,,,,,,中文,bible-study,解经;哥林多,,,,5,,true,,待核实,false
cdl-005154,摩根解经丛书：约翰福音,,,,,,中文,bible-study,解经;约翰福音,,,,5,,true,,待核实,false
cdl-005155,摩根解经丛书：罗马书,,,,,,中文,bible-study,解经;罗马书,,,,5,,true,,待核实,false
cdl-005156,摩根解经丛书：耶利米书,,,,,,中文,bible-study,解经;耶利米,,,,5,,true,,待核实,false
cdl-005157,摩根解经丛书：马可福音,,,,,,中文,bible-study,解经;马可福音,,,,5,,true,,待核实,false
cdl-005159,摩西五经,,,,,,中文,other,,,,,5,,true,,待核实,false
cdl-005160,摩西五经,龙维忠,,,,,中文,other,,,,,5,,true,,待核实,false
cdl-005162,摩西五经导论,亚历山大,,,,,中文,other,,,,,5,,true,,待核实,false
cdl-005161,摩西五经导论（第2版）,亚历山大,,,上海人民出版社,2008,中文,bible-study,圣经;旧约;摩西五经;导论,,,,5,,true,,待核实,false
cdl-005163,摩西五经导论：从伊甸园到应许之地 第2版,,,,,,中文,other,,,,,5,,true,,待核实,false
cdl-000372,摩西十诫,托马斯 文森特,,,,,中文,other,,,,https://christian-digital-library-assets.gioia-zheng-stud.workers.dev/covers/cdl-000372.jpg,5,https://christian-digital-library-assets.gioia-zheng-stud.workers.dev/previews/cdl-000372,true,,待核实,false
cdl-005164,摩西的生平,尼撒的格里高利,,,,,中文,church-history,生平,,,,5,,true,,待核实,false
cdl-005165,撒母耳 神的仆人,,,,,,中文,bible-study,撒母耳,,,,5,,true,,待核实,false
cdl-005166,撒母耳上 01,,,,,,中文,bible-study,撒母耳,,,,5,,true,,待核实,false
cdl-005167,撒母耳上 02,,,,,,中文,bible-study,撒母耳,,,,5,,true,,待核实,false
cdl-005168,撒母耳的人生败笔：兼谈：牧二代：现象,雪峰,,,,,中文,bible-study,撒母耳,,,,5,,true,,待核实,false
cdl-000945,撒母耳记上 卷上 詹正义,,,,,,中文,bible-study,撒母耳,,,,5,,true,,待核实,false
cdl-000946,撒母耳记上 卷下 詹正义,,,,,,中文,bible-study,撒母耳,,,,5,,true,,待核实,false
cdl-005169,撒母耳记上下默想,冯耀荣,,,,,中文,bible-study,撒母耳,,,,5,,true,,待核实,false
cdl-005171,撒母记上下,华候活,,,,,中文,other,,,,,5,,true,,待核实,false
cdl-005172,撒迦利亚书,希霍默,,,,,中文,bible-study,撒迦利亚,,,,5,,true,,待核实,false
cdl-005173,撒迦利亚书,,,,,,中文,bible-study,撒迦利亚,,,,5,,true,,待核实,false
cdl-001561,撒迦利亚书诠释,Zechariah 神必纪念,,,,,中文,bible-study,撒迦利亚,,,,5,,true,,待核实,false
cdl-005174,撒迦利亚书诠释,马有藻,,,,,中文,bible-study,撒迦利亚,,,,5,,true,,待核实,false
cdl-005176,如何回應別人的掌控,,,,,,中文,spiritual-life,辅导;生命成长,,,,5,,true,,待核实,false
cdl-005177,攀生命高峰,余达心,,,,,中文,other,,,,,5,,true,,待核实,false
cdl-000008,支持加尔文主义,迈克 何顿 罗杰 奥尔森,,,,,中文,theology,加尔文主义,,,https://christian-digital-library-assets.gioia-zheng-stud.workers.dev/covers/cdl-000008.jpg,5,https://christian-digital-library-assets.gioia-zheng-stud.workers.dev/previews/cdl-000008,true,,待核实,false
cdl-005179,收刀入鞘 一个沉沦与救赎的真实故事,吕代豪,,,,,中文,theology,救赎,,,,5,,true,,待核实,false
cdl-005180,改变生命的54封信,,,,,,中文,other,,,,,5,,true,,待核实,false
cdl-005182,改变生命的学习,布鲁斯 魏金生,,,,,中文,other,,,,,5,,true,,待核实,false
cdl-005181,改变生命的学习：学习者七大定律,,,,,,中文,other,,,,,5,,true,,待核实,false
cdl-005183,改变生命的教学,韩君时,,,,,中文,other,,,,,5,,true,,待核实,false
cdl-005184,改变生命的沟通传播,查理斯 克拉夫特,,,,,中文,other,,,,,5,,true,,待核实,false
cdl-005185,改变生命的沟通传播,,,,,,中文,other,,,,,5,,true,,待核实,false
cdl-000380,改变这世界祷告学校,易迪克,,,,,中文,spiritual-life,祷告,,,https://christian-digital-library-assets.gioia-zheng-stud.workers.dev/covers/cdl-000380.jpg,5,https://christian-digital-library-assets.gioia-zheng-stud.workers.dev/previews/cdl-000380,true,,待核实,false
cdl-005186,改变这世界祷告学校,,,,,,中文,spiritual-life,祷告,,,,5,,true,,待核实,false
cdl-000381,改教家加尔文,,,,,,中文,church-history,改教,,,,5,,true,,待核实,false
cdl-001099,改教家的神学思想,,,,,,中文,church-history,改教,,,https://christian-digital-library-assets.gioia-zheng-stud.workers.dev/covers/cdl-001099.jpg,5,https://christian-digital-library-assets.gioia-zheng-stud.workers.dev/previews/cdl-001099,true,,待核实,false
cdl-005187,改教家的神学思想,,,,,,中文,church-history,改教,,,,5,,true,,待核实,false
cdl-001098,改教家路德,美 詹姆斯 基特尔森,,,,,中文,church-history,改教;路德,,,,5,,true,,待核实,false
cdl-005188,勇守真道,,,,,,中文,theology,改革;真道;信仰,,,,5,,true,,待核实,false
cdl-005189,改革宗 攻克己身 单页排版,,,,,,中文,theology,改革宗,,,,5,,true,,待核实,false
cdl-005190,改革宗 正意解经 单页排版,,,,,,中文,bible-study,解经,,,,5,,true,,待核实,false
cdl-005191,改革宗：天命与你,,,,,,中文,theology,改革宗,,,,5,,true,,待核实,false
cdl-005192,改革宗：如何胜过罪 攻克己身,,,,,,中文,theology,改革宗,,,,5,,true,,待核实,false
cdl-005193,改革宗信仰摘要,赵中辉晚年作,,,,,中文,theology,改革宗,,,,5,,true,,待核实,false
cdl-000382,改革宗出版社,,,,,,中文,theology,改革宗,,,,5,,true,,待核实,false
cdl-005195,改革宗长老教会(牧会指南),,,,,,中文,pastoral,牧会,,,,5,,true,,待核实,false
cdl-000390,改革宗长老教会-牧会指南,,,,,,中文,pastoral,牧会,,,,5,,true,,待核实,false
cdl-005196,改革宗青少年圣经教义,,,,,,中文,bible-study,圣经,,,,5,,true,,待核实,false
cdl-005197,改革宗青少年圣经教义,,,,,,中文,bible-study,圣经,,,,5,,true,,待核实,false
cdl-005198,改革开放以来的中国农村教会,梁家鳞,,,,,中文,theology,教会,,,,5,,true,,待核实,false
cdl-001891,攻破坚固的营垒,魏德凯,,,,,中文,other,,,,https://christian-digital-library-assets.gioia-zheng-stud.workers.dev/covers/cdl-001891.jpg,5,https://christian-digital-library-assets.gioia-zheng-stud.workers.dev/previews/cdl-001891,true,,待核实,false
cdl-002655,政治、神学和历史,,,,,,中文,church-history,历史,,,,5,,true,,待核实,false
cdl-000717,政治学,,,,,,中文,culture-society,政治,,,,5,,true,,待核实,false
cdl-002618,政治神学论文集,,,,,,中文,theology,神学,,,,5,,true,,待核实,false
cdl-000718,政治秩序的起源,弗朗西斯·福山,,,,,中文,culture-society,政治;政治思想;历史,,,,5,,true,,待核实,false
cdl-001059,效忠基督：马太福音,,,,,,中文,bible-study,马太福音,,,https://christian-digital-library-assets.gioia-zheng-stud.workers.dev/covers/cdl-001059.jpg,5,https://christian-digital-library-assets.gioia-zheng-stud.workers.dev/previews/cdl-001059,true,,待核实,false
cdl-005199,效忠基督：马太福音,,,,,,中文,bible-study,马太福音,,,,5,,true,,待核实,false
cdl-005200,效法耶稣的服侍,,,,,,中文,other,,,,,5,,true,,待核实,false
cdl-005201,效法耶稣的服侍,费兰度,,,,,中文,other,,,,,5,,true,,待核实,false
cdl-005202,敌基督者、殉难、被提千禧王国的时代来临了吗2,,,,,,中文,theology,基督,,,,5,,true,,待核实,false
cdl-000391,救恩出于主耶和华,约翰 M 傅瑞姆,,,,,中文,theology,救恩,,,https://christian-digital-library-assets.gioia-zheng-stud.workers.dev/covers/cdl-000391.jpg,5,https://christian-digital-library-assets.gioia-zheng-stud.workers.dev/previews/cdl-000391,true,,待核实,false
cdl-005205,救恩出於主耶和華,,,,,,中文,theology,救恩,,,,5,,true,,待核实,false
cdl-005206,救恩和救贖,史鮑爾,,,,,中文,theology,救贖,,,,5,,true,,待核实,false
cdl-002450,救恩的确据(上):约翰福音第17章的信息,钟马田,,,,,中文,bible-study,约翰福音,,,,5,,true,,待核实,false
cdl-002346,救恩的确据(下)约翰福音第17章的信息,钟马田,,,,,中文,bible-study,约翰福音,,,,5,,true,,待核实,false
cdl-005207,救恩真理辩释,马有藻,,,,,中文,theology,救恩,,,,5,,true,,待核实,false
cdl-005208,救恩真理辩释,马有藻,,,,,中文,theology,救恩,,,,5,,true,,待核实,false
cdl-006904,救恩真理辩释,马有藻,,,,,中文,theology,救恩,,,,5,,true,,待核实,false
cdl-005209,救恩计划 华腓德,,,,,,中文,theology,救恩,,,,5,,true,,待核实,false
cdl-005210,救恩计划和天国的路标2,,,,,,中文,theology,救恩,,,,5,,true,,待核实,false
cdl-005211,救恩论,朴亨龙,,,,,中文,theology,救恩,,,,5,,true,,待核实,false
cdl-002060,救火线上的事奉：权能教会之实践神学,雷 安德森,,,,,中文,theology,神学,,,,5,,true,,待核实,false
cdl-005212,救贖論,,,,,,中文,theology,救贖,,,,5,,true,,待核实,false
cdl-001676,救赎：它的意义及重要性,莫里斯 Leon Morris,,,,,中文,theology,救赎,,,https://christian-digital-library-assets.gioia-zheng-stud.workers.dev/covers/cdl-001676.jpg,5,https://christian-digital-library-assets.gioia-zheng-stud.workers.dev/previews/cdl-001676,true,,待核实,false
cdl-005213,救赎：它的意义及重要性,,,,,,中文,theology,救赎,,,,5,,true,,待核实,false
cdl-005214,救赎之神,,,,,,中文,theology,救赎,,,,5,,true,,待核实,false
cdl-005215,救赎史505,教师用,,,,,中文,theology,救赎,,,,5,,true,,待核实,false
cdl-005216,救赎史圣经鸟瞰,,,,,,中文,bible-study,圣经,,,,5,,true,,待核实,false
cdl-005217,救赎史核心问答(新約),,,,,,中文,bible-study,新約,,,,5,,true,,待核实,false
cdl-005218,救赎史核心问答(旧约),,,,,,中文,bible-study,旧约,,,,5,,true,,待核实,false
cdl-005219,救赎进程,范甘麦伦,,,,,中文,theology,救赎,,,,5,,true,,待核实,false
cdl-005220,救赎进程,范甘麦伦,,,,,中文,theology,救赎,,,,5,,true,,待核实,false
cdl-005221,救赎进程,范甘麦伦,,,,,中文,theology,救赎,,,,5,,true,,待核实,false
cdl-005222,救赎进程,范甘麦伦,,,,,中文,theology,救赎,,,,5,,true,,待核实,false
cdl-006227,聆听上帝爱的言说：教义神学新释（卷一）,余达心,,,基道出版社,2012,中文,theology,神学;教义神学;系统神学,本书以教义神学为主线，讨论启示、圣经、诠释与信仰理解等主题，引导读者在神学思考中聆听上帝启示的言说。,,,5,,true,,待核实,false
cdl-006228,聆听上帝爱的言说：教义神学新释（卷一）,余达心,,,基道出版社,2012,中文,theology,神学;教义神学;系统神学,本书以教义神学为主线，讨论启示、圣经、诠释与信仰理解等主题，引导读者在神学思考中聆听上帝启示的言说。,,,5,,true,,待核实,false
cdl-000392,教会（创刊号）,,,,,,中文,theology,教会;神学;刊物,本条目为《教会》刊物创刊号，收录与教会、神学和公共信仰相关的文章。,,https://christian-digital-library-assets.gioia-zheng-stud.workers.dev/covers/cdl-000392.jpg,5,https://christian-digital-library-assets.gioia-zheng-stud.workers.dev/previews/cdl-000392,true,,待核实,false
cdl-000393,教会,,,,,,中文,theology,教会,,,,5,,true,,待核实,false
cdl-003064,以基督为中心的婚恋,,,,,,中文,family-ministry,婚恋;家庭;基督中心,,,,5,,true,,待核实,false
cdl-005223,重新探索神的设计蓝图,,,,,,中文,theology,教会;神学;实践,,,,5,,true,,待核实,false
cdl-001616,教会与神学教育,唇齿相依的神国伙伴,,,,,中文,theology,神学,,,https://christian-digital-library-assets.gioia-zheng-stud.workers.dev/covers/cdl-001616.jpg,5,https://christian-digital-library-assets.gioia-zheng-stud.workers.dev/previews/cdl-001616,true,,待核实,false
cdl-005224,教会中的牧养关顾,布里斯特,,,,,中文,pastoral,牧养,,,,5,,true,,待核实,false
cdl-005225,教会主日学教师版 希伯来书 雅各书,,,,,,中文,bible-study,希伯来书;雅各书,,,,5,,true,,待核实,false
cdl-005226,教会主日学教师版(来、雅),,,,,,中文,spiritual-life,主日,,,,5,,true,,待核实,false
cdl-005227,教会事奉 管理与教育：牧训课程,,,,,,中文,theology,教会,,,,5,,true,,待核实,false
cdl-005228,教会事工手册,夏忠坚 苏文隆,,,,,中文,reference,手册,,,,5,,true,,待核实,false
cdl-005229,教会事工管理,,,,,,中文,pastoral,事工,,,,5,,true,,待核实,false
cdl-005917,教会冲突的反思,相爱又相争,,,,,中文,theology,教会,,,,5,,true,,待核实,false
cdl-001634,教会冲突的处理与重建,邱清萍,,,,,中文,theology,教会,,,,5,,true,,待核实,false
cdl-005230,教会冲突的处理与重建,游宏湘 邱清平,,,,,中文,theology,教会,,,,5,,true,,待核实,false
cdl-005231,教会冲突的处理与重建,游宏湘 邱清平,,,,,中文,theology,教会,,,,5,,true,,待核实,false
cdl-005232,教会剖视,,,,,,中文,theology,教会,,,,5,,true,,待核实,false
cdl-005233,教会历史,,,,,,中文,church-history,历史,,,,5,,true,,待核实,false
cdl-000394,教会历史-1550年前的中国基督教史,,,,,,中文,church-history,历史,,,,5,,true,,待核实,false
cdl-000395,教会历史-中世纪基督教会史,,,,,,中文,church-history,教会史;历史,,,https://christian-digital-library-assets.gioia-zheng-stud.workers.dev/covers/cdl-000395.jpg,5,https://christian-digital-library-assets.gioia-zheng-stud.workers.dev/previews/cdl-000395,true,,待核实,false
cdl-000396,教会历史-中国基督教史,,,,,,中文,church-history,历史,,,https://christian-digital-library-assets.gioia-zheng-stud.workers.dev/covers/cdl-000396.jpg,5,https://christian-digital-library-assets.gioia-zheng-stud.workers.dev/previews/cdl-000396,true,,待核实,false
cdl-000397,教会历史-俄国教会史,,,,,,中文,church-history,教会史;历史,,,,5,,true,,待核实,false
cdl-000398,教会历史-卷一,,,,,,中文,church-history,历史,,,,5,,true,,待核实,false
cdl-000399,教会历史-卷二,,,,,,中文,church-history,历史,,,https://christian-digital-library-assets.gioia-zheng-stud.workers.dev/covers/cdl-000399.jpg,5,https://christian-digital-library-assets.gioia-zheng-stud.workers.dev/previews/cdl-000399,true,,待核实,false
cdl-000400,教会历史-圣经的历史,,,,,,中文,bible-study,圣经,,,https://christian-digital-library-assets.gioia-zheng-stud.workers.dev/covers/cdl-000400.jpg,5,https://christian-digital-library-assets.gioia-zheng-stud.workers.dev/previews/cdl-000400,true,,待核实,false
cdl-000401,基督的仆人（一）,,,,,,中文,church-history,历史,,,,5,,true,,待核实,false
cdl-000402,基督的仆人（二）,,,,,,中文,church-history,历史,,,,5,,true,,待核实,false
cdl-000403,基督的仆人（三）,,,,,,中文,church-history,历史,,,https://christian-digital-library-assets.gioia-zheng-stud.workers.dev/covers/cdl-000403.jpg,5,https://christian-digital-library-assets.gioia-zheng-stud.workers.dev/previews/cdl-000403,true,,待核实,false
cdl-000404,基督的仆人（四）,,,,,,中文,church-history,历史,,,https://christian-digital-library-assets.gioia-zheng-stud.workers.dev/covers/cdl-000404.jpg,5,https://christian-digital-library-assets.gioia-zheng-stud.workers.dev/previews/cdl-000404,true,,待核实,false
cdl-000405,教会历史-当代中国基督教发展史,,,,,,中文,church-history,历史,,,,5,,true,,待核实,false
cdl-000406,教会历史-教会历史背景与年代图表,,,,,,中文,church-history,历史,,,,5,,true,,待核实,false
cdl-000407,教会历史-教会史,古罗马 优西比乌,,,,,中文,church-history,教会史;历史,,,https://christian-digital-library-assets.gioia-zheng-stud.workers.dev/covers/cdl-000407.jpg,5,https://christian-digital-library-assets.gioia-zheng-stud.workers.dev/previews/cdl-000407,true,,待核实,false
cdl-001462,教会历史背景与年代图表,,,,,,中文,church-history,历史,,,,5,,true,,待核实,false
cdl-005234,教会历史背景与年代图表,,,,,,中文,church-history,历史,,,,5,,true,,待核实,false
cdl-005235,教会历史背景与年代图表,罗伯 华尔顿,,,,,中文,church-history,历史,,,,5,,true,,待核实,false
cdl-005236,教会历史要点指南,冈萨雷,,,,,中文,church-history,历史,,,,5,,true,,待核实,false
cdl-005237,教会史,优西比乌,,,,,中文,church-history,教会史,,,,5,,true,,待核实,false
cdl-005238,教会史话,吕沛渊,,,,,中文,church-history,教会史,,,,5,,true,,待核实,false
cdl-005239,教会史话,吕沛渊,,,,,中文,church-history,教会史,,,,5,,true,,待核实,false
cdl-005240,教会史话,吕沛渊,,,,,中文,church-history,教会史,,,,5,,true,,待核实,false
cdl-000866,教会合一的反思,,,,,,中文,theology,教会,,,,5,,true,,待核实,false
cdl-000408,教会在职场,彼得 魏格纳,,,,,中文,theology,教会,,,https://christian-digital-library-assets.gioia-zheng-stud.workers.dev/covers/cdl-000408.jpg,5,https://christian-digital-library-assets.gioia-zheng-stud.workers.dev/previews/cdl-000408,true,,待核实,false
cdl-001685,教会增长策略,彼得 魏格纳 C Peter Wagner,,,,,中文,theology,教会,,,,5,,true,,待核实,false
cdl-005241,教会大变身：后现代教会发展新思维,,,,,,中文,theology,教会,,,,5,,true,,待核实,false
cdl-005242,教会大学与神学教育,,,,,,中文,theology,神学,,,,5,,true,,待核实,false
cdl-005243,教会大计,麦福士,,,,,中文,theology,教会,,,,5,,true,,待核实,false
cdl-005245,教会教义学,,,,,,中文,theology,教义,,,,5,,true,,待核实,false
cdl-005244,教会教义学,卡尔·巴特,,,三联书店,,中文,theology,教义;系统神学;卡尔·巴特,,,,5,,true,,待核实,false
cdl-000956,教会教义学 精选本,,,,,,中文,theology,教义,,,https://christian-digital-library-assets.gioia-zheng-stud.workers.dev/covers/cdl-000956.jpg,5,https://christian-digital-library-assets.gioia-zheng-stud.workers.dev/previews/cdl-000956,true,,待核实,false
cdl-000409,教会教义学精义,瑞士 巴特,,,,,中文,theology,教义,,,,5,,true,,待核实,false
cdl-001729,教会是什么,薛利,,,,,中文,theology,教会,,,,5,,true,,待核实,false
cdl-000410,教会杂志 12,,,,,,中文,theology,教会,,,,5,,true,,待核实,false
cdl-000411,教会杂志 13,,,,,,中文,theology,教会,,,https://christian-digital-library-assets.gioia-zheng-stud.workers.dev/covers/cdl-000411.jpg,5,https://christian-digital-library-assets.gioia-zheng-stud.workers.dev/previews/cdl-000411,true,,待核实,false
cdl-000412,教会杂志 14,,,,,,中文,theology,教会,,,https://christian-digital-library-assets.gioia-zheng-stud.workers.dev/covers/cdl-000412.jpg,5,https://christian-digital-library-assets.gioia-zheng-stud.workers.dev/previews/cdl-000412,true,,待核实,false
cdl-000413,教会杂志 15,,,,,,中文,theology,教会,,,,5,,true,,待核实,false
cdl-000414,教会杂志 16,,,,,,中文,theology,教会,,,,5,,true,,待核实,false
cdl-000415,教会杂志 17,,,,,,中文,theology,教会,,,https://christian-digital-library-assets.gioia-zheng-stud.workers.dev/covers/cdl-000415.jpg,5,https://christian-digital-library-assets.gioia-zheng-stud.workers.dev/previews/cdl-000415,true,,待核实,false
cdl-000416,教会杂志 18,,,,,,中文,theology,教会,,,https://christian-digital-library-assets.gioia-zheng-stud.workers.dev/covers/cdl-000416.jpg,5,https://christian-digital-library-assets.gioia-zheng-stud.workers.dev/previews/cdl-000416,true,,待核实,false
cdl-000417,教会杂志 19,,,,,,中文,theology,教会,,,,5,,true,,待核实,false
cdl-000418,教会杂志 30,,,,,,中文,theology,教会,,,,5,,true,,待核实,false
cdl-000419,教会杂志 31,,,,,,中文,theology,教会,,,https://christian-digital-library-assets.gioia-zheng-stud.workers.dev/covers/cdl-000419.jpg,5,https://christian-digital-library-assets.gioia-zheng-stud.workers.dev/previews/cdl-000419,true,,待核实,false
cdl-000420,教会杂志 32,,,,,,中文,theology,教会,,,https://christian-digital-library-assets.gioia-zheng-stud.workers.dev/covers/cdl-000420.jpg,5,https://christian-digital-library-assets.gioia-zheng-stud.workers.dev/previews/cdl-000420,true,,待核实,false
cdl-005246,教会生态学,林鸿信,,,,,中文,theology,教会,,,,5,,true,,待核实,false
cdl-000421,教会生活中的长老 重新发现合乎圣经的教会带领模式,费尔 牛顿和马太 舒马克 合,,,,,中文,bible-study,圣经,,,,5,,true,,待核实,false
cdl-005247,教会的六个标记,博爱思,,,,,中文,theology,教会,,,,5,,true,,待核实,false
cdl-000876,教会的本质与门徒之道,,,,,,中文,spiritual-life,门徒,,,https://christian-digital-library-assets.gioia-zheng-stud.workers.dev/covers/cdl-000876.jpg,5,https://christian-digital-library-assets.gioia-zheng-stud.workers.dev/previews/cdl-000876,true,,待核实,false
cdl-005248,教会的牧养事工 丹尼斯莫克,,,,,,中文,pastoral,牧养;事工,,,,5,,true,,待核实,false
cdl-001386,教会的诞生,,,,,,中文,theology,教会,,,,5,,true,,待核实,false
cdl-001403,教会至上与教皇至上,,,,,,中文,theology,教会,,,https://christian-digital-library-assets.gioia-zheng-stud.workers.dev/covers/cdl-001403.jpg,5,https://christian-digital-library-assets.gioia-zheng-stud.workers.dev/previews/cdl-001403,true,,待核实,false
cdl-002348,教会蓝图：从以弗所书看今日教会,杨宁亚,,,,,中文,bible-study,以弗所,,,,5,,true,,待核实,false
cdl-005249,教会行政管理学,苏文隆,,,,,中文,theology,教会,,,,5,,true,,待核实,false
cdl-005250,教会被掳于亚米念,吕沛渊,,,,,中文,theology,教会,,,,5,,true,,待核实,false
cdl-005251,教会被掳于巴比伦,马丁路德,,,,,中文,theology,教会,,,,5,,true,,待核实,false
cdl-000422,教会论,朴亨龙,,,,,中文,theology,教会,,,,5,,true,,待核实,false
cdl-005567,教会论,朴亨龙,,,,,中文,theology,教会,,,,5,,true,,待核实,false
cdl-005252,教会论(全球导览),卡维里,,,,,中文,theology,教会,,,,5,,true,,待核实,false
cdl-005253,教会论全球导览,卡维里,,,,,中文,theology,教会,,,,5,,true,,待核实,false
cdl-002173,教会读错圣经,莫伊 西拉,,,,,中文,bible-study,圣经,,,,5,,true,,待核实,false
cdl-001390,教会遭受困难,,,,,,中文,theology,教会,,,,5,,true,,待核实,false
cdl-001592,教会里的牧养辅导,鲜活故事,,,,,中文,pastoral,牧养;辅导,,,https://christian-digital-library-assets.gioia-zheng-stud.workers.dev/covers/cdl-001592.jpg,5,https://christian-digital-library-assets.gioia-zheng-stud.workers.dev/previews/cdl-001592,true,,待核实,false
cdl-005254,教会需要勇者,,,,,,中文,theology,教会,,,,5,,true,,待核实,false
cdl-005255,教会青年的关顾与辅导,保罗 伊尔文,,,,,中文,pastoral,辅导,,,,5,,true,,待核实,false
cdl-005256,教会领袖与冲突的应对,,,,,,中文,theology,教会,,,,5,,true,,待核实,false
cdl-000856,教你如何读懂圣经,李建安,,,,,中文,bible-study,圣经,,,https://christian-digital-library-assets.gioia-zheng-stud.workers.dev/covers/cdl-000856.jpg,5,https://christian-digital-library-assets.gioia-zheng-stud.workers.dev/previews/cdl-000856,true,,待核实,false
cdl-005257,教学与训练的设计,付理乐,,,,,中文,other,,,,,5,,true,,待核实,false
cdl-005258,教学的七大定律,葛理芬 高清,,,,,中文,other,,,,,5,,true,,待核实,false
cdl-005259,教学的七大定律,葛理芬,,,,,中文,other,,,,,5,,true,,待核实,false
cdl-000003,教导的原则与方法,,,,,,中文,other,,,,https://christian-digital-library-assets.gioia-zheng-stud.workers.dev/covers/cdl-000003.jpg,5,https://christian-digital-library-assets.gioia-zheng-stud.workers.dev/previews/cdl-000003,true,,待核实,false
cdl-005261,教我如何不信他,史普罗,,,,,中文,other,,,,,5,,true,,待核实,false
cdl-005260,教我如何不信他(史普罗),,,,,,中文,other,,,,,5,,true,,待核实,false
cdl-005262,教父及中世纪证道词,,,,,,中文,other,,,,,5,,true,,待核实,false
cdl-005263,教父学研究：文化视野下的教父哲学,王晓明,,,,,中文,culture-society,哲学;文化,,,,5,,true,,待核实,false
cdl-000423,教牧与教会,,,,,,中文,theology,教会,,,https://christian-digital-library-assets.gioia-zheng-stud.workers.dev/covers/cdl-000423.jpg,5,https://christian-digital-library-assets.gioia-zheng-stud.workers.dev/previews/cdl-000423,true,,待核实,false
cdl-005264,教牧与教会—张子华,,,,,,中文,theology,教会,,,,5,,true,,待核实,false
cdl-005268,教牧书信,张永信,,,,,中文,other,,,,,5,,true,,待核实,false
cdl-005269,教牧书信,白礼薇,,,,,中文,other,,,,,5,,true,,待核实,false
cdl-005265,教牧书信(国际释经应用系列),利斐特,,,,,中文,bible-study,释经,,,,5,,true,,待核实,false
cdl-001384,教牧书信(张永信),,,,,,中文,other,,,,https://christian-digital-library-assets.gioia-zheng-stud.workers.dev/covers/cdl-001384.jpg,5,https://christian-digital-library-assets.gioia-zheng-stud.workers.dev/previews/cdl-001384,true,,待核实,false
cdl-005270,教牧书信注释,,,,,,中文,bible-study,注释,,,,5,,true,,待核实,false
cdl-005271,教牧书信研经导读,,,,,,中文,bible-study,研经,,,,5,,true,,待核实,false
cdl-005272,教牧书信研经导读,,,,,,中文,bible-study,研经,,,,5,,true,,待核实,false
cdl-005273,教牧书信简释,,,,,,中文,other,,,,,5,,true,,待核实,false
cdl-005274,教牧伦理,唐佑之,,,,,中文,culture-society,伦理,,,,5,,true,,待核实,false
cdl-005275,教牧伦理,唐佑之,,,,,中文,culture-society,伦理,,,,5,,true,,待核实,false
cdl-005276,教牧伦理,唐佑之,,,,,中文,culture-society,伦理,,,,5,,true,,待核实,false
cdl-005277,教牧协谈概论,高集乐,,,,,中文,other,,,,,5,,true,,待核实,false
cdl-005278,教牧咨商,张宰金,,,,,中文,other,,,,,5,,true,,待核实,false
cdl-005279,教牧咨商,张宰金,,,,,中文,other,,,,,5,,true,,待核实,false
cdl-005280,教牧学导论,曾立华,,,,,中文,other,,,,,5,,true,,待核实,false
cdl-005281,教牧心理辅导,曹敏敬,,,,,中文,pastoral,辅导,,,,5,,true,,待核实,false
cdl-005282,教牧心理辅导,曹敏敬,,,,,中文,pastoral,辅导,,,,5,,true,,待核实,false
cdl-005283,教牧神学导论,,,,,,中文,theology,神学,,,,5,,true,,待核实,false
cdl-005284,教義學與詮釋學 林鸿信,,,,,,中文,theology,教義,,,,5,,true,,待核实,false
cdl-005285,教育使命概论—彭孝廉,,,,,,中文,culture-society,教育,,,,5,,true,,待核实,false
cdl-000424,教育大辞书,,,,,,中文,culture-society,教育,,,https://christian-digital-library-assets.gioia-zheng-stud.workers.dev/covers/cdl-000424.jpg,5,https://christian-digital-library-assets.gioia-zheng-stud.workers.dev/previews/cdl-000424,true,,待核实,false
cdl-005286,教育心理学：献给教师的书,,,,,,中文,culture-society,教育,,,,5,,true,,待核实,false
cdl-005287,敢于领导 约翰 哈该 如何战胜烦恼,之作者,,,,,中文,bible-study,哈该,,,,5,,true,,待核实,false
cdl-000425,敬拜与争战,魏德凯夫妇,,,,,中文,spiritual-life,敬拜,,,,5,,true,,待核实,false
cdl-005290,敬拜神学入门,丹尼斯·普鲁托,,,,,中文,theology,敬拜;神学,,,,5,,true,,待核实,false
cdl-005291,敬拜带领实用手册,,,,,,中文,pastoral,敬拜;赞美;带领;事奉,,,,5,,true,,待核实,false
cdl-002112,敬畏生命：生命、医学人人文关怀的对话,王一方,,,,,中文,other,,,,,5,,true,,待核实,false
cdl-005292,敬虔与圣洁生活的严肃呼召,劳威廉,,,,,中文,spiritual-life,圣洁;敬虔,,,,5,,true,,待核实,false
cdl-005293,敬虔生活原理,加尔文,,,,,中文,spiritual-life,敬虔,,,,5,,true,,待核实,false
cdl-000894,敬虔的家庭,,,,,,中文,family-ministry,家庭,,,,5,,true,,待核实,false
cdl-001989,文化：在宣教中缺少的一个环节,丹尼 特格,,,,,中文,missions,宣教,,,,5,,true,,待核实,false
cdl-000879,文化使命与新约的福音使命,,,,,,中文,bible-study,新约,,,https://christian-digital-library-assets.gioia-zheng-stud.workers.dev/covers/cdl-000879.jpg,5,https://christian-digital-library-assets.gioia-zheng-stud.workers.dev/previews/cdl-000879,true,,待核实,false
cdl-002610,文化情境中的生命伦理学,,,,,,中文,culture-society,文化;伦理,,,,5,,true,,待核实,false
cdl-005294,文化相遇的方法论：以17世纪中欧文化相遇为例,,,,,,中文,culture-society,文化,,,,5,,true,,待核实,false
cdl-002650,文化神学,,,,,,中文,theology,神学,,,,5,,true,,待核实,false
cdl-004227,文化艺术篇,基督宗教与中国,,,,,中文,culture-society,文化,,,,5,,true,,待核实,false
cdl-005295,文化讲道学,,,,,,中文,pastoral,讲道,,,,5,,true,,待核实,false
cdl-005296,文学释经系列：圣经诗歌导论,,,,,,中文,bible-study,圣经;释经,,,,5,,true,,待核实,false
cdl-000115,文艺复兴中的基督宗教与人文主义,何光沪,,,,,中文,theology,基督,,,https://christian-digital-library-assets.gioia-zheng-stud.workers.dev/covers/cdl-000115.jpg,5,https://christian-digital-library-assets.gioia-zheng-stud.workers.dev/previews/cdl-000115,true,,待核实,false
cdl-000426,文艺评论的实验 重译本,C S 路易斯,,,,,中文,other,,,,,5,,true,,待核实,false
cdl-005299,当代基督十架,斯托得,,,,,中文,theology,,,,,5,,true,,待核实,false
cdl-000446,无与伦比的基督（二）,约翰·斯托得,,,,,中文,theology,基督论;斯托得,,,,5,,true,,待核实,false
cdl-002195,斯托得研经材料：以弗所书,斯托得 John R W Stott,,,,,中文,bible-study,研经;以弗所,,,,5,,true,,待核实,false
cdl-005300,斯托得研经材料：使徒行传,,,,,,中文,bible-study,研经;使徒行传,,,,5,,true,,待核实,false
cdl-005301,斯托得研经材料：加拉太书,,,,,,中文,bible-study,研经;加拉太,,,,5,,true,,待核实,false
cdl-002192,斯托得研经材料：提摩太前书，提多书,斯托得 John R W Stott,,,,,中文,bible-study,研经;提摩太;提多书,,,,5,,true,,待核实,false
cdl-002188,斯托得研经材料：罗马书,斯托得,,,,,中文,bible-study,研经;罗马书,,,,5,,true,,待核实,false
cdl-000428,新妇代祷训练课程讲义：末世先锋训练营,,,,,,中文,spiritual-life,代祷;祷告;训练;属灵生命,,,https://christian-digital-library-assets.gioia-zheng-stud.workers.dev/covers/cdl-000428.jpg,5,https://christian-digital-library-assets.gioia-zheng-stud.workers.dev/previews/cdl-000428,true,,待核实,false
cdl-001757,新教伦理与资本主义精神,马克斯 韦伯,,,,,中文,culture-society,伦理,,,,5,,true,,待核实,false
cdl-005302,新教伦理与资本主义精神,韦伯,,,,,中文,culture-society,伦理,,,,5,,true,,待核实,false
cdl-002651,新教时代,,,,,,中文,other,,,,,5,,true,,待核实,false
cdl-001105,新旧约全景,概述,,,,,中文,bible-study,旧约,,,,5,,true,,待核实,false
cdl-001202,新旧约全景,概述,,,,,中文,bible-study,旧约,,,,5,,true,,待核实,false
cdl-005303,新旧约全景,,,,,,中文,bible-study,旧约,,,,5,,true,,待核实,false
cdl-005304,新旧约文学读经法,莱肯 朗文,,,,,中文,bible-study,旧约,,,,5,,true,,待核实,false
cdl-001859,新时代的华人神学,丘恩处,,,,,中文,theology,神学,,,https://christian-digital-library-assets.gioia-zheng-stud.workers.dev/covers/cdl-001859.jpg,5,https://christian-digital-library-assets.gioia-zheng-stud.workers.dev/previews/cdl-001859,true,,待核实,false
cdl-001365,新正统派的超越性,第三章 对临在性的反叛,,,,,中文,other,,,,,5,,true,,待核实,false
cdl-000429,新生命,慕安德烈,,,,,中文,spiritual-life,,,,,5,,true,,待核实,false
cdl-005305,新生命陪读本,,,,,,中文,other,,,,,5,,true,,待核实,false
cdl-005306,新生命陪读本,,,,,,中文,other,,,,,5,,true,,待核实,false
cdl-005307,新疆基督教史,,,,,,中文,theology,基督,,,,5,,true,,待核实,false
cdl-001739,新眼光读经：宁有真爱,蔡幸升 等,,,,,中文,spiritual-life,灵修;读经;爱,,,https://christian-digital-library-assets.gioia-zheng-stud.workers.dev/covers/cdl-001739.jpg,5,https://christian-digital-library-assets.gioia-zheng-stud.workers.dev/previews/cdl-001739,true,,待核实,false
cdl-005308,新約书卷详纲,,,,,,中文,bible-study,新約,,,,5,,true,,待核实,false
cdl-005309,新約导读,,,,,,中文,bible-study,新約,,,,5,,true,,待核实,false
cdl-005310,新約的聖經神學,簡體試讀本,,,,,中文,bible-study,聖經;新約,,,,5,,true,,待核实,false
cdl-005311,新約神學：保羅書信,,,,,,中文,bible-study,新約,,,,5,,true,,待核实,false
cdl-005313,新約與神的子民,赖特,,,,,中文,bible-study,新約,,,,5,,true,,待核实,false
cdl-005312,新約與神的子民(赖特),,,,,,中文,bible-study,新約,,,,5,,true,,待核实,false
cdl-000430,新约,,,,,,中文,bible-study,新约,,,,5,,true,,待核实,false
cdl-000431,新约入门,,,,,,中文,bible-study,新约;圣经导读,,,https://christian-digital-library-assets.gioia-zheng-stud.workers.dev/covers/cdl-000431.jpg,5,https://christian-digital-library-assets.gioia-zheng-stud.workers.dev/previews/cdl-000431,true,,待核实,false
cdl-005314,新约12课学生手册 圣经易读学校,李爱实,,,,,中文,reference,手册,,,,5,,true,,待核实,false
cdl-005315,新约与神的子民,赖特,,,,,中文,bible-study,新约,,,,5,,true,,待核实,false
cdl-001068,新约世界,,,,,,中文,bible-study,新约,,,https://christian-digital-library-assets.gioia-zheng-stud.workers.dev/covers/cdl-001068.jpg,5,https://christian-digital-library-assets.gioia-zheng-stud.workers.dev/previews/cdl-001068,true,,待核实,false
cdl-001821,新约中之旧约引据,华德凯瑟,,,,,中文,bible-study,旧约;新约,,,,5,,true,,待核实,false
cdl-002031,新约中之旧约引据,华德凯瑟 Walter C Kaiser,,,,,中文,bible-study,旧约;新约,,,,5,,true,,待核实,false
cdl-005316,新约中之旧约引据,华德凯瑟,,,,,中文,bible-study,旧约;新约,,,,5,,true,,待核实,false
cdl-005317,新约中的十字架,,,,,,中文,bible-study,新约,,,,5,,true,,待核实,false
cdl-001782,新约中的弥赛亚,孙得力,,,,,中文,bible-study,新约,,,,5,,true,,待核实,false
cdl-003338,新约中的福音,傅立德 上帝的自我介绍,,,,,中文,bible-study,新约,,,,5,,true,,待核实,false
cdl-001802,新约书信详解,陈终道,,,,,中文,bible-study,新约,,,,5,,true,,待核实,false
cdl-001804,新约书信读经讲义：下卷,陈终道,,,,,中文,bible-study,新约,,,https://christian-digital-library-assets.gioia-zheng-stud.workers.dev/covers/cdl-001804.jpg,5,https://christian-digital-library-assets.gioia-zheng-stud.workers.dev/previews/cdl-001804,true,,待核实,false
cdl-002391,新约书信读经讲义：哥林多后书,陈终道,,,,,中文,bible-study,新约;哥林多,,,,5,,true,,待核实,false
cdl-000626,新约书卷详纲,马有藻,,,,,中文,bible-study,新约,,,,5,,true,,待核实,false
cdl-000627,新约书卷详纲,马有藻,,,,,中文,bible-study,新约,,,https://christian-digital-library-assets.gioia-zheng-stud.workers.dev/covers/cdl-000627.jpg,5,https://christian-digital-library-assets.gioia-zheng-stud.workers.dev/previews/cdl-000627,true,,待核实,false
cdl-001554,新约书卷详纲,马有藻,,,,,中文,bible-study,新约,,,,5,,true,,待核实,false
cdl-005318,新约书卷详纲,马有藻,,,,,中文,bible-study,新约,,,,5,,true,,待核实,false
cdl-006905,新约书卷详纲,马有藻,,,,,中文,bible-study,新约,,,,5,,true,,待核实,false
cdl-001361,新约传抄,,,,,,中文,bible-study,新约,,,,5,,true,,待核实,false
cdl-000432,新约伦理,孙宝玲,,,,,中文,bible-study,新约,,,https://christian-digital-library-assets.gioia-zheng-stud.workers.dev/covers/cdl-000432.jpg,5,https://christian-digital-library-assets.gioia-zheng-stud.workers.dev/previews/cdl-000432,true,,待核实,false
cdl-005319,新约伦理(孙宝玲),,,,,,中文,bible-study,新约,,,,5,,true,,待核实,false
cdl-001457,新约保罗书信研究,,,,,,中文,bible-study,新约,,,,5,,true,,待核实,false
cdl-001838,新约信息,卜鲁斯,,,,,中文,bible-study,新约,,,,5,,true,,待核实,false
cdl-005320,新约信息精华,斯托得,,,,,中文,bible-study,新约,,,,5,,true,,待核实,false
cdl-005321,新约信息精华,斯托得,,,,,中文,bible-study,新约,,,,5,,true,,待核实,false
cdl-001827,新约信息精要：马有藻，张西平,,,,,,中文,bible-study,新约,,,https://christian-digital-library-assets.gioia-zheng-stud.workers.dev/covers/cdl-001827.jpg,5,https://christian-digital-library-assets.gioia-zheng-stud.workers.dev/previews/cdl-001827,true,,待核实,false
cdl-005322,新约卷6 罗马书诠释(新约神丛106),,,,,,中文,bible-study,新约;罗马书,,,,5,,true,,待核实,false
cdl-001794,新约历史,菲尔逊,,,,,中文,bible-study,新约,,,,5,,true,,待核实,false
cdl-001557,新约历史100步：新约精览（一）,,,,,,中文,bible-study,圣经;新约;新约导论;圣经历史,,,,5,,true,,待核实,false
cdl-002122,新约历史与宗教文化导论：黄锡木，孙宝玲，张略,,,,,,中文,bible-study,新约,,,,5,,true,,待核实,false
cdl-005323,新约历史与导论讲 义,,,,,,中文,bible-study,新约,,,,5,,true,,待核实,false
cdl-001829,新约原文字义,诚质怡,,,,,中文,bible-study,新约,,,,5,,true,,待核实,false
cdl-005324,新约史上册,,,,,,中文,bible-study,新约,,,,5,,true,,待核实,false
cdl-005325,新约史下册,,,,,,中文,bible-study,新约,,,,5,,true,,待核实,false
cdl-001218,新约启蒙故事（试读本）,,,,,,中文,bible-study,圣经;新约;启蒙;儿童,,,,5,,true,,待核实,false
cdl-000433,新约圣经中的主要地方,,,,,,中文,bible-study,圣经;新约,,,,1,,true,,待核实,false
cdl-000434,新约圣经中的主要地方,,,,,,中文,bible-study,圣经;新约,,,,1,,true,,待核实,false
cdl-005326,新约圣经入门,,,,,,中文,bible-study,圣经;新约,,,,5,,true,,待核实,false
cdl-002667,丁道尔：腓立比书——新约圣经注释,马挺（Ralph P. Martin）,马挺（Ralph P. Martin，1925-2013）是英国新约学者，曾任富勒神学院新约教授。他研究保罗书信、早期基督教敬拜和新约背景，著有《腓立比书》等注释作品。,刘良淑,校园书房出版社,1995,中文,bible-study,圣经;新约;注释;腓立比书;丁道尔;丁道尔新约圣经注释,本卷注释腓立比书，围绕福音同工、喜乐、谦卑与基督榜样，帮助读者理解保罗在困境中的盼望。,,,5,,true,,版权受保护,false
cdl-002144,新约圣经注释(简体字合订本),马唐纳,,,,,中文,bible-study,圣经;新约;注释,,,,5,,true,,待核实,false
cdl-002668,丁道尔：以弗所书——新约圣经注释,富克斯（Francis Foulkes）,富克斯（Francis Foulkes，1926-1997）是圣经学者，曾任纽西兰奥克兰大学 St. John's College 院长。他撰写《以弗所书》丁道尔新约注释，也著有福音书导读作品。,李永明,校园书房出版社,2002,中文,bible-study,圣经;新约;注释;以弗所书;丁道尔;丁道尔新约圣经注释,本卷注释以弗所书，帮助读者理解在基督里的身份、教会合一、新生活与属灵争战等主题。,,,5,,true,,版权受保护,false
cdl-002681,丁道尔：希伯来书——新约圣经注释,古特立（Donald Guthrie）,古特立（Donald Guthrie，1915-1992）是英国新约学者，长期任教于伦敦圣经学院，并曾任该院副院长。他著有《新约导论》《新约神学》及丁道尔新约注释中的《教牧书信》《希伯来书》。,校园编辑小组,校园书房出版社,1999,中文,bible-study,圣经;新约;注释;希伯来书;丁道尔;丁道尔新约圣经注释,本卷注释希伯来书，帮助读者理解基督的大祭司职分、新约的完全、信心与忍耐到底的呼召。,,,5,,true,,版权受保护,false
cdl-002680,丁道尔：帖撒罗尼迦前后书——新约圣经注释,莫理斯（Leon Morris）,莫理斯（Leon Morris，1914-2006）是澳大利亚新约学者，曾任墨尔本 Ridley College 校长。他长期研究福音书、保罗书信、救赎与十架神学，并担任丁道尔新约圣经注释总编辑。,杨传裕,校园书房出版社,1992,中文,bible-study,圣经;新约;注释;帖撒罗尼迦前后书;丁道尔;丁道尔新约圣经注释,本卷注释帖撒罗尼迦前后书，聚焦盼望、圣洁、主再来与教会在逼迫中的坚忍。,,,5,,true,,版权受保护,false
cdl-002669,丁道尔：彼得前书——新约圣经注释,顾韦恩（Wayne Grudem）,顾韦恩（Wayne Grudem）是美国福音派神学家，曾任三一福音神学院与凤凰城神学院教授。他研究新约、系统神学和圣经教义，著有《系统神学》及《彼得前书》丁道尔注释。,欧思真,校园书房出版社,1995,中文,bible-study,圣经;新约;注释;彼得前书;丁道尔;丁道尔新约圣经注释,本卷注释彼得前书，聚焦寄居者的身份、苦难中的盼望、圣洁生活与教会见证。,,,5,,true,,版权受保护,false
cdl-002670,丁道尔：歌罗西书、腓利门书——新约圣经注释,赖特（N. T. Wright）,赖特（N. T. Wright）是英国新约学者和神学家，曾任英国圣公会达勒姆主教，并任圣安德鲁斯大学新约与早期基督教研究教授。他的研究集中于耶稣、保罗和早期基督教。,贺安慈,校园书房出版社,1994,中文,bible-study,圣经;新约;注释;歌罗西书、腓利门书;丁道尔;丁道尔新约圣经注释,本卷合注歌罗西书与腓利门书，帮助读者看见基督的至高地位，以及福音如何改变人际关系与家庭生活。,,,5,,true,,版权受保护,false
cdl-002671,丁道尔：马太福音——新约圣经注释,法兰士（R. T. France）,法兰士（R. T. France，1938-2012）是英国新约学者和圣公会牧师，曾任牛津 Wycliffe Hall 院长。他长期研究福音书、耶稣研究和新约解经，著有《马太福音》等注释作品。,沈允,校园书房出版社,1996,中文,bible-study,圣经;新约;注释;马太福音;丁道尔;丁道尔新约圣经注释,本卷注释马太福音，帮助读者理解马太如何见证耶稣是弥赛亚君王，并说明天国、门徒和旧约应验等主题。,,,5,,true,,版权受保护,false
cdl-002672,丁道尔：哥林多前书——新约圣经注释,莫理斯（Leon Morris）,莫理斯（Leon Morris，1914-2006）是澳大利亚新约学者，曾任墨尔本 Ridley College 校长。他长期研究福音书、保罗书信、救赎与十架神学，并担任丁道尔新约圣经注释总编辑。,蒋黄心湄,校园书房出版社,1992,中文,bible-study,圣经;新约;注释;哥林多前书;丁道尔;丁道尔新约圣经注释,本卷注释哥林多前书，处理教会分门、圣洁、敬拜、属灵恩赐和复活盼望等议题，帮助读者看见福音对教会生活的塑造。,,,5,,true,,版权受保护,false
cdl-002673,丁道尔：雅各书——新约圣经注释,穆尔（Douglas J. Moo）,穆尔（Douglas J. Moo）是新约学者，曾任惠顿学院研究院新约教授，并长期参与新国际版圣经修订委员会。他撰写多部新约注释，研究重点包括保罗书信、普通书信、解经与神学之间的关系。,贺安慈,校园书房出版社,1988,中文,bible-study,圣经;新约;注释;雅各书;丁道尔;丁道尔新约圣经注释,本卷注释雅各书，从智慧、试炼、舌头、怜悯和行为等主题入手，帮助读者理解信心如何在生活中显明。,,,5,,true,,版权受保护,false
cdl-001837,新约圣经神学,任炎林,,,,,中文,bible-study,圣经;新约,,,,5,,true,,待核实,false
cdl-005327,新约圣经背景,季纳,,,,,中文,bible-study,圣经;新约,,,,5,,true,,待核实,false
cdl-000435,新约圣经背景注释,季纳,,,,,中文,bible-study,圣经;新约;注释,,,,0,,true,,待核实,false
cdl-005328,新约圣经背景注释,,,,,,中文,bible-study,圣经;新约;注释,,,,5,,true,,待核实,false
cdl-005329,新约圣经背景注释（二）,克雷格·基纳,,,,,中文,bible-study,圣经;新约;背景注释;注释,,,,5,,true,,待核实,false
cdl-005330,新约圣经背景注释ok,,,,,,中文,bible-study,圣经;新约;注释,,,,5,,true,,待核实,false
cdl-005331,新约圣经透视154-407,,,,,,中文,bible-study,圣经;新约,,,,5,,true,,待核实,false
cdl-005332,新约圣经透视52-129,,,,,,中文,bible-study,圣经;新约,,,,5,,true,,待核实,false
cdl-001824,新约圣经问题总解,李道生,,,,,中文,bible-study,圣经;新约,,,https://christian-digital-library-assets.gioia-zheng-stud.workers.dev/covers/cdl-001824.jpg,5,https://christian-digital-library-assets.gioia-zheng-stud.workers.dev/previews/cdl-001824,true,,待核实,false
cdl-005333,新约宗览,,,,,,中文,bible-study,新约,,,,5,,true,,待核实,false
cdl-005334,新约导览,,,,,,中文,bible-study,新约,,,,5,,true,,待核实,false
cdl-001823,新约导论,米勒尔,,,,,中文,bible-study,新约,,,https://christian-digital-library-assets.gioia-zheng-stud.workers.dev/covers/cdl-001823.jpg,5,https://christian-digital-library-assets.gioia-zheng-stud.workers.dev/previews/cdl-001823,true,,待核实,false
cdl-002178,新约导论,麦资基,,,,,中文,bible-study,新约,,,,5,,true,,待核实,false
cdl-005335,新约导论,,,,,,中文,bible-study,新约,,,,5,,true,,待核实,false
cdl-001832,新约导读,蔡咏春,,,,,中文,bible-study,新约,,,https://christian-digital-library-assets.gioia-zheng-stud.workers.dev/covers/cdl-001832.jpg,5,https://christian-digital-library-assets.gioia-zheng-stud.workers.dev/previews/cdl-001832,true,,待核实,false
cdl-005336,新约导读,马有藻 张西平,,,,,中文,bible-study,新约,,,,5,,true,,待核实,false
cdl-005337,新约希腊文 十七堂课,,,,,,中文,bible-study,新约,,,,5,,true,,待核实,false
cdl-001145,新约希腊文读本,傅约翰,,,,,中文,bible-study,新约,,,,5,,true,,待核实,false
cdl-002438,新约希腊文轻松读2,许宏度,,,,,中文,bible-study,新约,,,,5,,true,,待核实,false
cdl-005338,新约引用旧约 上,,,,,,中文,bible-study,旧约;新约,,,,5,,true,,待核实,false
cdl-001706,新约引用旧约（上）,G. K. 毕尔;D. A. 卡森,,,,,中文,bible-study,圣经;新约;旧约;圣经神学;释经,,,,5,,true,,待核实,false
cdl-005339,新约引用旧约(下册),,,,,,中文,bible-study,旧约;新约,,,,5,,true,,待核实,false
cdl-001146,新约引用旧约上,毕尔 卡森,,,,,中文,bible-study,旧约;新约,,,,5,,true,,待核实,false
cdl-001147,新约引用旧约下,毕尔 卡森,,,,,中文,bible-study,旧约;新约,,,https://christian-digital-library-assets.gioia-zheng-stud.workers.dev/covers/cdl-001147.jpg,5,https://christian-digital-library-assets.gioia-zheng-stud.workers.dev/previews/cdl-001147,true,,待核实,false
cdl-005340,新约总论,黄彼得,,,,,中文,bible-study,新约,,,,5,,true,,待核实,false
cdl-002359,新约文学与神学：后期著作及背景：亚德迈耶、格林、汤玛恩,,,,,,中文,bible-study,新约,,,,5,,true,,待核实,false
cdl-002278,新约文学与神学：四福音及耶稣：亚德迈耶，格林，汤玛恩,,,,,,中文,bible-study,新约,,,,0,,true,,待核实,false
cdl-005341,新约文学与神学保罗及其书信,,,,,,中文,bible-study,新约,,,,5,,true,,待核实,false
cdl-005342,新约文学释经：马可、腓立比、雅各书,,,,,,中文,bible-study,新约;释经;腓立比,,,,5,,true,,待核实,false
cdl-001810,新约文学释经：马可福音，腓立比书，雅各布书,麦启新,,,,,中文,bible-study,新约;释经;马可福音,,,,5,,true,,待核实,false
cdl-005343,新约文学释经马、腓、雅,,,,,,中文,bible-study,新约;释经,,,,5,,true,,待核实,false
cdl-000436,新约文献与历史导论,J. 格雷山姆·梅钦（J. Gresham Machen）,,杨华明,上海人民出版社,2008,中文,bible-study,新约;圣经研究;圣经导论;当代西方圣经研究译丛,,,https://christian-digital-library-assets.gioia-zheng-stud.workers.dev/covers/cdl-000436.jpg,5,https://christian-digital-library-assets.gioia-zheng-stud.workers.dev/previews/cdl-000436,true,,待核实,false
cdl-000437,新约文献与历史导论,J. 格雷山姆·梅钦（J. Gresham Machen）,,杨华明,上海人民出版社,2008,中文,bible-study,新约;圣经研究;圣经导论;当代西方圣经研究译丛,,,,5,,true,,待核实,false
cdl-005344,新约文献与历史导论,J. 格雷山姆·梅钦（J. Gresham Machen）,,杨华明,上海人民出版社,2008,中文,bible-study,新约;圣经研究;圣经导论;当代西方圣经研究译丛,,,,5,,true,,待核实,false
cdl-005345,新约文献与历史导论,J. 格雷山姆·梅钦（J. Gresham Machen）,,杨华明,上海人民出版社,2008,中文,bible-study,新约;圣经研究;圣经导论;当代西方圣经研究译丛,,,,5,,true,,待核实,false
cdl-000976,新约概论,,,,,,中文,bible-study,新约,,,https://christian-digital-library-assets.gioia-zheng-stud.workers.dev/covers/cdl-000976.jpg,5,https://christian-digital-library-assets.gioia-zheng-stud.workers.dev/previews/cdl-000976,true,,待核实,false
cdl-001819,新约概论,周联华,,,,,中文,bible-study,新约,,,https://christian-digital-library-assets.gioia-zheng-stud.workers.dev/covers/cdl-001819.jpg,5,https://christian-digital-library-assets.gioia-zheng-stud.workers.dev/previews/cdl-001819,true,,待核实,false
cdl-002100,新约概论,马有藻,,,,,中文,bible-study,新约,,,,5,,true,,待核实,false
cdl-005346,新约概论,,,,,,中文,bible-study,新约,,,,5,,true,,待核实,false
cdl-005347,新约正典形成阶段之范围(表),,,,,,中文,bible-study,新约,,,,5,,true,,待核实,false
cdl-000984,新约正典的起源发展和意义,,,,,,中文,bible-study,新约,,,https://christian-digital-library-assets.gioia-zheng-stud.workers.dev/covers/cdl-000984.jpg,5,https://christian-digital-library-assets.gioia-zheng-stud.workers.dev/previews/cdl-000984,true,,待核实,false
cdl-001275,新约浅说,,,,,,中文,bible-study,新约,,,https://christian-digital-library-assets.gioia-zheng-stud.workers.dev/covers/cdl-001275.jpg,5,https://christian-digital-library-assets.gioia-zheng-stud.workers.dev/previews/cdl-001275,true,,待核实,false
cdl-001826,新约珠玑集,亨特,,,,,中文,bible-study,新约,,,,5,,true,,待核实,false
cdl-005349,新约的世界图景逻辑 第1卷 引论 新约的历史逻辑,,,,,,中文,bible-study,新约,,,,5,,true,,待核实,false
cdl-000954,新约的传说,,,,,,中文,bible-study,新约,,,,5,,true,,待核实,false
cdl-000438,新约的圣经神学,毕尔,,,,,中文,bible-study,圣经;新约,,,,5,,true,,待核实,false
cdl-001830,新约研究指南,周天和,,,,,中文,bible-study,新约,,,,5,,true,,待核实,false
cdl-005350,新约研究指南,周天和,,,,,中文,bible-study,新约,,,,5,,true,,待核实,false
cdl-005351,新约研究指南,,,,,,中文,bible-study,新约,,,,5,,true,,待核实,false
cdl-001822,新约研究透视,黄锡木,,,,,中文,bible-study,新约,,,,5,,true,,待核实,false
cdl-005352,新约研究透视,黄锡木 清晰,,,,,中文,bible-study,新约,,,,5,,true,,待核实,false
cdl-005353,新约研究透视,黄锡木,,,,,中文,bible-study,新约,,,,5,,true,,待核实,false
cdl-000439,新约神学,马歇尔,,,,,中文,bible-study,新约,,,https://christian-digital-library-assets.gioia-zheng-stud.workers.dev/covers/cdl-000439.jpg,5,https://christian-digital-library-assets.gioia-zheng-stud.workers.dev/previews/cdl-000439,true,,待核实,false
cdl-005354,新约神学,马歇尔,,,,,中文,bible-study,新约,,,,5,,true,,待核实,false
cdl-005355,新约神学,马歇尔,,,,,中文,bible-study,新约,,,,5,,true,,待核实,false
cdl-002201,新约神学(上),赖德,,,,,中文,bible-study,新约,,,,5,,true,,待核实,false
cdl-002202,新约神学(下),赖德,,,,,中文,bible-study,新约,,,,5,,true,,待核实,false
cdl-005356,新约神学导论,詹姆斯·邓恩,,,,,中文,theology,新约神学;圣经神学;新约,,,,5,,true,,待核实,false
cdl-001835,新约神学精要,陈济民,,,,,中文,bible-study,新约,,,https://christian-digital-library-assets.gioia-zheng-stud.workers.dev/covers/cdl-001835.jpg,5,https://christian-digital-library-assets.gioia-zheng-stud.workers.dev/previews/cdl-001835,true,,待核实,false
cdl-005357,新约福音讲章,钟马田,,,,,中文,bible-study,新约,,,,5,,true,,待核实,false
cdl-004313,新约篇：第1册,基督教典外文献,,,,,中文,bible-study,新约,,,,5,,true,,待核实,false
cdl-004314,新约篇：第2册,基督教典外文献,,,,,中文,bible-study,新约,,,,5,,true,,待核实,false
cdl-004315,新约篇：第3册,基督教典外文献,,,,,中文,bible-study,新约,,,,5,,true,,待核实,false
cdl-004316,新约篇：第4册,基督教典外文献,,,,,中文,bible-study,新约,,,,5,,true,,待核实,false
cdl-000440,新约精览,詹逊,,,,,中文,bible-study,新约,,,https://christian-digital-library-assets.gioia-zheng-stud.workers.dev/covers/cdl-000440.jpg,5,https://christian-digital-library-assets.gioia-zheng-stud.workers.dev/previews/cdl-000440,true,,待核实,false
cdl-005360,新约精览,,,,,,中文,bible-study,新约,,,,5,,true,,待核实,false
cdl-005358,新约精览 四 提摩太前书至启示录,,,,,,中文,bible-study,新约;提摩太;启示录,,,,5,,true,,待核实,false
cdl-005359,新约精览(一),,,,,,中文,bible-study,新约,,,,5,,true,,待核实,false
cdl-005361,新约精览2(四福音及使徒行传),,,,,,中文,bible-study,新约;使徒行传,,,,5,,true,,待核实,false
cdl-005362,新约精览3(罗 帖后、门),,,,,,中文,bible-study,新约,,,,5,,true,,待核实,false
cdl-005363,新约精览4(提前 多、来 启),,,,,,中文,bible-study,新约,,,,5,,true,,待核实,false
cdl-005364,新约纵览图卡全集,,,,,,中文,bible-study,新约,,,,5,,true,,待核实,false
cdl-001797,新约经文鉴别学,麦子格,,,,,中文,bible-study,新约,,,,5,,true,,待核实,false
cdl-002127,新约经文鉴别学,麦子格,,,,,中文,bible-study,新约,,,,5,,true,,待核实,false
cdl-005365,新约经文鉴别学,麦子格,,,,,中文,bible-study,新约,,,,5,,true,,待核实,false
cdl-005366,新约经文鉴别学概论,黄锡木,,,,,中文,bible-study,新约,,,,5,,true,,待核实,false
cdl-002114,新约综览,滕慕理,,,,,中文,bible-study,新约,,,,5,,true,,待核实,false
cdl-005368,新约综览,腾慕理,,,,,中文,bible-study,新约,,,,5,,true,,待核实,false
cdl-005367,新约综览(讲义),,,,,,中文,bible-study,新约,,,,5,,true,,待核实,false
cdl-000441,新约背景,陈润堂,,,,,中文,bible-study,新约,,,,5,,true,,待核实,false
cdl-001067,新约背景,,,,,,中文,bible-study,新约,,,https://christian-digital-library-assets.gioia-zheng-stud.workers.dev/covers/cdl-001067.jpg,5,https://christian-digital-library-assets.gioia-zheng-stud.workers.dev/previews/cdl-001067,true,,待核实,false
cdl-002093,新约背景,陈润棠,,,,,中文,bible-study,新约,,,,5,,true,,待核实,false
cdl-002111,新约背景,滕慕理,,,,,中文,bible-study,新约,,,,5,,true,,待核实,false
cdl-002446,新约背景,陈润棠,,,,,中文,bible-study,新约,,,,0,,true,,待核实,false
cdl-002447,新约背景,陈润棠,,,,,中文,bible-study,新约,,,,5,,true,,待核实,false
cdl-005369,新约背景,陈润棠,,,,,中文,bible-study,新约,,,,5,,true,,待核实,false
cdl-005370,新约背景,,,,,,中文,bible-study,新约,,,,5,,true,,待核实,false
cdl-002419,新约背景与年代表,韦恩 郝思 H Wayne House,,,,,中文,bible-study,新约,,,,5,,true,,待核实,false
cdl-005371,新约背景与年代表,郝思韦恩,,,,,中文,bible-study,新约,,,,5,,true,,待核实,false
cdl-002165,新约背景文献选辑,黄锡木,,,,,中文,bible-study,新约,,,,5,,true,,待核实,false
cdl-005372,新约背景文献选辑,,,,,,中文,bible-study,新约,,,,5,,true,,待核实,false
cdl-005373,新约背景注释,,,,,,中文,bible-study,新约;注释,,,,5,,true,,待核实,false
cdl-000442,新约解经式讲道,李斐德,,,,,中文,bible-study,新约;解经,,,,5,,true,,待核实,false
cdl-001960,新约解经式讲道,李斐德,,,,,中文,bible-study,新约;解经,,,,5,,true,,待核实,false
cdl-005374,新约解经式讲道,李斐德,,,,,中文,bible-study,新约;解经,,,,5,,true,,待核实,false
cdl-005375,新约解经式讲道,李斐德,,,,,中文,bible-study,新约;解经,,,,5,,true,,待核实,false
cdl-002425,新约解经手册,戈登费依,,,,,中文,reference,手册,,,,5,,true,,待核实,false
cdl-005376,新约解经手册,戈登 费依,,,,,中文,reference,手册,,,,5,,true,,待核实,false
cdl-005377,新约诠释指南,施赖纳,,,,,中文,bible-study,新约,,,,5,,true,,待核实,false
cdl-005378,新约透析,Elwell,,,,,中文,bible-study,新约,,,,5,,true,,待核实,false
cdl-002181,新约速读手册(简体版):蔡春曦，蔡黄玉珍,,,,,,中文,reference,手册,,,,0,,true,,待核实,false
cdl-005379,新约遍览,,,,,,中文,bible-study,新约,,,,5,,true,,待核实,false
cdl-005380,新约鉴别学手册,曾思瀚,,,,,中文,reference,手册,,,,5,,true,,待核实,false
cdl-005381,新约鉴别学手册,曾思瀚,,,,,中文,reference,手册,,,,5,,true,,待核实,false
cdl-005382,新约鉴别学概论,黄锡木,,,,,中文,bible-study,新约,,,,5,,true,,待核实,false
cdl-005383,新纪元的陷阱,张逸萍,,,,,中文,other,,,,,5,,true,,待核实,false
cdl-005384,新纪元答问,卜勒逊,,,,,中文,other,,,,,5,,true,,待核实,false
cdl-005385,新编旧约综览,,,,,,中文,bible-study,旧约,,,,5,,true,,待核实,false
cdl-002235,新造的人：属灵人的印记,卢云,,,,,中文,spiritual-life,属灵,,,,5,,true,,待核实,false
cdl-000444,新铁证待判,麦道卫,,,,,中文,other,,,,https://christian-digital-library-assets.gioia-zheng-stud.workers.dev/covers/cdl-000444.jpg,5,https://christian-digital-library-assets.gioia-zheng-stud.workers.dev/previews/cdl-000444,true,,待核实,false
cdl-005386,新铁证待判,,,,,,中文,other,,,,,5,,true,,待核实,false
cdl-002211,约翰：施洗者,F. B. 麦尔,,,,,中文,spiritual-life,约翰;施洗约翰;圣经人物;灵修,,,,5,,true,,待核实,false
cdl-005387,施莱尔马赫 论宗教,,,,,,中文,culture-society,宗教,,,,5,,true,,待核实,false
cdl-001792,旅向亚洲的神学：一个本色化神学的探讨,黄伯和,,,,,中文,theology,神学,,,https://christian-digital-library-assets.gioia-zheng-stud.workers.dev/covers/cdl-001792.jpg,5,https://christian-digital-library-assets.gioia-zheng-stud.workers.dev/previews/cdl-001792,true,,待核实,false
cdl-000445,无与伦比的基督,斯托得,,,,,中文,theology,基督,,,,5,,true,,待核实,false
cdl-005388,无事生非,威廉·莎士比亚,,,,,英文,culture-society,文学;戏剧;莎士比亚,莎士比亚喜剧作品，围绕误会、爱情与语言机锋展开。,,,5,,true,,待核实,false
cdl-005389,无以伦比的恩典,,,,,,中文,theology,恩典,,,,5,,true,,待核实,false
cdl-001762,无价的珍珠：路得记,蔡忠梅,,,,,中文,bible-study,路得记,,,,0,,true,,待核实,false
cdl-002087,无尽的一章,陶恕,,,,,中文,other,,,,,5,,true,,待核实,false
cdl-005390,无尽的一章,陶恕,,,,,中文,other,,,,,5,,true,,待核实,false
cdl-005391,无形的宗教,,,,,,中文,culture-society,宗教,,,,5,,true,,待核实,false
cdl-005392,无形的宗教,现代社会中的宗教问题,,,,,中文,culture-society,宗教,,,,5,,true,,待核实,false
cdl-000447,无形的宗教 现代社会中的宗教问题,卢克曼,,,,,中文,culture-society,社会;宗教,,,https://christian-digital-library-assets.gioia-zheng-stud.workers.dev/covers/cdl-000447.jpg,5,https://christian-digital-library-assets.gioia-zheng-stud.workers.dev/previews/cdl-000447,true,,待核实,false
cdl-002083,无惧的见证,白立德,,,,,中文,other,,,,,5,,true,,待核实,false
cdl-005393,无所不在的上帝,卡尔 巴特,,,,,中文,theology,上帝,,,,5,,true,,待核实,false
cdl-001940,无能者的大能,温伟耀,,,,,中文,other,,,,,5,,true,,待核实,false
cdl-000448,无语问上帝,杨腓力,,,,,中文,theology,上帝,,,https://christian-digital-library-assets.gioia-zheng-stud.workers.dev/covers/cdl-000448.jpg,5,https://christian-digital-library-assets.gioia-zheng-stud.workers.dev/previews/cdl-000448,true,,待核实,false
cdl-005394,无语问上帝,,,,,,中文,theology,上帝,,,,5,,true,,待核实,false
cdl-000449,无误圣经,林慈信,,,,,中文,bible-study,圣经,,,,5,,true,,待核实,false
cdl-005395,无边 诗篇,,,,,,中文,bible-study,诗篇,,,,5,,true,,待核实,false
cdl-005396,日光之上,,,,,,中文,other,,,,,5,,true,,待核实,false
cdl-002113,日日新：四旬期平日读经默想,Megan Mckenna,,,,,中文,other,,,,,5,,true,,待核实,false
cdl-002572,旧約聖經神學及結構分析讀本,李保羅,,,,,中文,bible-study,聖經,,,,5,,true,,待核实,false
cdl-000450,旧约中的民俗,,,,,,中文,bible-study,旧约;民俗;历史背景,,,,5,,true,,待核实,false
cdl-000451,旧约,,,,,,中文,bible-study,旧约,,,https://christian-digital-library-assets.gioia-zheng-stud.workers.dev/covers/cdl-000451.jpg,5,https://christian-digital-library-assets.gioia-zheng-stud.workers.dev/previews/cdl-000451,true,,待核实,false
cdl-000452,旧约入门,,,,,,中文,bible-study,旧约;圣经导读,,,https://christian-digital-library-assets.gioia-zheng-stud.workers.dev/covers/cdl-000452.jpg,5,https://christian-digital-library-assets.gioia-zheng-stud.workers.dev/previews/cdl-000452,true,,待核实,false
cdl-000588,旧约中的燔祭,,,,,,中文,bible-study,旧约;献祭;圣经研究,,,https://christian-digital-library-assets.gioia-zheng-stud.workers.dev/covers/cdl-000588.jpg,4,https://christian-digital-library-assets.gioia-zheng-stud.workers.dev/previews/cdl-000588,true,,待核实,false
cdl-005397,旧约 圣经各卷 写作背景,,,,,,中文,bible-study,圣经;旧约,,,,5,,true,,待核实,false
cdl-005398,旧约 神学 从导论到方法论,黄仪章,,,,,中文,bible-study,旧约,,,,5,,true,,待核实,false
cdl-005399,旧约 神学 从导论到方法论,黄仪章,,,,,中文,bible-study,旧约,,,,5,,true,,待核实,false
cdl-005400,旧约12课学生手册 圣经易读学校,李爱实,,,,,中文,reference,手册,,,,5,,true,,待核实,false
cdl-001692,旧约》中的民俗,弗雷泽,,,,,中文,bible-study,旧约,,,https://christian-digital-library-assets.gioia-zheng-stud.workers.dev/covers/cdl-001692.jpg,5,https://christian-digital-library-assets.gioia-zheng-stud.workers.dev/previews/cdl-001692,true,,待核实,false
cdl-005401,旧约中的先知：上帝的代言人,,,,,,中文,bible-study,旧约,,,,5,,true,,待核实,false
cdl-005402,旧约中的弥赛亚语言,,,,,,中文,bible-study,旧约,,,,5,,true,,待核实,false
cdl-005403,旧约中的祷告,,,,,,中文,bible-study,旧约,,,,5,,true,,待核实,false
cdl-005404,旧约主题脉络要义(一):摩西五经,,,,,,中文,bible-study,旧约,,,,5,,true,,待核实,false
cdl-005405,旧约事迹精览,,,,,,中文,bible-study,旧约,,,,5,,true,,待核实,false
cdl-002022,旧约伦理学探讨,华德凯瑟,,,,,中文,bible-study,旧约,,,,5,,true,,待核实,false
cdl-005406,旧约伦理学探讨,华德凯瑟 不错,,,,,中文,bible-study,旧约,,,,5,,true,,待核实,false
cdl-005407,旧约伦理学探讨,华德凯瑟,,,,,中文,bible-study,旧约,,,,5,,true,,待核实,false
cdl-001362,旧约先知书导论,傅理曼,,,,,中文,bible-study,旧约,,,,5,,true,,待核实,false
cdl-002036,旧约先知书导论,傅理曼,,,,,中文,bible-study,旧约,,,,5,,true,,待核实,false
cdl-005409,旧约先知书导论,傅理曼,,,,,中文,bible-study,旧约,,,,5,,true,,待核实,false
cdl-005410,旧约先知书导论,傅理曼,,,,,中文,bible-study,旧约,,,,5,,true,,待核实,false
cdl-005408,旧约先知书导论(华神),傅理曼,,,,,中文,bible-study,旧约,,,,5,,true,,待核实,false
cdl-001061,旧约先知书概论,,,,,,中文,bible-study,旧约,,,,5,,true,,待核实,false
cdl-005411,旧约先知书概论,,,,,,中文,bible-study,旧约,,,,5,,true,,待核实,false
cdl-005412,旧约先知书概论,,,,,,中文,bible-study,旧约,,,,5,,true,,待核实,false
cdl-005413,旧约先知书概论,范甘麦伦,,,,,中文,bible-study,旧约,,,,5,,true,,待核实,false
cdl-000973,旧约先知书概论：范甘麦伦,,,,,,中文,bible-study,旧约,,,,5,,true,,待核实,false
cdl-005414,旧约先知书概论,范甘麦伦,,,,,中文,bible-study,旧约,,,,5,,true,,待核实,false
cdl-005415,旧约先知书要领,,,,,,中文,bible-study,旧约,,,,5,,true,,待核实,false
cdl-005416,旧约卷1 圣经学导论(神丛94),,,,,,中文,bible-study,圣经;旧约,,,,5,,true,,待核实,false
cdl-001214,旧约历史书导论,David M Howard Jr,,,,,中文,bible-study,旧约,,,,5,,true,,待核实,false
cdl-005417,旧约历史书导论,David M Howard Jr,,,,,中文,bible-study,旧约,,,,5,,true,,待核实,false
cdl-005418,旧约历史和神学课程,,,,,,中文,bible-study,旧约,,,,5,,true,,待核实,false
cdl-005419,旧约史上册,,,,,,中文,bible-study,旧约,,,,5,,true,,待核实,false
cdl-005420,旧约史下册,,,,,,中文,bible-study,旧约,,,,5,,true,,待核实,false
cdl-005421,旧约史书,,,,,,中文,bible-study,旧约,,,,5,,true,,待核实,false
cdl-005422,旧约史书,,,,,,中文,bible-study,旧约,,,,5,,true,,待核实,false
cdl-005423,旧约各书卷导论与神学文章（新译本研读本）,,,,,,中文,bible-study,旧约;导论;圣经神学;研读本,,,,5,,true,,待核实,false
cdl-005424,旧约启示的轨迹,立约的神 汪川生,,,,,中文,bible-study,旧约,,,,5,,true,,待核实,false
cdl-000453,旧约启蒙故事,大卫 赫姆,,,,,中文,bible-study,旧约,,,,5,,true,,待核实,false
cdl-005425,旧约困语注释,马有藻,,,,,中文,bible-study,旧约;注释,,,,5,,true,,待核实,false
cdl-001560,旧约困语诠释,解开发光的话,,,,,中文,bible-study,旧约,,,https://christian-digital-library-assets.gioia-zheng-stud.workers.dev/covers/cdl-001560.jpg,5,https://christian-digital-library-assets.gioia-zheng-stud.workers.dev/previews/cdl-001560,true,,待核实,false
cdl-005426,旧约圣经(希伯来文),,,,,,中文,bible-study,圣经;旧约,,,,5,,true,,待核实,false
cdl-005427,旧约圣经概论,,,,,,中文,bible-study,圣经;旧约,,,,5,,true,,待核实,false
cdl-002396,旧约圣经注释：约伯记,纪博逊,,,,,中文,bible-study,圣经;旧约;注释,,,,5,,true,,待核实,false
cdl-005428,旧约圣经注释全(繁体),,,,,,中文,bible-study,圣经;旧约;注释,,,,5,,true,,待核实,false
cdl-001737,旧约圣经研读,黄业强,,,,,中文,bible-study,圣经;旧约,,,,5,,true,,待核实,false
cdl-005429,旧约圣经神学之邀,,,,,,中文,bible-study,圣经;旧约,,,,5,,true,,待核实,false
cdl-005431,旧约圣经背景注释,华尔顿 麦修斯 夏瓦拉斯,,,,,中文,bible-study,圣经;旧约;注释,,,,5,,true,,待核实,false
cdl-005432,旧约圣经背景注释,,,,,,中文,bible-study,圣经;旧约;注释,,,,5,,true,,待核实,false
cdl-005430,旧约圣经背景注释 克雷格 S,季纳,,,,,中文,bible-study,圣经;旧约;注释,,,,5,,true,,待核实,false
cdl-005433,旧约圣经背景注释ok,,,,,,中文,bible-study,圣经;旧约;注释,,,,5,,true,,待核实,false
cdl-002335,旧约圣经问题总解(上),李道生,,,,,中文,bible-study,圣经;旧约,,,,5,,true,,待核实,false
cdl-002336,旧约圣经问题总解(下)李道生,,,,,,中文,bible-study,圣经;旧约,,,,5,,true,,待核实,false
cdl-005434,旧约学入门,,,,,,中文,bible-study,旧约,,,,5,,true,,待核实,false
cdl-005435,旧约导览,,,,,,中文,bible-study,旧约,,,,5,,true,,待核实,false
cdl-002104,旧约导论,杨以德,,,,,中文,bible-study,旧约,,,,5,,true,,待核实,false
cdl-005436,旧约导论,,,,,,中文,bible-study,旧约,,,,5,,true,,待核实,false
cdl-005437,旧约导论 北大,,,,,,中文,bible-study,旧约,,,,5,,true,,待核实,false
cdl-005438,旧约导论,马有藻;张西平,,,,,中文,bible-study,圣经;旧约;导论,,,,5,,true,,待核实,false
cdl-005439,旧约导读,马有藻 张西平,,,,,中文,bible-study,旧约,,,,5,,true,,待核实,false
cdl-005440,旧约导读,马有藻 张西平,,,,,中文,bible-study,旧约,,,,5,,true,,待核实,false
cdl-005441,旧约导读,马有藻 张西平,,,,,中文,bible-study,旧约,,,,5,,true,,待核实,false
cdl-001029,旧约导读：上,,,,,,中文,bible-study,旧约,,,,5,,true,,待核实,false
cdl-001030,旧约导读：下,,,,,,中文,bible-study,旧约,,,,5,,true,,待核实,false
cdl-005442,旧约希腊文字汇,,,,,,中文,bible-study,旧约,,,,0,,true,,待核实,false
cdl-001062,旧约摩西五经导论,约特汉弥顿,,,,,中文,bible-study,旧约,,,,5,,true,,待核实,false
cdl-005443,旧约摩西五经导论,约特汉弥顿,,,,,中文,bible-study,旧约,,,,5,,true,,待核实,false
cdl-005444,旧约摩西五经导论,约特汉弥顿,,,,,中文,bible-study,旧约,,,,5,,true,,待核实,false
cdl-005448,旧约文学与神学：五经,,,,,,中文,bible-study,旧约,,,,5,,true,,待核实,false
cdl-001771,旧约文学与神学：五经,温汉,,,,,中文,bible-study,旧约,,,https://christian-digital-library-assets.gioia-zheng-stud.workers.dev/covers/cdl-001771.jpg,5,https://christian-digital-library-assets.gioia-zheng-stud.workers.dev/previews/cdl-001771,true,,待核实,false
cdl-005449,旧约文学与神学：先知书,,,,,,中文,bible-study,旧约,,,,5,,true,,待核实,false
cdl-005450,旧约文学与神学：历史书(下),,,,,,中文,bible-study,旧约,,,,5,,true,,待核实,false
cdl-005445,旧约文学与神学：历史书1-176,,,,,,中文,bible-study,旧约,,,,5,,true,,待核实,false
cdl-005446,旧约文学与神学：历史书177-336,,,,,,中文,bible-study,旧约,,,,5,,true,,待核实,false
cdl-005447,旧约文学与神学：历史书337-491,,,,,,中文,bible-study,旧约,,,,5,,true,,待核实,false
cdl-005451,旧约文学与神学：诗篇与智慧文学,,,,,,中文,bible-study,旧约;诗篇,,,,5,,true,,待核实,false
cdl-005452,旧约文学与神学：诗篇与智慧文学,,,,,,中文,bible-study,旧约;诗篇,,,,5,,true,,待核实,false
cdl-005453,旧约新语,舒兹,,,,,中文,bible-study,旧约,,,,5,,true,,待核实,false
cdl-001775,旧约概要：基督教义工进修班讲义(一),蒋佩芬,,,,,中文,bible-study,旧约,,,,0,,true,,待核实,false
cdl-001732,旧约概览,丘恩处,,,,,中文,bible-study,旧约,,,https://christian-digital-library-assets.gioia-zheng-stud.workers.dev/covers/cdl-001732.jpg,5,https://christian-digital-library-assets.gioia-zheng-stud.workers.dev/previews/cdl-001732,true,,待核实,false
cdl-000454,旧约概论,,,,,,中文,bible-study,旧约,,,,5,,true,,待核实,false
cdl-000455,旧约概论,,,,,,中文,bible-study,旧约,,,https://christian-digital-library-assets.gioia-zheng-stud.workers.dev/covers/cdl-000455.jpg,5,https://christian-digital-library-assets.gioia-zheng-stud.workers.dev/previews/cdl-000455,true,,待核实,false
cdl-002099,旧约概论,马有藻,,,,,中文,bible-study,旧约,,,,5,,true,,待核实,false
cdl-005454,旧约概论,约翰 德雷恩,,,,,中文,bible-study,旧约,,,,0,,true,,待核实,false
cdl-005455,旧约概论,丘恩处,,,,,中文,bible-study,旧约,,,,5,,true,,待核实,false
cdl-005456,旧约概论,艾基新,,,,,中文,bible-study,旧约,,,,5,,true,,待核实,false
cdl-001221,旧约浅说,,,,,,中文,bible-study,旧约,,,,5,,true,,待核实,false
cdl-005457,旧约物语,何恭上,,,,,中文,bible-study,旧约,,,,5,,true,,待核实,false
cdl-005458,旧约的背景,,,,,,中文,bible-study,旧约,,,,5,,true,,待核实,false
cdl-002150,旧约神学,彭巴顿,,,,,中文,bible-study,旧约,,,,5,,true,,待核实,false
cdl-005464,旧约神学,霍志恒,,,,,中文,bible-study,旧约,,,,5,,true,,待核实,false
cdl-005465,旧约神学,雅各 艾德门,,,,,中文,bible-study,旧约,,,,5,,true,,待核实,false
cdl-005466,旧约神学,黄仪章,,,,,中文,bible-study,旧约,,,,5,,true,,待核实,false
cdl-005467,旧约神学,雅各,,,,,中文,bible-study,旧约,,,,5,,true,,待核实,false
cdl-003629,旧约神学（卷一）,华尔基,,,,,中文,bible-study,圣经;旧约;旧约神学,,,,5,,true,,待核实,false
cdl-003630,旧约神学（卷一）,华尔基,,,,,中文,bible-study,圣经;旧约;旧约神学,,,,5,,true,,待核实,false
cdl-005459,旧约神学 上,华尔基,,,,,中文,bible-study,旧约,,,,5,,true,,待核实,false
cdl-005460,旧约神学 下,华尔基,,,,,中文,bible-study,旧约,,,,5,,true,,待核实,false
cdl-005461,旧约神学 从导论到方法论,黄仪章,,,,,中文,bible-study,旧约,,,,5,,true,,待核实,false
cdl-005462,旧约神学 当代争论的基本议题,,,,,,中文,bible-study,旧约,,,,5,,true,,待核实,false
cdl-005463,旧约神学 当代争论的基本议题,,,,,,中文,bible-study,旧约,,,,5,,true,,待核实,false
cdl-000456,旧约神学,华尔基,,,,,英文,bible-study,旧约;圣经神学;旧约神学,,,https://christian-digital-library-assets.gioia-zheng-stud.workers.dev/covers/cdl-000456.jpg,5,https://christian-digital-library-assets.gioia-zheng-stud.workers.dev/previews/cdl-000456,true,,待核实,false
cdl-002141,旧约神学：从基督教正典说起,蔡尔兹,,,,,中文,bible-study,旧约,,,,5,,true,,待核实,false
cdl-001779,旧约神学：从导论到方法论,黄仪章,,,,,中文,bible-study,旧约,,,https://christian-digital-library-assets.gioia-zheng-stud.workers.dev/covers/cdl-001779.jpg,5,https://christian-digital-library-assets.gioia-zheng-stud.workers.dev/previews/cdl-001779,true,,待核实,false
cdl-002429,旧约神学：当代争论的基本议题,Gerhard Hasel,,,,,中文,bible-study,旧约,,,,5,,true,,待核实,false
cdl-005469,旧约神学与信息,陈俊伟,,,,,中文,bible-study,旧约,,,,5,,true,,待核实,false
cdl-005470,旧约神学与信息,,,,,,中文,bible-study,旧约,,,,5,,true,,待核实,false
cdl-005471,旧约神学与信息,陈俊伟,,,,,中文,bible-study,旧约,,,,5,,true,,待核实,false
cdl-005468,旧约神学与信息 单页排版,,,,,,中文,bible-study,旧约,,,,5,,true,,待核实,false
cdl-001728,旧约神学探讨,华德凯瑟,,,,,中文,bible-study,旧约,,,https://christian-digital-library-assets.gioia-zheng-stud.workers.dev/covers/cdl-001728.jpg,5,https://christian-digital-library-assets.gioia-zheng-stud.workers.dev/previews/cdl-001728,true,,待核实,false
cdl-005472,旧约神学探讨,华德凯瑟,,,,,中文,bible-study,旧约,,,,5,,true,,待核实,false
cdl-005473,旧约神学探讨,华德凯瑟,,,,,中文,bible-study,旧约,,,,5,,true,,待核实,false
cdl-002413,旧约神学辞典,R Laird Harris Gleason L Archer Jr Bruce K Waltke,,,,,中文,reference,辞典,,,,5,,true,,待核实,false
cdl-005474,旧约福音讲章,,,,,,中文,bible-study,旧约,,,,5,,true,,待核实,false
cdl-000852,旧约福音讲章（旧约二版）,钟马田,,,,,中文,bible-study,旧约;讲道;钟马田,,,https://christian-digital-library-assets.gioia-zheng-stud.workers.dev/covers/cdl-000852.jpg,5,https://christian-digital-library-assets.gioia-zheng-stud.workers.dev/previews/cdl-000852,true,,待核实,false
cdl-000457,旧约笔记,,,,,,中文,bible-study,旧约,,,,5,,true,,待核实,false
cdl-004317,旧约篇：第1册,基督教典外文献,,,,,中文,bible-study,旧约,,,,5,,true,,待核实,false
cdl-004318,旧约篇：第2册,基督教典外文献,,,,,中文,bible-study,旧约,,,,5,,true,,待核实,false
cdl-004319,旧约篇：第3册,基督教典外文献,,,,,中文,bible-study,旧约,,,,5,,true,,待核实,false
cdl-004320,旧约篇：第4册,基督教典外文献,,,,,中文,bible-study,旧约,,,,5,,true,,待核实,false
cdl-004321,旧约篇：第5册,基督教典外文献,,,,,中文,bible-study,旧约,,,,5,,true,,待核实,false
cdl-004322,旧约篇：第6册,基督教典外文献,,,,,中文,bible-study,旧约,,,,5,,true,,待核实,false
cdl-000458,旧约精览,詹逊,,,,,中文,bible-study,旧约,,,,5,,true,,待核实,false
cdl-005477,旧约精览,,,,,,中文,bible-study,旧约,,,,5,,true,,待核实,false
cdl-005482,旧约精览,詹逊,,,,,中文,bible-study,旧约,,,,5,,true,,待核实,false
cdl-005475,旧约精览 单页版,,,,,,中文,bible-study,旧约,,,,5,,true,,待核实,false
cdl-005476,旧约精览 四 路得记至以斯帖记,,,,,,中文,bible-study,旧约;路得记;以斯帖,,,,5,,true,,待核实,false
cdl-005478,旧约精览4 得：斯,,,,,,中文,bible-study,旧约,,,,5,,true,,待核实,false
cdl-005479,旧约精览5 伯：哀,,,,,,中文,bible-study,旧约,,,,5,,true,,待核实,false
cdl-005480,旧约精览6 结：玛,,,,,,中文,bible-study,旧约,,,,5,,true,,待核实,false
cdl-005483,旧约经文注解中简英对照,,,,,,中文,bible-study,旧约,,,,5,,true,,待核实,false
cdl-002101,旧约综览,赖桑,,,,,中文,bible-study,旧约,,,,5,,true,,待核实,false
cdl-005484,旧约综览(讲义),,,,,,中文,bible-study,旧约,,,,5,,true,,待核实,false
cdl-001674,旧约背景,哈尔逊 R K Harrison,,,,,中文,bible-study,旧约,,,,5,,true,,待核实,false
cdl-005485,旧约背景,,,,,,中文,bible-study,旧约,,,,5,,true,,待核实,false
cdl-005486,旧约背景,,,,,,中文,bible-study,旧约,,,,5,,true,,待核实,false
cdl-001690,旧约背景与年代表,华尔顿 John H Walton,,,,,中文,bible-study,旧约,,,,5,,true,,待核实,false
cdl-005487,旧约背景与年代表,华尔顿,,,,,中文,bible-study,旧约,,,,5,,true,,待核实,false
cdl-005488,旧约背景注释,,,,,,中文,bible-study,旧约;注释,,,,5,,true,,待核实,false
cdl-002051,旧约英雄本色,吴献章,,,,,中文,bible-study,旧约,,,,5,,true,,待核实,false
cdl-002428,旧约要点释义：律法书：历史书,李炳奎,,,,,中文,bible-study,旧约,,,,5,,true,,待核实,false
cdl-005489,旧约要说的其实是,,,,,,中文,bible-study,旧约,,,,5,,true,,待核实,false
cdl-001266,旧约诗歌智慧书导论,卜洛克,,,,,中文,bible-study,旧约,,,,5,,true,,待核实,false
cdl-002364,旧约诗歌智慧书导论,卜洛克,,,,,中文,bible-study,旧约,,,,5,,true,,待核实,false
cdl-005490,旧约诗歌智慧书导论,,,,,,中文,bible-study,旧约,,,,5,,true,,待核实,false
cdl-000005,旧约诗歌智慧书导论（二）,,,,,,中文,bible-study,圣经;旧约;诗歌智慧书;导论,,,https://christian-digital-library-assets.gioia-zheng-stud.workers.dev/covers/cdl-000005.jpg,5,https://christian-digital-library-assets.gioia-zheng-stud.workers.dev/previews/cdl-000005,true,,待核实,false
cdl-005492,旧约诠释,,,,,,中文,bible-study,旧约,,,,5,,true,,待核实,false
cdl-005491,旧约诠释(傅和德 宗教文化2004),,,,,,中文,bible-study,旧约,,,,5,,true,,待核实,false
cdl-005493,旧约诠释学初介 从历史进路至文学进路,吴仲诚,,,,,中文,bible-study,旧约,,,,5,,true,,待核实,false
cdl-005494,旧约诠释学初介：从历史进路至文学进路,,,,,,中文,bible-study,旧约,,,,5,,true,,待核实,false
cdl-005495,旧约误译简论,,,,,,中文,bible-study,旧约,,,,5,,true,,待核实,false
cdl-005496,旧约诸书的形成,,,,,,中文,bible-study,旧约,,,,5,,true,,待核实,false
cdl-001742,旧约辅读:(下卷)浙江省基督教协会,,,,,,中文,bible-study,旧约,,,,5,,true,,待核实,false
cdl-005497,旧约透析,阿诺德,,,,,中文,bible-study,旧约,,,,5,,true,,待核实,false
cdl-005498,旧约透析,,,,,,中文,bible-study,旧约,,,,5,,true,,待核实,false
cdl-005499,旧约速读手册,,,,,,中文,reference,手册,,,,5,,true,,待核实,false
cdl-002164,旧约速读手册：蔡春曦，蔡黄玉珍,,,,,,中文,reference,手册,,,,5,,true,,待核实,false
cdl-000459,旧约遍览,,,,,,中文,bible-study,旧约,,,https://christian-digital-library-assets.gioia-zheng-stud.workers.dev/covers/cdl-000459.jpg,5,https://christian-digital-library-assets.gioia-zheng-stud.workers.dev/previews/cdl-000459,true,,待核实,false
cdl-000719,早期基督教与希腊教化,,,,,,中文,theology,基督,,,https://christian-digital-library-assets.gioia-zheng-stud.workers.dev/covers/cdl-000719.jpg,5,https://christian-digital-library-assets.gioia-zheng-stud.workers.dev/previews/cdl-000719,true,,待核实,false
cdl-000720,早期基督教与希腊教化,,,,,,中文,theology,基督,,,https://christian-digital-library-assets.gioia-zheng-stud.workers.dev/covers/cdl-000720.jpg,5,https://christian-digital-library-assets.gioia-zheng-stud.workers.dev/previews/cdl-000720,true,,待核实,false
cdl-000721,早期基督教思想的精神：寻求上帝的面,,,,,,中文,theology,上帝;基督,,,,5,,true,,待核实,false
cdl-000722,早期基督教教义(华神),,,,,,中文,theology,教义,,,,5,,true,,待核实,false
cdl-000878,时代的需要,,,,,,中文,other,,,,,5,,true,,待核实,false
cdl-000460,时间与自由意志,法国 柏格森,,,,,中文,other,,,,https://christian-digital-library-assets.gioia-zheng-stud.workers.dev/covers/cdl-000460.jpg,5,https://christian-digital-library-assets.gioia-zheng-stud.workers.dev/previews/cdl-000460,true,,待核实,false
cdl-000461,时间的检验,,,,,,中文,other,,,,,5,,true,,待核实,false
cdl-000462,时间的检验,,,,,,中文,other,,,,,5,,true,,待核实,false
cdl-005500,时间简史：彩图,霍金,,,,,中文,church-history,简史,,,,5,,true,,待核实,false
cdl-005501,旷野子民,,,,,,中文,other,,,,,5,,true,,待核实,false
cdl-005502,昆体良教育论著选,,,,,,中文,culture-society,教育,,,,5,,true,,待核实,false
cdl-001811,明白神的话：释经学浅说,史笛伯,,,,,中文,bible-study,释经,,,https://christian-digital-library-assets.gioia-zheng-stud.workers.dev/covers/cdl-001811.jpg,5,https://christian-digital-library-assets.gioia-zheng-stud.workers.dev/previews/cdl-001811,true,,待核实,false
cdl-005503,明道研经丛书8：路得记：恩惠的故事,,,,,,中文,bible-study,研经;路得记,,,,5,,true,,待核实,false
cdl-005504,春夏秋冬52课,,,,,,中文,other,,,,,5,,true,,待核实,false
cdl-000723,昼夜思想(8月),,,,,,中文,other,,,,https://christian-digital-library-assets.gioia-zheng-stud.workers.dev/covers/cdl-000723.jpg,5,https://christian-digital-library-assets.gioia-zheng-stud.workers.dev/previews/cdl-000723,true,,待核实,false
cdl-005506,時代危機與基督徒典範,,,,,,中文,theology,基督,,,,5,,true,,待核实,false
cdl-000294,晚清政府基督教政策初探,基督教研究,,,,,中文,theology,基督,,,,5,,true,,待核实,false
cdl-005507,晚清政府基督教政策初探,杨大春,,,,,中文,theology,基督,,,,5,,true,,待核实,false
cdl-005508,晨星歌唱,,,,,,中文,other,,,,,5,,true,,待核实,false
cdl-005509,普遍恩典与福音,,,,,,中文,theology,恩典,,,,5,,true,,待核实,false
cdl-005510,景教与大秦寺,关英,,,,,中文,other,,,,,5,,true,,待核实,false
cdl-005511,景教碑考,冯承钧,,,,,中文,other,,,,,5,,true,,待核实,false
cdl-000724,智慧之书：一年的箴言灵修日程,,,,,,中文,bible-study,箴言,,,https://christian-digital-library-assets.gioia-zheng-stud.workers.dev/covers/cdl-000724.jpg,5,https://christian-digital-library-assets.gioia-zheng-stud.workers.dev/previews/cdl-000724,true,,待核实,false
cdl-005512,智慧书,冯象,,,,,中文,other,,,,,5,,true,,待核实,false
cdl-005513,智慧书,冯象,,,,,中文,other,,,,,5,,true,,待核实,false
cdl-005514,智慧书,冯象,,,,,中文,other,,,,,5,,true,,待核实,false
cdl-005515,智慧书,冯象,,,,,中文,other,,,,,5,,true,,待核实,false
cdl-005516,智慧书,冯象,,,,,中文,other,,,,,5,,true,,待核实,false
cdl-005517,智慧书,冯象,,,,,中文,other,,,,,5,,true,,待核实,false
cdl-005518,智慧书,冯象,,,,,中文,other,,,,,5,,true,,待核实,false
cdl-002184,智慧创造的确据,陈义宪,,,,,中文,other,,,,,5,,true,,待核实,false
cdl-000463,智慧文学,,,,,,中文,other,,,,https://christian-digital-library-assets.gioia-zheng-stud.workers.dev/covers/cdl-000463.jpg,5,https://christian-digital-library-assets.gioia-zheng-stud.workers.dev/previews/cdl-000463,true,,待核实,false
cdl-000464,智慧的开端,焦源濂,,,,,中文,other,,,,https://christian-digital-library-assets.gioia-zheng-stud.workers.dev/covers/cdl-000464.jpg,5,https://christian-digital-library-assets.gioia-zheng-stud.workers.dev/previews/cdl-000464,true,,待核实,false
cdl-002325,智慧的花朵：箴言要义汇编暨浅释,重提,,,,,中文,bible-study,箴言,,,,5,,true,,待核实,false
cdl-000725,智者之言: 箴言主题诠释,,,,,,中文,bible-study,箴言,,,,5,,true,,待核实,false
cdl-005519,暗夜大光,莱尔,,,,,中文,other,,,,,5,,true,,待核实,false
cdl-005520,暗室之光,蔡苏娟,,,,,中文,other,,,,,5,,true,,待核实,false
cdl-005521,暴力世界中的温柔,软弱群体的先知见证,,,,,中文,other,,,,,5,,true,,待核实,false
cdl-005522,更宽广的生命,,,,,,中文,other,,,,,5,,true,,待核实,false
cdl-005523,更寬廣的生命,,,,,,中文,other,,,,,5,,true,,待核实,false
cdl-005524,更寬廣的生命,,,,,,中文,other,,,,,5,,true,,待核实,false
cdl-005525,更新传道会：五经历史书,康培 摩根,,,,,中文,missions,传道,,,,5,,true,,待核实,false
cdl-005526,更新传道会：默想新约,康培 摩根,,,,,中文,bible-study,新约,,,,5,,true,,待核实,false
cdl-005527,更新传道会：默想智慧先知书,康培 摩根,,,,,中文,missions,传道,,,,5,,true,,待核实,false
cdl-005530,更新变化的宣教,David Bosch,,,,,中文,missions,宣教,,,,5,,true,,待核实,false
cdl-005528,更新变化的宣教 宣教神学的典范变迁,David J Bosch,,,,,中文,missions,宣教,,,,5,,true,,待核实,false
cdl-005529,更新变化的宣教 高清版,,,,,,中文,missions,宣教,,,,5,,true,,待核实,false
cdl-000465,更新心意学教理,,,,,,中文,other,,,,,5,,true,,待核实,false
cdl-000466,更新心意学教理,,,,,,中文,other,,,,,5,,true,,待核实,false
cdl-005531,更新敬拜赞美实用手册（第三版）,,,,,,中文,reference,敬拜;赞美;手册;教会事工,,,,5,,true,,待核实,false
cdl-005532,更新时刻365灵修,,,,,,中文,spiritual-life,灵修,,,,5,,true,,待核实,false
cdl-005533,更新的女性,黎碧华,,,,,中文,other,,,,,5,,true,,待核实,false
cdl-001178,更新的时刻 圣经灵修360,华伦 魏斯比,,,,,中文,bible-study,圣经,,,,5,,true,,待核实,false
cdl-005534,更新的时刻 圣经灵修360,华伦 魏斯比,,,,,中文,bible-study,圣经,,,,5,,true,,待核实,false
cdl-005535,更新系列：同化你的全人,李顺长,,,,,中文,other,,,,,5,,true,,待核实,false
cdl-005536,更新系列：富化你的祈禱,李顺长,,,,,中文,other,,,,,5,,true,,待核实,false
cdl-005537,更新系列：強化你的信心,李顺长,,,,,中文,spiritual-life,信心,,,,5,,true,,待核实,false
cdl-005538,更新系列：感化你的對手,李顺长,,,,,中文,other,,,,,5,,true,,待核实,false
cdl-005539,更新系列：淨化你的視力,李顺长,,,,,中文,other,,,,,5,,true,,待核实,false
cdl-005540,更新系列：深化你的灵命,李顺长,,,,,中文,spiritual-life,灵命,,,,5,,true,,待核实,false
cdl-005541,更新系列：純化你的定義,李顺长,,,,,中文,other,,,,,5,,true,,待核实,false
cdl-005542,更新系列：美化你的形像,李顺长,,,,,中文,other,,,,,5,,true,,待核实,false
cdl-005543,更新系列：變化你的氣質,李顺长,,,,,中文,other,,,,,5,,true,,待核实,false
cdl-005544,更新系列：趣化你的讀經,李顺长,,,,,中文,other,,,,,5,,true,,待核实,false
cdl-005545,更深的合一。基督徒的婚姻关系—麦伟恩,,,,,,中文,family-ministry,婚姻,,,,5,,true,,待核实,false
cdl-005505,是誰和亞伯拉罕吃午餐,,,,,,中文,bible-study,亚伯拉罕;圣经;书摘,,,,5,,true,,待核实,false
cdl-002571,順服與反叛,曾立煌,,,,,中文,culture-society,,,,,5,,true,,待核实,false
cdl-005546,曾约拿：测验信仰与生活,,,,,,中文,bible-study,约拿,,,,1,,true,,待核实,false
cdl-002591,最终得到认证的教会,,,,,,中文,theology,教会,,,,5,,true,,待核实,false
cdl-005547,有关神性经文,,,,,,中文,other,,,,,5,,true,,待核实,false
cdl-005548,有神论 (上卷),,,,,,中文,other,,,,,5,,true,,待核实,false
cdl-005549,有神论 (下卷),,,,,,中文,other,,,,,5,,true,,待核实,false
cdl-005550,有话问苍天 杨腓力,,,,,,中文,other,,,,,5,,true,,待核实,false
cdl-000467,朋友 你真要走这条路吗,金南俊,,,,,中文,other,,,,https://christian-digital-library-assets.gioia-zheng-stud.workers.dev/covers/cdl-000467.jpg,5,https://christian-digital-library-assets.gioia-zheng-stud.workers.dev/previews/cdl-000467,true,,待核实,false
cdl-005551,朋友 你真要走这条路吗 A4 12,,,,,,中文,other,,,,,5,,true,,待核实,false
cdl-005552,朋霍费尔：作门徒的代价,,,,,,中文,church-history,朋霍费尔,,,,5,,true,,待核实,false
cdl-005553,朋霍费尔：狱中书简,,,,,,中文,church-history,朋霍费尔,,,,5,,true,,待核实,false
cdl-001939,望神止渴,路卡杜,,,,,中文,other,,,,https://christian-digital-library-assets.gioia-zheng-stud.workers.dev/covers/cdl-001939.jpg,5,https://christian-digital-library-assets.gioia-zheng-stud.workers.dev/previews/cdl-001939,true,,待核实,false
cdl-001712,朝向整全神学思考,郭鸿标 有两页斜,,,,,中文,theology,神学,,,https://christian-digital-library-assets.gioia-zheng-stud.workers.dev/covers/cdl-001712.jpg,5,https://christian-digital-library-assets.gioia-zheng-stud.workers.dev/previews/cdl-001712,true,,待核实,false
cdl-005555,朝圣之路,汤姆 赖特,,,,,中文,other,,,,,5,,true,,待核实,false
cdl-005556,朝圣心曲 崇拜与圣乐对灵命成长的作用,郭鸿标,,,,,中文,spiritual-life,灵命,,,,5,,true,,待核实,false
cdl-005557,朝圣旅程 唐佑之,,,,,,中文,other,,,,,5,,true,,待核实,false
cdl-005558,末世与盼望 帖撒罗尼迦前后书的现代诠释：从保罗的末世神学至近代千禧年运动之修辞诠释,,,,,,中文,bible-study,帖撒罗尼迦,,,,5,,true,,待核实,false
cdl-001982,末世与盼望：保罗的末世神学与近代千禧运动,杨克勤,,,,,中文,theology,神学,,,,5,,true,,待核实,false
cdl-001936,末世与盼望：启示神学与伦理,唐佑之,,,,,中文,theology,神学,,,,5,,true,,待核实,false
cdl-005559,末世神学概要,马有藻,,,,,中文,theology,神学,,,,5,,true,,待核实,false
cdl-005560,末世论的启示,黄伯和,,,,,中文,other,,,,,5,,true,,待核实,false
cdl-005561,末日宗教真面目,杨牧谷,,,,,中文,culture-society,宗教,,,,5,,true,,待核实,false
cdl-005562,本土神学批判,章力生,,,,,中文,theology,神学,,,,5,,true,,待核实,false
cdl-005563,本土神学批判,章力生,,,,,中文,theology,神学,,,,5,,true,,待核实,false
cdl-005564,本性，风格,约瑟 麦道卫,,,,,中文,other,,,,,5,,true,,待核实,false
cdl-005566,人罪论,朴亨龙,,,,,中文,theology,神学;系统神学;人论;罪论,,,,5,,true,,待核实,false
cdl-002260,权威,钟马田,,,,,中文,theology,权威;神学;钟马田,,,,5,,true,,待核实,false
cdl-005568,李志秋 新约书信诠释,,,,,,中文,bible-study,新约,,,,5,,true,,待核实,false
cdl-005569,李提摩太在华回忆录,,,,,,中文,bible-study,提摩太,,,,5,,true,,待核实,false
cdl-000443,新约解经式讲道（2）,李斐德,,,,,中文,pastoral,讲道;释经讲道;新约,,,https://christian-digital-library-assets.gioia-zheng-stud.workers.dev/covers/cdl-000443.jpg,5,https://christian-digital-library-assets.gioia-zheng-stud.workers.dev/previews/cdl-000443,true,,待核实,false
cdl-001600,与龙凤共舞,李景雄,,,,,中文,culture-society,,,,https://christian-digital-library-assets.gioia-zheng-stud.workers.dev/covers/cdl-001600.jpg,5,https://christian-digital-library-assets.gioia-zheng-stud.workers.dev/previews/cdl-001600,true,,待核实,false
cdl-001599,李林桂仪,与长者有个约会,,,,,中文,other,,,,https://christian-digital-library-assets.gioia-zheng-stud.workers.dev/covers/cdl-001599.jpg,5,https://christian-digital-library-assets.gioia-zheng-stud.workers.dev/previews/cdl-001599,true,,待核实,false
cdl-005570,杏花杂志2007年创刊号,,,,,,中文,other,,,,,5,,true,,待核实,false
cdl-005571,杏花杂志2007年特刊,,,,,,中文,other,,,,,5,,true,,待核实,false
cdl-005572,杏花杂志2008年冬季期刊,,,,,,中文,other,,,,,5,,true,,待核实,false
cdl-005573,杏花杂志2008年夏季期刊,,,,,,中文,other,,,,,5,,true,,待核实,false
cdl-005574,杏花杂志2008年春季期刊,,,,,,中文,other,,,,,5,,true,,待核实,false
cdl-005575,杏花杂志2009年冬季期刊,,,,,,中文,other,,,,,5,,true,,待核实,false
cdl-005576,杏花杂志2009年夏季期刊,,,,,,中文,other,,,,,5,,true,,待核实,false
cdl-005577,杏花杂志2009年秋季期刊,,,,,,中文,other,,,,,5,,true,,待核实,false
cdl-005578,杏花杂志2010年冬季期刊,,,,,,中文,other,,,,,5,,true,,待核实,false
cdl-005579,杏花杂志2010年春季期刊,,,,,,中文,other,,,,,5,,true,,待核实,false
cdl-005580,杏花杂志2010年秋季期刊,,,,,,中文,other,,,,,5,,true,,待核实,false
cdl-005581,杏花杂志2011年春季期刊,,,,,,中文,other,,,,,5,,true,,待核实,false
cdl-000469,杜伊诺哀歌,,,,,,中文,other,,,,,5,,true,,待核实,false
cdl-000470,杜伊诺哀歌,,,,,,中文,other,,,,,5,,true,,待核实,false
cdl-005582,杜博士家庭诊疗室 三 跨越青春的竹篱笆,詹姆斯 杜布森,,,,,中文,family-ministry,家庭,,,,5,,true,,待核实,false
cdl-005583,杜博士幸福家庭系列之一 婚姻与性,,,,,,中文,family-ministry,婚姻;家庭,,,,5,,true,,待核实,false
cdl-005584,杜博士幸福家庭系列之三 培养后代,,,,,,中文,family-ministry,家庭,,,,5,,true,,待核实,false
cdl-000471,来世论,朴亨龙,,,,,中文,other,,,,https://christian-digital-library-assets.gioia-zheng-stud.workers.dev/covers/cdl-000471.jpg,5,https://christian-digital-library-assets.gioia-zheng-stud.workers.dev/previews/cdl-000471,true,,待核实,false
cdl-005585,来华基督教传教士传记丛书 1867年以前来华基督教传教士列传及著作目录,,,,,,中文,reference,目录,,,,5,,true,,待核实,false
cdl-002063,来自天堂的掌声,麦克斯 路卡多,,,,,中文,other,,,,,5,,true,,待核实,false
cdl-005586,来自太空的挑战,,,,,,中文,culture-society,文化;科学;社会,,,,5,,true,,待核实,false
cdl-005587,杨腓力&蒂姆·斯塔福圣经阅读指南：新约,,,,,,中文,bible-study,圣经;新约,,,,5,,true,,待核实,false
cdl-005588,新约古希腊语教程练习册,杨金兰,,,,,中文,reference,,,,,5,,true,,待核实,false
cdl-005589,构解牧养辅导,,,,,,中文,pastoral,牧养;辅导,,,,5,,true,,待核实,false
cdl-005590,哥林多前书,冯国泰、李汤马,,,,,中文,bible-study,哥林多前书;新约;圣经研究,,,,5,,true,,待核实,false
cdl-005591,哥林多前书（一）,,,,,,中文,bible-study,圣经;新约;哥林多前书,,,,5,,true,,待核实,false
cdl-005592,哥林多前书（二）,,,,,,中文,bible-study,圣经;新约;哥林多前书,,,,5,,true,,待核实,false
cdl-005593,哥林多前书（三）,,,,,,中文,bible-study,圣经;新约;哥林多前书,,,,5,,true,,待核实,false
cdl-005594,哥林多后书,史艾德、史威廉,,,,,中文,bible-study,哥林多后书;新约;圣经研究,,,,5,,true,,待核实,false
cdl-005595,哥林多后书（一）,,,,,,中文,bible-study,圣经;新约;哥林多后书,,,,5,,true,,待核实,false
cdl-005596,哥林多后书（二）,,,,,,中文,bible-study,圣经;新约;哥林多后书,,,,5,,true,,待核实,false
cdl-005599,林汉达中国历史故事集,林汉达,,,,,中文,church-history,历史,,,,5,,true,,待核实,false
cdl-005600,果效百分百,,,,,,中文,other,,,,,5,,true,,待核实,false
cdl-002052,果效百分百：如何发掘和发展神造你的样式,麦福士,,,,,中文,other,,,,,5,,true,,待核实,false
cdl-002298,枯树下的对话：约拿书信息,费列咸,,,,,中文,bible-study,约拿,,,,5,,true,,待核实,false
cdl-005601,查经汇集,,,,,,中文,other,,,,,5,,true,,待核实,false
cdl-005175,查经课程研读腓立比书，歌罗西书进修级组员本,播道会文字部,,,,,中文,bible-study,腓立比;歌罗西,,,,5,,true,,待核实,false
cdl-004557,柳溪教会,夸胜软弱 在软弱中支取上帝的能力,,,,,中文,theology,教会,,,,5,,true,,待核实,false
cdl-003067,以基督为中心的讲道（2）,柴培尔,,,,,中文,pastoral,讲道;释经讲道;基督中心,,,,5,,true,,待核实,false
cdl-005602,柴米,王一平,,,,,中文,other,,,,,5,,true,,待核实,false
cdl-005603,标杆小组,小组持续健康发展刚略,,,,,中文,other,,,,,5,,true,,待核实,false
cdl-005604,标杆领导在小组,,,,,,中文,other,,,,,5,,true,,待核实,false
cdl-005605,标竿人生,,,,,,中文,other,,,,,5,,true,,待核实,false
cdl-001410,复活的操练,毕德生,,,,,中文,spiritual-life,复活;灵修;毕德生,,,,5,,true,,待核实,false
cdl-005608,你也能带领小组：小组长手册,,,,,,中文,pastoral,小组;带领;门徒训练;校园事工,,,,5,,true,,待核实,false
cdl-005609,校园事工专辑(简体版),,,,,,中文,pastoral,事工,,,,5,,true,,待核实,false
cdl-005610,根基稳固(神创造天地至基督降临),,,,,,中文,theology,基督,,,,5,,true,,待核实,false
cdl-005194,根据圣经的敬拜,改革宗敬拜,,,,,中文,bible-study,圣经,,,,5,,true,,待核实,false
cdl-005611,根顿：如此我信，基督教教义导引,,,,,,中文,theology,教义,,,,5,,true,,待核实,false
cdl-005612,格罗斯曼,生存与命运,,,,,中文,other,,,,,5,,true,,待核实,false
cdl-001069,箴言,梁微,,,,,中文,bible-study,圣经;旧约;箴言,,,,5,,true,,待核实,false
cdl-001704,梦想智慧先知书：摩根灵修亮光丛书(三),康培 摩根,,,,,中文,spiritual-life,灵修,,,https://christian-digital-library-assets.gioia-zheng-stud.workers.dev/covers/cdl-001704.jpg,5,https://christian-digital-library-assets.gioia-zheng-stud.workers.dev/previews/cdl-001704,true,,待核实,false
cdl-005613,梯田上的咖啡,,,,,,中文,other,,,,,5,,true,,待核实,false
cdl-000482,梵蒂冈的乱世抉择,段琦,,,,,中文,other,,,,,5,,true,,待核实,false
cdl-005615,楊腓力的牛角尖,,,,,,中文,other,,,,,5,,true,,待核实,false
cdl-001760,次经概论,唐佑之,,,,,中文,other,,,,https://christian-digital-library-assets.gioia-zheng-stud.workers.dev/covers/cdl-001760.jpg,5,https://christian-digital-library-assets.gioia-zheng-stud.workers.dev/previews/cdl-001760,true,,待核实,false
cdl-005616,次经概论,马有澡,,,,,中文,other,,,,,5,,true,,待核实,false
cdl-001698,欢喜读旧约,杨腓力 Philip Yancey,,,,,中文,bible-study,旧约,,,,5,,true,,待核实,false
cdl-005617,欢喜读旧约,,,,,,中文,bible-study,旧约,,,,5,,true,,待核实,false
cdl-005618,欧洲大学史 第一卷 中世纪大学,,,,,,中文,other,,,,,0,,true,,待核实,false
cdl-005619,欧洲天主教与文化,刘泓,,,,,中文,culture-society,文化,,,,5,,true,,待核实,false
cdl-005620,歌中之歌,曾立煌,,,,,中文,other,,,,,5,,true,,待核实,false
cdl-005621,歌中之歌,雅歌诵咏 唐佑之,,,,,中文,other,,,,,5,,true,,待核实,false
cdl-002333,歌中之歌：雅歌诵咏,唐佑之,,,,,中文,bible-study,雅歌,,,,5,,true,,待核实,false
cdl-002200,歌中的歌,倪柝声,,,,,中文,other,,,,,5,,true,,待核实,false
cdl-000474,歌咏尊崇：诗篇 活出智慧：箴言,,,,,,中文,bible-study,诗篇;箴言,,,,5,,true,,待核实,false
cdl-005624,歌咏尊崇：诗篇；活出智慧：箴言,威尔斯比,,,,,中文,bible-study,圣经;旧约;诗篇;箴言;灵修,,,,5,,true,,待核实,false
cdl-005625,歌咏尊崇：诗篇；活出智慧：箴言,威尔斯比,,,,,中文,bible-study,圣经;旧约;诗篇;箴言;灵修,,,,5,,true,,待核实,false
cdl-005626,歌咏尊崇：诗篇；活出智慧：箴言（一）,华伦·威尔斯比,,,,,中文,bible-study,诗篇;箴言,,,,5,,true,,待核实,false
cdl-005627,歌咏尊崇：诗篇；活出智慧：箴言（一）,华伦·威尔斯比,,,,,中文,bible-study,诗篇;箴言,,,,5,,true,,待核实,false
cdl-005628,歌咏尊崇：诗篇；活出智慧：箴言（三）,华伦·威尔斯比,,,,,中文,bible-study,诗篇;箴言,,,,5,,true,,待核实,false
cdl-005629,歌咏尊崇：诗篇；活出智慧：箴言（三）,华伦·威尔斯比,,,,,中文,bible-study,诗篇;箴言,,,,5,,true,,待核实,false
cdl-005630,歌咏尊崇：诗篇；活出智慧：箴言（五）,华伦·威尔斯比,,,,,中文,bible-study,诗篇;箴言,,,,5,,true,,待核实,false
cdl-005631,歌咏尊崇：诗篇；活出智慧：箴言（五）,华伦·威尔斯比,,,,,中文,bible-study,诗篇;箴言,,,,5,,true,,待核实,false
cdl-005632,歌咏尊崇：诗篇；活出智慧：箴言（七）,华伦·威尔斯比,,,,,中文,bible-study,诗篇;箴言,,,,5,,true,,待核实,false
cdl-005633,歌咏尊崇：诗篇；活出智慧：箴言（七）,华伦·威尔斯比,,,,,中文,bible-study,诗篇;箴言,,,,5,,true,,待核实,false
cdl-005635,歌林多前后书,,,,,,中文,other,,,,,5,,true,,待核实,false
cdl-005638,歌林多后书,史艾德VS史威廉,,,,,中文,other,,,,,5,,true,,待核实,false
cdl-005639,歌林多后书,陈济民,,,,,中文,other,,,,,5,,true,,待核实,false
cdl-001314,歌林多后书：注释,陈济民,,,,,中文,bible-study,注释,,,,5,,true,,待核实,false
cdl-005636,歌林多后书：注释,陈济民,,,,,中文,bible-study,注释,,,,5,,true,,待核实,false
cdl-005637,歌林多后书：注释,陈济民,,,,,中文,bible-study,注释,,,,5,,true,,待核实,false
cdl-003133,歌罗西书,仰望基督,,,,,中文,bible-study,歌罗西,,,,5,,true,,待核实,false
cdl-005642,歌罗西书,,,,,,中文,bible-study,歌罗西,,,,5,,true,,待核实,false
cdl-005646,歌罗西书,鲍会园,,,,,中文,bible-study,歌罗西,,,,5,,true,,待核实,false
cdl-005647,歌罗西书,,,,,,中文,bible-study,歌罗西,,,,5,,true,,待核实,false
cdl-005649,歌罗西书,鲍会园,,,,,中文,bible-study,歌罗西,,,,5,,true,,待核实,false
cdl-005640,歌罗西书 & 腓利门,,,,,,中文,bible-study,歌罗西;腓利门,,,,5,,true,,待核实,false
cdl-005641,歌罗西书 & 腓利门,,,,,,中文,bible-study,歌罗西;腓利门,,,,5,,true,,待核实,false
cdl-005644,歌罗西书：多元世界，独一真理,,,,,,中文,bible-study,圣经;新约;歌罗西书;释经,,,,5,,true,,待核实,false
cdl-005645,歌罗西书：多元世界，独一真理,,,,,,中文,bible-study,圣经;新约;歌罗西书;释经,,,,5,,true,,待核实,false
cdl-001350,歌罗西书：注释,鲍会园,,,,,中文,bible-study,注释;歌罗西,,,,5,,true,,待核实,false
cdl-005643,歌罗西书：注释,鲍会园,,,,,中文,bible-study,注释;歌罗西,,,,5,,true,,待核实,false
cdl-005648,歌罗西书：注释,鲍会园,,,,,中文,bible-study,注释;歌罗西,,,,5,,true,,待核实,false
cdl-005650,歌罗西书,鲍会园,,,,,中文,bible-study,歌罗西,,,,5,,true,,待核实,false
cdl-005651,歌罗西书、腓利门书,冯国泰,,,,,中文,bible-study,歌罗西;腓利门,,,,5,,true,,待核实,false
cdl-005652,歌罗西书、腓利门书注释,冯荫坤,,,,,中文,bible-study,注释;歌罗西;腓利门,,,,5,,true,,待核实,false
cdl-000752,歌罗西书今读,站立得稳,,,,,中文,bible-study,歌罗西,,,https://christian-digital-library-assets.gioia-zheng-stud.workers.dev/covers/cdl-000752.jpg,5,https://christian-digital-library-assets.gioia-zheng-stud.workers.dev/previews/cdl-000752,true,,待核实,false
cdl-005653,歌罗西书和腓利门书,穆尔,,,,,中文,bible-study,歌罗西;腓利门,,,,5,,true,,待核实,false
cdl-005654,歌罗西书和腓利门书,穆尔,,,,,中文,bible-study,歌罗西;腓利门,,,,5,,true,,待核实,false
cdl-003905,歌罗西书、腓利门书——国际释经系列,,,,,,中文,bible-study,圣经;新约;歌罗西书;腓利门书;国际释经,,,,5,,true,,待核实,false
cdl-003955,歌罗西书、腓利门书——国际释经应用系列,,,,,,中文,bible-study,圣经;新约;歌罗西书;腓利门书;国际释经应用,,,,5,,true,,待核实,false
cdl-003956,歌罗西书、腓利门书——国际释经应用系列,,,,,,中文,bible-study,圣经;新约;歌罗西书;腓利门书;国际释经应用,,,,5,,true,,待核实,false
cdl-003957,歌罗西书、腓利门书——国际释经应用系列,,,,,,中文,bible-study,圣经;新约;歌罗西书;腓利门书;国际释经应用,,,,5,,true,,待核实,false
cdl-003958,歌罗西书、腓利门书——国际释经应用系列,,,,,,中文,bible-study,圣经;新约;歌罗西书;腓利门书;国际释经应用,,,,5,,true,,待核实,false
cdl-003959,歌罗西书、腓利门书——国际释经应用系列,,,,,,中文,bible-study,圣经;新约;歌罗西书;腓利门书;国际释经应用,,,,5,,true,,待核实,false
cdl-003960,歌罗西书、腓利门书——国际释经应用系列,,,,,,中文,bible-study,圣经;新约;歌罗西书;腓利门书;国际释经应用,,,,5,,true,,待核实,false
cdl-005655,歌罗西腓利门,冯国泰,,,,,中文,bible-study,歌罗西;腓利门,,,,5,,true,,待核实,false
cdl-005656,歌罗西腓利门,冯国泰,,,,,中文,bible-study,歌罗西;腓利门,,,,5,,true,,待核实,false
cdl-005657,歌罗西书,,,,,,中文,bible-study,圣经;新约;歌罗西书,,,,5,,true,,待核实,false
cdl-000475,歌羅西書VS腓利門書,大卫 加兰,,,,,中文,bible-study,歌羅西;腓利門,,,https://christian-digital-library-assets.gioia-zheng-stud.workers.dev/covers/cdl-000475.jpg,5,https://christian-digital-library-assets.gioia-zheng-stud.workers.dev/previews/cdl-000475,true,,待核实,false
cdl-000727,正常的基督徒生活,,,,,,中文,theology,基督,,,https://christian-digital-library-assets.gioia-zheng-stud.workers.dev/covers/cdl-000727.jpg,5,https://christian-digital-library-assets.gioia-zheng-stud.workers.dev/previews/cdl-000727,true,,待核实,false
cdl-001707,正常的基督徒生活,倪柝声,,,,,中文,theology,基督,,,https://christian-digital-library-assets.gioia-zheng-stud.workers.dev/covers/cdl-001707.jpg,5,https://christian-digital-library-assets.gioia-zheng-stud.workers.dev/previews/cdl-001707,true,,待核实,false
cdl-000728,正常的教会生活：提摩太前后书进解,,,,,,中文,bible-study,提摩太,,,https://christian-digital-library-assets.gioia-zheng-stud.workers.dev/covers/cdl-000728.jpg,5,https://christian-digital-library-assets.gioia-zheng-stud.workers.dev/previews/cdl-000728,true,,待核实,false
cdl-000729,正意解经,麦卡尼,,,,,中文,bible-study,解经,,,,5,,true,,待核实,false
cdl-002421,正意解经,丹·麦卡尼（Dan McCartney）、查尔斯·克莱顿（Charles Clayton）,丹·麦卡尼（Dan McCartney）与查尔斯·克莱顿（Charles Clayton）合著《正意解经》，帮助读者从圣经自身的性质、文体与救赎历史脉络中解释和应用经文。,骆鸿铭、卓君威,改革宗出版社,,中文,bible-study,释经;解经;圣经研究,本书介绍解释并应用圣经的方法，强调经文本身的意义、文体、救赎历史脉络与教会处境，帮助读者学习负责任地读经。,,,5,,true,,版权受保护,false
cdl-000476,正本溯源话信,吕沛渊,,,,,中文,other,,,,https://christian-digital-library-assets.gioia-zheng-stud.workers.dev/covers/cdl-000476.jpg,1,https://christian-digital-library-assets.gioia-zheng-stud.workers.dev/previews/cdl-000476,true,,待核实,false
cdl-005661,正本溯源话生命,吕沛渊,,,,,中文,other,,,,,5,,true,,待核实,false
cdl-000477,正直生活要道 圣经伦理面面观,约翰 慕理,,,,,中文,bible-study,圣经,,,,5,,true,,待核实,false
cdl-000730,正直生活要道：圣经伦理面面观,约翰·慕理,,,,,中文,theology,圣经伦理;基督徒生活;改革宗神学,,,,5,,true,,待核实,false
cdl-002042,正统与异端,,,,,,中文,other,,,,,5,,true,,待核实,false
cdl-002638,正统基督教信仰,,,,,,中文,theology,基督;信仰,,,,5,,true,,待核实,false
cdl-001003,此世的君王：约翰启示录解经及政治神学文稿,,,,,,中文,theology,启示录;政治神学;解经;约翰启示录,,,https://christian-digital-library-assets.gioia-zheng-stud.workers.dev/covers/cdl-001003.jpg,5,https://christian-digital-library-assets.gioia-zheng-stud.workers.dev/previews/cdl-001003,true,,待核实,false
cdl-005662,步向红毯之前,,,,,,中文,other,,,,,5,,true,,待核实,false
cdl-005663,步祂后尘 II,杨牧谷,,,,,中文,other,,,,,5,,true,,待核实,false
cdl-005664,步祂后尘（三）,杨牧谷,,,,,中文,spiritual-life,跟随基督;门徒训练;灵修,,,,5,,true,,待核实,false
cdl-005665,步祂后尘I,杨牧谷,,,,,中文,other,,,,,5,,true,,待核实,false
cdl-001945,歪信徒：基督徒的77陋习,费伯里,,,,,中文,theology,基督,,,,5,,true,,待核实,false
cdl-005666,歷史與社會中的信仰—對一种實踐的基本神學之研究,,,,,,中文,church-history,歷史,,,,5,,true,,待核实,false
cdl-000478,歷史詮釋學,歷史 理解 意義,,,,,中文,church-history,歷史,,,,5,,true,,待核实,false
cdl-000479,歷史詮釋學,歷史 理解 意義,,,,,中文,church-history,歷史,,,https://christian-digital-library-assets.gioia-zheng-stud.workers.dev/covers/cdl-000479.jpg,5,https://christian-digital-library-assets.gioia-zheng-stud.workers.dev/previews/cdl-000479,true,,待核实,false
cdl-005667,歸正福音運動回顧與前瞻,唐崇荣,,,,,中文,other,,,,,5,,true,,待核实,false
cdl-000480,死、永生、上帝,舍勒,,孙周兴,中国人民大学出版社,2005,中文,theology,死亡;永生;上帝;哲学神学,,,https://christian-digital-library-assets.gioia-zheng-stud.workers.dev/covers/cdl-000480.jpg,5,https://christian-digital-library-assets.gioia-zheng-stud.workers.dev/previews/cdl-000480,true,,待核实,false
cdl-001791,死·永生·上帝,舍勒,,,,,中文,theology,上帝,,,https://christian-digital-library-assets.gioia-zheng-stud.workers.dev/covers/cdl-001791.jpg,5,https://christian-digital-library-assets.gioia-zheng-stud.workers.dev/previews/cdl-001791,true,,待核实,false
cdl-005668,死·永生·上帝,,,,,,中文,theology,上帝,,,,5,,true,,待核实,false
cdl-005669,死、永生、上帝,,,,,,中文,theology,上帝,,,,5,,true,,待核实,false
cdl-005670,死亡可以解決你的問題嗎,,,,,,中文,other,,,,,1,,true,,待核实,false
cdl-001938,死后生命之研究,拉赫田,,,,,中文,other,,,,,5,,true,,待核实,false
cdl-001754,死海卷轴,小克罗斯,,,,,中文,bible-study,死海卷轴;圣经背景;第二圣殿时期,,,,5,,true,,待核实,false
cdl-005671,死海古卷,,,,,,中文,other,,,,,5,,true,,待核实,false
cdl-001763,死海古卷与圣经,查理 斐华,,,,,中文,bible-study,圣经,,,https://christian-digital-library-assets.gioia-zheng-stud.workers.dev/covers/cdl-001763.jpg,5,https://christian-digital-library-assets.gioia-zheng-stud.workers.dev/previews/cdl-001763,true,,待核实,false
cdl-005672,死海古卷中的彌賽亞,,,,,,中文,other,,,,,5,,true,,待核实,false
cdl-000779,殉道史,约翰 福克斯,,,,,中文,church-history,,,,https://christian-digital-library-assets.gioia-zheng-stud.workers.dev/covers/cdl-000779.jpg,5,https://christian-digital-library-assets.gioia-zheng-stud.workers.dev/previews/cdl-000779,true,,待核实,false
cdl-005673,殉道史,约翰福克斯,,,,,中文,church-history,,,,,5,,true,,待核实,false
cdl-005674,每个人都可以拥有超级记忆力,,,,,,中文,other,,,,,5,,true,,待核实,false
cdl-005675,每个孩子都是神学家,,,,,,中文,family-ministry,孩子,,,,5,,true,,待核实,false
cdl-005676,每天懂一点恋爱心理学,原田玲仁,,,,,中文,family-ministry,恋爱;心理学;关系,,,,5,,true,,待核实,false
cdl-001176,每日效法基督：耶稣生平灵修365 1,约翰 麦卡瑟 John MacArthur,,,,,中文,church-history,生平,,,https://christian-digital-library-assets.gioia-zheng-stud.workers.dev/covers/cdl-001176.jpg,5,https://christian-digital-library-assets.gioia-zheng-stud.workers.dev/previews/cdl-001176,true,,待核实,false
cdl-001954,每日新眼光：马可福音,罗敏珍 等,,,,,中文,bible-study,圣经;新约;马可福音;灵修,,,,5,,true,,待核实,false
cdl-001807,每日灵粮系列：提多书，腓利门书，犹大书,蔡俊杰,,,,,中文,bible-study,提多书;腓利门,,,,0,,true,,待核实,false
cdl-001861,比喻：天主的利箭,Megan Mckenna,,,,,中文,other,,,,,5,,true,,待核实,false
cdl-002073,比翼双飞,梅麦克,,,,,中文,other,,,,,5,,true,,待核实,false
cdl-005677,毕德生 改变生命的54封信,,,,,,中文,other,,,,,5,,true,,待核实,false
cdl-005678,毕德生请你吃圣经,,,,,,中文,bible-study,圣经,,,,5,,true,,待核实,false
cdl-001956,毕竟有神,考门夫人,,,,,中文,other,,,,,5,,true,,待核实,false
cdl-001276,民数记,,,,,,中文,bible-study,民数记,,,https://christian-digital-library-assets.gioia-zheng-stud.workers.dev/covers/cdl-001276.jpg,5,https://christian-digital-library-assets.gioia-zheng-stud.workers.dev/previews/cdl-001276,true,,待核实,false
cdl-003906,民数记——国际释经系列,,,,,,中文,bible-study,圣经;旧约;民数记;国际释经,,,,5,,true,,待核实,false
cdl-003961,民数记——国际释经应用系列,,,,,,中文,bible-study,圣经;旧约;民数记;国际释经应用,,,,5,,true,,待核实,false
cdl-005680,民数记,布瑞蒙,,,,,中文,bible-study,民数记,,,,5,,true,,待核实,false
cdl-005681,民数记,布瑞蒙,,,,,中文,bible-study,民数记,,,,5,,true,,待核实,false
cdl-005685,民数记,曾祥新,,,,,中文,bible-study,民数记,,,,5,,true,,待核实,false
cdl-005679,民数记 旷野的功课,布瑞蒙,,,,,中文,bible-study,民数记,,,,5,,true,,待核实,false
cdl-005682,民数记1,,,,,,中文,bible-study,民数记,,,,5,,true,,待核实,false
cdl-005683,民数记2,,,,,,中文,bible-study,民数记,,,,5,,true,,待核实,false
cdl-005684,民数记（二）,,,,,,中文,bible-study,圣经;旧约;民数记,,,,5,,true,,待核实,false
cdl-005686,民数记全套课程,,,,,,中文,bible-study,民数记,,,,5,,true,,待核实,false
cdl-003398,民数记带你看乌合之众如何变成必胜团队,凡人旅程,,,,,中文,bible-study,民数记,,,,5,,true,,待核实,false
cdl-000483,民數記,罗伊 甘恩,,,,,中文,bible-study,民數記,,,https://christian-digital-library-assets.gioia-zheng-stud.workers.dev/covers/cdl-000483.jpg,5,https://christian-digital-library-assets.gioia-zheng-stud.workers.dev/previews/cdl-000483,true,,待核实,false
cdl-005688,永不朽坏的钱囊 基督徒的金钱观,,,,,,中文,theology,基督,,,,5,,true,,待核实,false
cdl-002072,永不疲倦：基督徒生活的奥秘,怀特 卡森,,,,,中文,theology,基督,,,,5,,true,,待核实,false
cdl-002067,永恒,唐佑之,,,,,中文,theology,永恒;神学;唐佑之,,,,5,,true,,待核实,false
cdl-005689,永恒(启示文学),唐佑之,,,,,中文,other,,,,,5,,true,,待核实,false
cdl-001766,永恒的十戒,禤浩荣,,,,,中文,other,,,,,5,,true,,待核实,false
cdl-005690,永恒的十诫,,,,,,中文,other,,,,,5,,true,,待核实,false
cdl-002050,永恒的山丘：耶稣前后的世界,汤玛斯 高希尔,,,,,中文,other,,,,,5,,true,,待核实,false
cdl-006958,永恒的赞美：诗篇365天灵修,,,,,,中文,bible-study,诗篇,,,,5,,true,,待核实,false
cdl-005691,永恒的赞美：诗篇灵修365,,,,,,中文,bible-study,诗篇,,,,5,,true,,待核实,false
cdl-002107,永活上帝生命主：献给中国的教会神学,李锦纶,,,,,中文,theology,神学,,,,5,,true,,待核实,false
cdl-005692,永活的信仰,赖若瀚,,,,,中文,theology,信仰,,,,5,,true,,待核实,false
cdl-005693,永远的朋友,,,,,,中文,other,,,,,5,,true,,待核实,false
cdl-005694,汉语神学术语辞典 拉丁：英,汉语并列 雷立柏,,,,,中文,reference,辞典,,,,5,,true,,待核实,false
cdl-006281,旧约启示的轨迹（二）,汪川生,,,,,中文,bible-study,圣经;旧约;圣经神学,,,,5,,true,,待核实,false
cdl-001759,沙尘中的荣耀：死海古卷与圣经,庄新泉,,,,,中文,bible-study,圣经,,,https://christian-digital-library-assets.gioia-zheng-stud.workers.dev/covers/cdl-001759.jpg,5,https://christian-digital-library-assets.gioia-zheng-stud.workers.dev/previews/cdl-001759,true,,待核实,false
cdl-005695,沙漠中的江河：以赛亚书,罗庆才,,,,,中文,bible-study,以赛亚,,,,5,,true,,待核实,false
cdl-005696,沙漠教父灵修陪伴的智慧,,,,,,中文,spiritual-life,灵修,,,,5,,true,,待核实,false
cdl-005697,沙漠教父言行录,,,,,,中文,other,,,,,5,,true,,待核实,false
cdl-005699,沙漠教父言行录,安东尼等,,,,,中文,other,,,,,5,,true,,待核实,false
cdl-005698,沙漠教父言行录,,,,,,中文,spiritual-life,沙漠教父;早期教会;灵修;修道传统,,,,5,,true,,待核实,false
cdl-005700,沙漠教父语录选辑,,,,熙笃会出版,,中文,spiritual-life,沙漠教父;早期教会;灵修;语录,,,,5,,true,,待核实,false
cdl-005701,沟通的艺术：看入人里，看出人外,罗纳德·B. 阿德勒,,,,,中文,culture-society,沟通;心理;人际关系,,,,5,,true,,待核实,false
cdl-005702,没有分别与最大的分别,马有藻,,,,,中文,other,,,,,5,,true,,待核实,false
cdl-001171,没有基督的基督教 美国教会的另类福音,迈克 何顿,,,,,中文,theology,基督;教会,,,https://christian-digital-library-assets.gioia-zheng-stud.workers.dev/covers/cdl-001171.jpg,5,https://christian-digital-library-assets.gioia-zheng-stud.workers.dev/previews/cdl-001171,true,,待核实,false
cdl-001965,治愈生命中的创伤,马修·林恩;丹尼斯·林恩,,,,,中文,spiritual-life,创伤医治;内在医治;祷告;生命成长,,,,5,,true,,待核实,false
cdl-000731,治理,诺曼·萧却克,,,,,中文,culture-society,治理;社会;伦理,,,https://christian-digital-library-assets.gioia-zheng-stud.workers.dev/covers/cdl-000731.jpg,5,https://christian-digital-library-assets.gioia-zheng-stud.workers.dev/previews/cdl-000731,true,,待核实,false
cdl-000484,法律詮釋學,法律 詮釋與應用,,,,,中文,culture-society,法律,,,https://christian-digital-library-assets.gioia-zheng-stud.workers.dev/covers/cdl-000484.jpg,5,https://christian-digital-library-assets.gioia-zheng-stud.workers.dev/previews/cdl-000484,true,,待核实,false
cdl-005704,波斯帝国,,,,,,中文,other,,,,,5,,true,,待核实,false
cdl-005705,波爱修斯：哲学的慰借,,,,,,中文,culture-society,哲学,,,,5,,true,,待核实,false
cdl-005706,注意牧者们,司布真,,,,,中文,other,,,,,5,,true,,待核实,false
cdl-002019,泪眼先知杰里迈亚：一个甘于寂寞，忠于所托的故事,杨牧谷,,,,,中文,other,,,,,5,,true,,待核实,false
cdl-005707,泪眼先知耶利米,杨牧谷,,,,,中文,bible-study,耶利米,,,,5,,true,,待核实,false
cdl-005708,泪眼先知耶利米,杨牧谷,,,,,中文,bible-study,耶利米,,,,5,,true,,待核实,false
cdl-005709,活像基督,登山宝训,,,,,中文,theology,基督,,,,5,,true,,待核实,false
cdl-005710,活像基督,登山宝训,,,,,中文,theology,基督,,,,5,,true,,待核实,false
cdl-005712,活像基督,上冊,,,,,中文,theology,基督,,,,5,,true,,待核实,false
cdl-005713,活像基督,下冊,,,,,中文,theology,基督,,,,5,,true,,待核实,false
cdl-005711,活像基督：登山宝训释义,钟马田,,,,,中文,theology,基督,,,,5,,true,,待核实,false
cdl-005714,活出你的命定,MUNROE MYLES,,,,,中文,other,,,,,5,,true,,待核实,false
cdl-005715,活出智慧：箴言,威爾斯比,,,,,中文,bible-study,箴言,,,,5,,true,,待核实,false
cdl-005716,活出智慧：箴言,威爾斯比,,,,,中文,bible-study,箴言,,,,5,,true,,待核实,false
cdl-005719,活出智慧人生,,,,,,中文,other,,,,,5,,true,,待核实,false
cdl-002017,活出智慧人生：旧约智慧书信息研究,黄仪章,,,,,中文,bible-study,旧约,,,,5,,true,,待核实,false
cdl-005717,活出智慧人生：旧约智慧书信息研究,黄仪章,,,,,中文,bible-study,旧约,,,,5,,true,,待核实,false
cdl-005718,活出智慧人生：旧约智慧书信息研究,黄仪章,,,,,中文,bible-study,旧约,,,,5,,true,,待核实,false
cdl-001944,活出更新的生命,毕保罗,,,,,中文,other,,,,,5,,true,,待核实,false
cdl-001179,活出热情,约翰 派博John Piper,,,,,中文,other,,,,https://christian-digital-library-assets.gioia-zheng-stud.workers.dev/covers/cdl-001179.jpg,5,https://christian-digital-library-assets.gioia-zheng-stud.workers.dev/previews/cdl-001179,true,,待核实,false
cdl-005720,活出生命的意义,,,,,,中文,other,,,,,5,,true,,待核实,false
cdl-005721,活出真道,马丁路德与加尔文的属灵追求,,,,,中文,other,,,,,5,,true,,待核实,false
cdl-005722,活出真道,马丁路德与加尔文的属灵追求,,,,,中文,other,,,,,0,,true,,待核实,false
cdl-002039,活出精彩,道格拉斯 贾克比,,,,,中文,other,,,,,5,,true,,待核实,false
cdl-001964,活出美好,约翰 欧斯汀,,,,,中文,other,,,,,5,,true,,待核实,false
cdl-005723,活出美好(书),,,,,,中文,other,,,,,5,,true,,待核实,false
cdl-005724,活出群体的美好,司杰恩,,,,,中文,other,,,,,5,,true,,待核实,false
cdl-000485,活在圣灵中,巴刻,,,,,中文,theology,圣灵,,,,5,,true,,待核实,false
cdl-004739,活在圣灵中,巴刻,,,,,中文,theology,圣灵,,,,5,,true,,待核实,false
cdl-005725,活在圣灵中,巴刻,,,,,中文,theology,圣灵,,,,5,,true,,待核实,false
cdl-005726,活在基督里,,,,,,中文,theology,基督,,,,5,,true,,待核实,false
cdl-000486,活在遮盖之下,约翰 毕维尔,,,,,中文,other,,,,,5,,true,,待核实,false
cdl-005727,活在遮盖之下,约翰 毕维尔,,,,,中文,other,,,,,5,,true,,待核实,false
cdl-005728,活在遮盖之下,约翰 毕维尔,,,,,中文,other,,,,,5,,true,,待核实,false
cdl-005731,活水,张家坤,,,,,中文,spiritual-life,活水;灵修;生命成长,,,,5,,true,,待核实,false
cdl-005735,活泉：使徒行传,,,,,,中文,bible-study,使徒行传,,,,5,,true,,待核实,false
cdl-005738,活泉：加拉太书、以弗所书、腓立比书、歌罗西书,,,,,,中文,bible-study,加拉太;以弗所;腓立比,,,,5,,true,,待核实,false
cdl-005741,活泉：启示录,,,,,,中文,bible-study,启示录,,,,5,,true,,待核实,false
cdl-005737,活泉：哥林多前后书,,,,,,中文,bible-study,哥林多,,,,5,,true,,待核实,false
cdl-005740,活泉：希伯来书、雅各书、彼得前后书、约翰一书、约翰二书、约翰三书、犹大书,,,,,,中文,bible-study,希伯来书;雅各书;彼得前,,,,5,,true,,待核实,false
cdl-005739,活泉：帖撒罗尼迦前后书、提摩太前后书、提多书、腓利门书,,,,,,中文,bible-study,帖撒罗尼迦;提摩太;提多书,,,,5,,true,,待核实,false
cdl-005734,活泉：约翰福音,,,,,,中文,bible-study,约翰福音,,,,5,,true,,待核实,false
cdl-005736,活泉：罗马书,,,,,,中文,bible-study,罗马书,,,,5,,true,,待核实,false
cdl-005733,活泉：路加福音,,,,,,中文,bible-study,路加福音,,,,5,,true,,待核实,false
cdl-005732,活泉：马太福音、马可福音,,,,,,中文,bible-study,马太福音;马可福音,,,,5,,true,,待核实,false
cdl-005742,活泉丛书：神就是福音,,,,,,中文,other,,,,,5,,true,,待核实,false
cdl-005743,活泉新约希腊文解经：约翰福音,,,,,,中文,bible-study,新约;解经;约翰福音,,,,5,,true,,待核实,false
cdl-001920,活着就是爱,特蕾莎,,,,,中文,other,,,,https://christian-digital-library-assets.gioia-zheng-stud.workers.dev/covers/cdl-001920.jpg,5,https://christian-digital-library-assets.gioia-zheng-stud.workers.dev/previews/cdl-001920,true,,待核实,false
cdl-005744,活着就是爱,特蕾莎修女,,,,,中文,spiritual-life,爱;特蕾莎修女;灵修;服事,,,,5,,true,,待核实,false
cdl-005745,活着就是爱,特蕾莎修女,,,,,中文,spiritual-life,爱;特蕾莎修女;灵修;服事,,,,5,,true,,待核实,false
cdl-005746,活道 箴言 教員本,,,,,,中文,bible-study,箴言,,,,5,,true,,待核实,false
cdl-005747,活道 箴言 研習本,,,,,,中文,bible-study,箴言,,,,5,,true,,待核实,false
cdl-005748,流水别墅传：赖特、考夫曼与美国最杰出的别,,,,,,中文,other,,,,,5,,true,,待核实,false
cdl-005749,流泪的耶利米,,,,,,中文,bible-study,耶利米,,,,5,,true,,待核实,false
cdl-005750,浅析圣经中的经典女性形象,吴钰,,,,,中文,bible-study,圣经,,,,3,,true,,待核实,false
cdl-002041,浅谈圣经预表,禤浩荣,,,,,中文,bible-study,圣经,,,,5,,true,,待核实,false
cdl-005751,浅谈圣经预表,,,,,,中文,bible-study,圣经,,,,5,,true,,待核实,false
cdl-001983,浩劫前夕：苦难的透视,葛培理,,,,,中文,other,,,,https://christian-digital-library-assets.gioia-zheng-stud.workers.dev/covers/cdl-001983.jpg,5,https://christian-digital-library-assets.gioia-zheng-stud.workers.dev/previews/cdl-001983,true,,待核实,false
cdl-005752,浪子回头,,,,,,中文,other,,,,,5,,true,,待核实,false
cdl-005753,海德堡要理問答(一),,,,,,中文,other,,,,,5,,true,,待核实,false
cdl-005754,海德堡要理問答(二),,,,,,中文,other,,,,,5,,true,,待核实,false
cdl-001472,海德堡要理问答,,,,,,中文,other,,,,https://christian-digital-library-assets.gioia-zheng-stud.workers.dev/covers/cdl-001472.jpg,5,https://christian-digital-library-assets.gioia-zheng-stud.workers.dev/previews/cdl-001472,true,,待核实,false
cdl-000877,深入牧养与小组,,,,,,中文,pastoral,牧养,,,,5,,true,,待核实,false
cdl-005756,深入非洲三万里：李文斯顿传,,,,,,中文,other,,,,,5,,true,,待核实,false
cdl-000487,深思熟虑的教会,狄马克 亚保罗,,,,,中文,theology,教会,,,https://christian-digital-library-assets.gioia-zheng-stud.workers.dev/covers/cdl-000487.jpg,5,https://christian-digital-library-assets.gioia-zheng-stud.workers.dev/previews/cdl-000487,true,,待核实,false
cdl-002448,深读主祷文,刘约翰,,,,,中文,other,,,,,5,,true,,待核实,false
cdl-000488,清教徒之约,王志勇 注,,,,,中文,church-history,清教徒,,,https://christian-digital-library-assets.gioia-zheng-stud.workers.dev/covers/cdl-000488.jpg,5,https://christian-digital-library-assets.gioia-zheng-stud.workers.dev/previews/cdl-000488,true,,待核实,false
cdl-000489,清教徒的生活观,Michael Phillips,,,,,中文,church-history,清教徒,,,,5,,true,,待核实,false
cdl-005757,清教徒的脚踪,,,,,,中文,church-history,清教徒,,,,5,,true,,待核实,false
cdl-005758,清教徒论婚姻,,,,,,中文,family-ministry,婚姻,,,,4,,true,,待核实,false
cdl-000542,清晨灵修操练,纪威廉,,,,,中文,spiritual-life,灵修,,,,5,,true,,待核实,false
cdl-000543,清晨灵修操练,纪威廉,,,,,中文,spiritual-life,灵修,,,https://christian-digital-library-assets.gioia-zheng-stud.workers.dev/covers/cdl-000543.jpg,5,https://christian-digital-library-assets.gioia-zheng-stud.workers.dev/previews/cdl-000543,true,,待核实,false
cdl-005759,清晨灵修操练,,,,,,中文,spiritual-life,灵修,,,,5,,true,,待核实,false
cdl-004947,清醒思考的艺术,思维辨析,,,,,中文,other,,,,,5,,true,,待核实,false
cdl-001740,清醒的心：鲁益师隽语录,鲁益师,,,,,中文,spiritual-life,鲁益师;隽语录;思想;灵修,,,https://christian-digital-library-assets.gioia-zheng-stud.workers.dev/covers/cdl-001740.jpg,5,https://christian-digital-library-assets.gioia-zheng-stud.workers.dev/previews/cdl-001740,true,,待核实,false
cdl-002210,彼得：渔夫、门徒、使徒,F. B. 麦尔,,,,,中文,spiritual-life,彼得;门徒;使徒;圣经人物,,,,5,,true,,待核实,false
cdl-002119,温州会议,王文锋,,,,,中文,other,,,,,5,,true,,待核实,false
cdl-005760,港版中国近代史(上)徐中约,,,,,,中文,other,,,,,5,,true,,待核实,false
cdl-005761,港版中国近代史(下)徐中约,,,,,,中文,other,,,,,5,,true,,待核实,false
cdl-000490,渴慕神,约翰派博,,,,,中文,spiritual-life,,,,,5,,true,,待核实,false
cdl-005762,渴慕神,陶恕,,,,,中文,other,,,,,5,,true,,待核实,false
cdl-005764,渴慕神,约翰派博,,,,,中文,spiritual-life,,,,,5,,true,,待核实,false
cdl-005765,渴慕神,约翰派博,,,,,中文,spiritual-life,,,,,5,,true,,待核实,false
cdl-005766,渴慕神,,,,,,中文,other,,,,,5,,true,,待核实,false
cdl-005763,渴慕神 陶恕,,,,,,中文,other,,,,,5,,true,,待核实,false
cdl-005768,同心同行,游宏湘,,,,,中文,spiritual-life,,,,,5,,true,,待核实,false
cdl-001575,布道宣讲手册,滕张佳音,,,,,中文,missions,布道;宣讲;福音;讲道,,,https://christian-digital-library-assets.gioia-zheng-stud.workers.dev/covers/cdl-001575.jpg,5,https://christian-digital-library-assets.gioia-zheng-stud.workers.dev/previews/cdl-001575,true,,待核实,false
cdl-001651,偏差与平衡,滕近辉,,,,,中文,spiritual-life,,,,https://christian-digital-library-assets.gioia-zheng-stud.workers.dev/covers/cdl-001651.jpg,5,https://christian-digital-library-assets.gioia-zheng-stud.workers.dev/previews/cdl-001651,true,,待核实,false
cdl-001224,漂亮的以斯帖王后,,,,,,中文,bible-study,以斯帖,,,https://christian-digital-library-assets.gioia-zheng-stud.workers.dev/covers/cdl-001224.jpg,5,https://christian-digital-library-assets.gioia-zheng-stud.workers.dev/previews/cdl-001224,true,,待核实,false
cdl-000370,漫话圣经,房龙,,,,,中文,bible-study,圣经,,,,5,,true,,待核实,false
cdl-005769,漫长中世纪的哲学与神学,,,,,,中文,theology,神学,,,,5,,true,,待核实,false
cdl-005770,漫长的人生归途,葛尼斯,,,,,中文,other,,,,,5,,true,,待核实,false
cdl-005895,潘霍华的伦理神学,界限与伦理,,,,,中文,theology,神学,,,,5,,true,,待核实,false
cdl-005771,潘霍华的顺服与叛逆,彭顺强,,,,,中文,other,,,,,5,,true,,待核实,false
cdl-005772,激流中的反思,梁燕城,,,,,中文,other,,,,,5,,true,,待核实,false
cdl-005773,激进神学的召唤,,,,,,中文,theology,神学,,,,5,,true,,待核实,false
cdl-001448,激进神学运动,第五章 世俗中的临在性,,,,,中文,theology,神学,,,https://christian-digital-library-assets.gioia-zheng-stud.workers.dev/covers/cdl-001448.jpg,5,https://christian-digital-library-assets.gioia-zheng-stud.workers.dev/previews/cdl-001448,true,,待核实,false
cdl-000492,火的布道,布永康,,,,,中文,missions,布道,,,https://christian-digital-library-assets.gioia-zheng-stud.workers.dev/covers/cdl-000492.jpg,5,https://christian-digital-library-assets.gioia-zheng-stud.workers.dev/previews/cdl-000492,true,,待核实,false
cdl-005774,灵修大师的幸福八堂课,,,,,,中文,spiritual-life,灵修,,,,5,,true,,待核实,false
cdl-005775,灵修大师的幸福八堂课,,,,,,中文,spiritual-life,灵修,,,,5,,true,,待核实,false
cdl-000369,灵修新径,戴迈乐,,,,,中文,spiritual-life,灵修,,,,5,,true,,待核实,false
cdl-005776,灵修版圣经,,,,,,中文,bible-study,圣经,,,,5,,true,,待核实,false
cdl-005777,灵修神学,廖炳堂,,,,,中文,theology,神学,,,,5,,true,,待核实,false
cdl-002204,灵修神学：理论与实践,廖炳堂,,,,,中文,theology,神学,,,,5,,true,,待核实,false
cdl-005778,与上帝同行的生命旅程——灵修著作精选,,,,,,中文,spiritual-life,灵修;生命成长;与神同行,,,,5,,true,,待核实,false
cdl-005779,与上帝同行的生命旅程——灵修著作精选,,,,,,中文,spiritual-life,灵修;生命成长;与神同行,,,,5,,true,,待核实,false
cdl-005780,与上帝同行的生命旅程——灵修著作精选,,,,,,中文,spiritual-life,灵修;生命成长;与神同行,,,,5,,true,,待核实,false
cdl-005781,与上帝同行的生命旅程——灵修著作精选,,,,,,中文,spiritual-life,灵修;生命成长;与神同行,,,,5,,true,,待核实,false
cdl-005782,与上帝同行的生命旅程——灵修著作精选,,,,,,中文,spiritual-life,灵修;生命成长;与神同行,,,,5,,true,,待核实,false
cdl-005783,与上帝同行的生命旅程——灵修著作精选,,,,,,中文,spiritual-life,灵修;生命成长;与神同行,,,,5,,true,,待核实,false
cdl-005787,灵程答客问——灵修著作精选,,,,,,中文,spiritual-life,灵修;信仰问答;生命成长,,,,5,,true,,待核实,false
cdl-005784,信为何物：基督教信仰简介——灵修著作精选,,,,,,中文,spiritual-life,灵修;信仰入门;基督教信仰,,,,5,,true,,待核实,false
cdl-005785,信为何物：基督教信仰简介——灵修著作精选,,,,,,中文,spiritual-life,灵修;信仰入门;基督教信仰,,,,5,,true,,待核实,false
cdl-005786,信为何物：基督教信仰简介——灵修著作精选,,,,,,中文,spiritual-life,灵修;信仰入门;基督教信仰,,,,5,,true,,待核实,false
cdl-005788,灵命塑造系列：回应上帝：用诗篇祷告,,,,,,中文,bible-study,诗篇,,,,5,,true,,待核实,false
cdl-005789,灵命建造工程,李振群 杨金兰,,,,,中文,spiritual-life,灵命,,,,5,,true,,待核实,false
cdl-005790,灵命更新礼赞,尤金 毕德生,,,,,中文,spiritual-life,灵命,,,,5,,true,,待核实,false
cdl-005791,灵命进深,,,,,,中文,spiritual-life,灵命,,,,5,,true,,待核实,false
cdl-005178,灵命进深的10大准则,攀登高峰,,,,,中文,spiritual-life,灵命,,,,5,,true,,待核实,false
cdl-005792,灵宫建造：教会牧养手册,张秉聪,,,,,中文,reference,手册,,,,5,,true,,待核实,false
cdl-000849,灵性低潮,钟马田,,,,,中文,spiritual-life,灵性,,,,5,,true,,待核实,false
cdl-005793,灵性低潮,,,,,,中文,spiritual-life,灵性,,,,5,,true,,待核实,false
cdl-005794,灵性低潮,,,,,,中文,spiritual-life,灵性,,,,5,,true,,待核实,false
cdl-000847,灵性低潮录,钟马田,,,,,中文,spiritual-life,灵性,,,https://christian-digital-library-assets.gioia-zheng-stud.workers.dev/covers/cdl-000847.jpg,5,https://christian-digital-library-assets.gioia-zheng-stud.workers.dev/previews/cdl-000847,true,,待核实,false
cdl-005829,灵性关顾12讲,牧养是场冒险,,,,,中文,spiritual-life,灵性,,,,5,,true,,待核实,false
cdl-001700,灵性复兴：科学与宗教的整合道路,肯恩 威尔伯,,,,,中文,spiritual-life,灵性,,,https://christian-digital-library-assets.gioia-zheng-stud.workers.dev/covers/cdl-001700.jpg,5,https://christian-digital-library-assets.gioia-zheng-stud.workers.dev/previews/cdl-001700,true,,待核实,false
cdl-005795,灵性操练的真谛,魏乐德,,,,,中文,spiritual-life,灵性,,,,5,,true,,待核实,false
cdl-005796,灵性操练真谛,,,,,,中文,spiritual-life,灵性,,,,5,,true,,待核实,false
cdl-005797,灵性操练真谛,,,,,,中文,spiritual-life,灵性,,,,5,,true,,待核实,false
cdl-005798,灵性操练真谛,,,,,,中文,spiritual-life,灵性,,,,5,,true,,待核实,false
cdl-005799,灵性操练真谛,,,,,,中文,spiritual-life,灵性,,,,5,,true,,待核实,false
cdl-005800,灵性操练真谛,,,,,,中文,spiritual-life,灵性,,,,5,,true,,待核实,false
cdl-000611,灵恩的再思,陈仲辉,,,,,中文,other,,,,https://christian-digital-library-assets.gioia-zheng-stud.workers.dev/covers/cdl-000611.jpg,5,https://christian-digital-library-assets.gioia-zheng-stud.workers.dev/previews/cdl-000611,true,,待核实,false
cdl-001747,灵恩问题面面观：教会走灵恩路线答问,饶孝柏,,,,,中文,theology,教会,,,https://christian-digital-library-assets.gioia-zheng-stud.workers.dev/covers/cdl-001747.jpg,5,https://christian-digital-library-assets.gioia-zheng-stud.workers.dev/previews/cdl-001747,true,,待核实,false
cdl-000881,灵火继焚烧,,,,,,中文,other,,,,,5,,true,,待核实,false
cdl-002161,灵粮日课：马可福音，彼得前后书,周神助,,,,,中文,bible-study,马可福音;彼得前,,,,0,,true,,待核实,false
cdl-001911,灵风爱火：再思圣灵论,潘嘉乐,,,,,中文,theology,圣灵,,,https://christian-digital-library-assets.gioia-zheng-stud.workers.dev/covers/cdl-001911.jpg,5,https://christian-digital-library-assets.gioia-zheng-stud.workers.dev/previews/cdl-001911,true,,待核实,false
cdl-000493,灵魂不灭,伯特纳,,,,,中文,other,,,,,5,,true,,待核实,false
cdl-000494,灵魂之锚,,,,,,中文,other,,,,,5,,true,,待核实,false
cdl-000678,灵魂只能独行,周国平,,,,,中文,other,,,,,5,,true,,待核实,false
cdl-000384,灵魂的解剖,加尔文,,,,,中文,other,,,,https://christian-digital-library-assets.gioia-zheng-stud.workers.dev/covers/cdl-000384.jpg,5,https://christian-digital-library-assets.gioia-zheng-stud.workers.dev/previews/cdl-000384,true,,待核实,false
cdl-005801,灵魂的解剖：加尔文之〈诗篇注释〉中论圣灵,,,,,,中文,bible-study,注释;诗篇,,,,5,,true,,待核实,false
cdl-000495,灵魂的黑夜,,,,,,中文,other,,,,https://christian-digital-library-assets.gioia-zheng-stud.workers.dev/covers/cdl-000495.jpg,5,https://christian-digital-library-assets.gioia-zheng-stud.workers.dev/previews/cdl-000495,true,,待核实,false
cdl-000496,炉灰中的懊悔,焦源濂,,,,,中文,other,,,,https://christian-digital-library-assets.gioia-zheng-stud.workers.dev/covers/cdl-000496.jpg,5,https://christian-digital-library-assets.gioia-zheng-stud.workers.dev/previews/cdl-000496,true,,待核实,false
cdl-005802,点与线，论人,林鸿信,,,,,中文,other,,,,,5,,true,,待核实,false
cdl-005803,為人父母為人師表,,,,,,中文,other,,,,,5,,true,,待核实,false
cdl-005804,為什麼我們不再使用「四個屬靈的定律」傳福音,,,,,,中文,missions,傳福音,,,,5,,true,,待核实,false
cdl-001870,炽热的心：感恩祭的生活默想,卢云,,,,,中文,other,,,,,5,,true,,待核实,false
cdl-002075,爱，是一生的抉择,江林月娇,,,,,中文,other,,,,,5,,true,,待核实,false
cdl-005805,爱上诗篇,,,,,,中文,bible-study,诗篇,,,,5,,true,,待核实,false
cdl-005806,爱上诗篇,W Robert Godfrey,,,,,中文,bible-study,诗篇,,,,5,,true,,待核实,false
cdl-005807,爱与怒：如何处理婚姻之怒,区祥江,,,,,中文,family-ministry,婚姻,,,,5,,true,,待核实,false
cdl-001946,爱与接纳自己,麦道卫,,,,,中文,other,,,,,5,,true,,待核实,false
cdl-005808,爱与欲(关启文、洪子云主编),,,,,,中文,other,,,,,5,,true,,待核实,false
cdl-001702,爱中契合,卢云,,,,,中文,other,,,,,5,,true,,待核实,false
cdl-002062,爱主你的上帝,查理 寇尔森,,,,,中文,theology,上帝,,,,5,,true,,待核实,false
cdl-001957,爱你一生,哈玛丽,,,,,中文,other,,,,,5,,true,,待核实,false
cdl-002371,爱徒的叮咛：约翰书信研究,腾近辉,,,,,中文,other,,,,,5,,true,,待核实,false
cdl-000497,爱情不设限,力克 胡哲 澳,,,,,中文,other,,,,,5,,true,,待核实,false
cdl-005809,爱是一种能力,屠岸,,,,,中文,other,,,,,5,,true,,待核实,false
cdl-005810,爱是坦然无惧：重寻夫妇的亲密关系,比尔密斯,,,,,中文,other,,,,,5,,true,,待核实,false
cdl-000498,爱的五种语言,,,,,,中文,other,,,,,5,,true,,待核实,false
cdl-005811,爱的五种语言,盖瑞·查普曼（Gary Chapman）,,,,,中文,family-ministry,婚姻;家庭;关系;沟通,,,,5,,true,,待核实,false
cdl-005812,爱的伦理,十诫登山宝训与基督信仰的伦理精神,,,,,中文,culture-society,伦理,,,,5,,true,,待核实,false
cdl-005813,爱的使者 基督圣徒传,,,,,,中文,theology,基督,,,,5,,true,,待核实,false
cdl-000570,爱的使者：基督圣徒传,萧潇,,,,,中文,theology,基督,,,,5,,true,,待核实,false
cdl-000631,爱的故事,高尔基,,,,,中文,other,,,,https://christian-digital-library-assets.gioia-zheng-stud.workers.dev/covers/cdl-000631.jpg,5,https://christian-digital-library-assets.gioia-zheng-stud.workers.dev/previews/cdl-000631,true,,待核实,false
cdl-005815,爱的沟通,,,,,,中文,other,,,,,5,,true,,待核实,false
cdl-001941,爱的漩涡,卢云,,,,,中文,other,,,,,5,,true,,待核实,false
cdl-005816,爱的秩序,,,,,,中文,other,,,,,5,,true,,待核实,false
cdl-002623,爱的秩序【德】M·舍勒,,,,,,中文,other,,,,,5,,true,,待核实,false
cdl-001795,爱的跟随：路得记阅微,焦源濂,,,,,中文,bible-study,路得记,,,,0,,true,,待核实,false
cdl-005817,爱的雕琢—如何作成功父母,竹君,,,,,中文,other,,,,,5,,true,,待核实,false
cdl-005818,爱的雕琢—如何作成功父母,竹君,,,,,中文,other,,,,,5,,true,,待核实,false
cdl-005819,爱里合一：以弗所书查经,卜安迪,,,,,中文,bible-study,以弗所,,,,5,,true,,待核实,false
cdl-005820,爱里合一：以弗所书查经,卜安迪,,,,,中文,bible-study,以弗所,,,,5,,true,,待核实,false
cdl-005821,父母的职责,莱尔（J. C. Ryle）,,张澄道,,,中文,family-ministry,父母;家庭;教养;基督徒生活,,,,5,,true,,待核实,false
cdl-005822,父母的职责,莱尔（J. C. Ryle）,,张澄道,,,中文,family-ministry,父母;家庭;教养;基督徒生活,,,,5,,true,,待核实,false
cdl-005823,版权及简介,,,,,,中文,other,版权说明;简介,本条目为文件中的版权与简介页，具体书目信息待进一步核对。,,,5,,true,,待核实,false
cdl-000500,牛津基督教会史,,,,,,中文,church-history,教会史,,,https://christian-digital-library-assets.gioia-zheng-stud.workers.dev/covers/cdl-000500.jpg,5,https://christian-digital-library-assets.gioia-zheng-stud.workers.dev/previews/cdl-000500,true,,待核实,false
cdl-005825,牛津基督教史,,,,,,中文,theology,基督,,,,5,,true,,待核实,false
cdl-005824,牛津基督教史（插图本）,,,,,,中文,church-history,基督教史;教会历史;牛津;插图本,,,,5,,true,,待核实,false
cdl-002215,大卫：牧人、诗人、君王,F. B. 麦尔,,,,,中文,spiritual-life,大卫;灵修;圣经人物;生命成长,,,,5,,true,,待核实,false
cdl-002556,牧会书信全景,,,,,,中文,pastoral,牧会,,,,5,,true,,待核实,false
cdl-005826,牧会书信全景,,,,,,中文,pastoral,牧会,,,,5,,true,,待核实,false
cdl-000501,牧养与承担,,,,,,中文,pastoral,牧养,,,,5,,true,,待核实,false
cdl-005827,牧养就是回到原点,,,,,,中文,pastoral,牧养,,,,5,,true,,待核实,false
cdl-005828,牧养心与领导力,苏文隆,,,,,中文,pastoral,牧养,,,,5,,true,,待核实,false
cdl-005830,牧养的艺术,大卫韩森,,,,,中文,pastoral,牧养,,,,5,,true,,待核实,false
cdl-005831,牧养的艺术,,,,,,中文,pastoral,牧养,,,,5,,true,,待核实,false
cdl-005832,牧养神的群羊,何卫中,,,,,中文,pastoral,牧养,,,,5,,true,,待核实,false
cdl-005833,牧师：公众神学家,,,,,,中文,theology,神学,,,,5,,true,,待核实,false
cdl-005834,牧师也会哭泣,路西尔 雷芬达,,,,,中文,other,,,,,5,,true,,待核实,false
cdl-005835,牧师和神学家们眼中的圣经神学,,,,,,中文,bible-study,圣经,,,,5,,true,,待核实,false
cdl-005836,牧者的翱翔：毕德生的40个牧养笔记,,,,,,中文,pastoral,牧养,,,,5,,true,,待核实,false
cdl-002045,牧者看诗篇廿三篇,凯菲利,,,,,中文,bible-study,诗篇,,,,5,,true,,待核实,false
cdl-000502,牧范学导言,,,,,,中文,other,,,,,5,,true,,待核实,false
cdl-001798,牧野的芦笛：圣经旧约文学研究,唐佑之,,,,,中文,bible-study,圣经;旧约,,,,5,,true,,待核实,false
cdl-005837,牧養新契機2013,,,,,,中文,pastoral,牧養,,,,5,,true,,待核实,false
cdl-005838,物理学,,,,,,中文,other,,,,,5,,true,,待核实,false
cdl-005839,牵一只蜗牛去散步,张文亮,,,,,中文,family-ministry,亲子;教育;家庭,,,,5,,true,,待核实,false
cdl-002412,犹太人的福音：希伯来书诠释：新约,马有藻,,,,,中文,bible-study,新约;希伯来书,,,,5,,true,,待核实,false
cdl-000778,犹太战记,,,,,,中文,other,,,,,5,,true,,待核实,false
cdl-001722,犹太教,黄陵渝,,,,,中文,other,,,,,5,,true,,待核实,false
cdl-005841,犹太文化之旅 走进犹太人的信仰、传统与生活,,,,,,中文,theology,信仰,,,,5,,true,,待核实,false
cdl-000503,犹太文明,,,,,,中文,other,,,,https://christian-digital-library-assets.gioia-zheng-stud.workers.dev/covers/cdl-000503.jpg,5,https://christian-digital-library-assets.gioia-zheng-stud.workers.dev/previews/cdl-000503,true,,待核实,false
cdl-000504,犹太民族不朽的诗篇-死海古卷,,,,,,中文,bible-study,诗篇,,,https://christian-digital-library-assets.gioia-zheng-stud.workers.dev/covers/cdl-000504.jpg,5,https://christian-digital-library-assets.gioia-zheng-stud.workers.dev/previews/cdl-000504,true,,待核实,false
cdl-005842,犹太社会,,,,,,中文,culture-society,社会,,,,5,,true,,待核实,false
cdl-001679,狂热的爱,陈弗朗西斯 Francis Chan,,,,,中文,other,,,,https://christian-digital-library-assets.gioia-zheng-stud.workers.dev/covers/cdl-001679.jpg,5,https://christian-digital-library-assets.gioia-zheng-stud.workers.dev/previews/cdl-001679,true,,待核实,false
cdl-000505,狱中书简,朋霍费尔,,,,,中文,other,,,,,5,,true,,待核实,false
cdl-005843,犹大书,,,,,,中文,bible-study,圣经;新约;犹大书,,,,5,,true,,待核实,false
cdl-001591,激流中再思使命,王美锺,,,,,中文,missions,,,,https://christian-digital-library-assets.gioia-zheng-stud.workers.dev/covers/cdl-001591.jpg,5,https://christian-digital-library-assets.gioia-zheng-stud.workers.dev/previews/cdl-001591,true,,待核实,false
cdl-005844,玛拉基书,伊贝斯,,,,,中文,bible-study,玛拉基,,,,5,,true,,待核实,false
cdl-001256,玛拉基书天道研经导读(伊贝斯),,,,,,中文,bible-study,研经;玛拉基,,,https://christian-digital-library-assets.gioia-zheng-stud.workers.dev/covers/cdl-001256.jpg,5,https://christian-digital-library-assets.gioia-zheng-stud.workers.dev/previews/cdl-001256,true,,待核实,false
cdl-005845,玛拉基书研读,爱的辩论,,,,,中文,bible-study,玛拉基,,,,5,,true,,待核实,false
cdl-005846,玩出反思力,,,,,,中文,other,,,,,5,,true,,待核实,false
cdl-005847,玩出好品格,,,,,,中文,other,,,,,5,,true,,待核实,false
cdl-005848,现代人与宗教,,,,,,中文,culture-society,宗教,,,,5,,true,,待核实,false
cdl-005849,现代人释经丛书6：五小卷研读：希伯来圣经与社群认同,,,,,,中文,bible-study,圣经;释经,,,,5,,true,,待核实,false
cdl-005850,现代人释经丛书6：五小卷研读：希伯来圣经与社群认同,,,,,,中文,bible-study,圣经;释经,,,,5,,true,,待核实,false
cdl-001897,现代处境中的宗教,陈慎庆 等,,,,,中文,culture-society,宗教;社会;现代处境,,,,5,,true,,待核实,false
cdl-005851,现代学人与学术,,,,,,中文,other,,,,,5,,true,,待核实,false
cdl-000132,现代犹太哲学,傅有德,,,,,中文,culture-society,哲学,,,https://christian-digital-library-assets.gioia-zheng-stud.workers.dev/covers/cdl-000132.jpg,5,https://christian-digital-library-assets.gioia-zheng-stud.workers.dev/previews/cdl-000132,true,,待核实,false
cdl-005852,现代西方哲学辞典,夏基松,,,,,中文,reference,哲学;辞典;西方哲学;工具书,,,,5,,true,,待核实,false
cdl-001703,现代语境与后现代中的基督教,曾庆豹 等,,,,,中文,theology,基督教;后现代;神学;现代性,本书围绕现代语境与后现代思想中的基督教议题展开，关注信仰、文化与思想处境之间的关系。,,https://christian-digital-library-assets.gioia-zheng-stud.workers.dev/covers/cdl-001703.jpg,5,https://christian-digital-library-assets.gioia-zheng-stud.workers.dev/previews/cdl-001703,true,,待核实,false
cdl-005853,珥 30 摩 31俄 32拿 33弥 34鸿,,,,,,中文,other,,,,,5,,true,,待核实,false
cdl-005854,班福德：人生下半场,,,,,,中文,other,,,,,5,,true,,待核实,false
cdl-005855,理性信仰（叁册）,,,,,,中文,theology,信仰,,,,5,,true,,待核实,false
cdl-005856,理性信仰（壹册）,,,,,,中文,theology,信仰,,,,5,,true,,待核实,false
cdl-005857,理性信仰（贰册）,,,,,,中文,theology,信仰,,,,5,,true,,待核实,false
cdl-005858,理性的边界：博弈论与各门行为科学的统一,赫伯特·金迪斯,,,,,中文,culture-society,博弈论;行为科学;理性;社会科学,,,,5,,true,,待核实,false
cdl-005859,理性神学与上帝创造性,,,,,,中文,theology,神学,,,,5,,true,,待核实,false
cdl-005860,理想国,,,,,,中文,other,,,,,5,,true,,待核实,false
cdl-005861,理想国,柏拉图,,,,,中文,other,,,,,5,,true,,待核实,false
cdl-005862,耳语者：斯大林时代苏联的私人生活,奥兰多·费吉斯,,毛俊杰,,,中文,culture-society,历史;苏联史;斯大林时代;理想国译丛,,,,5,,true,,待核实,false
cdl-005863,理所当然的侍奉（第一册）：神圣之道,威廉默斯·布雷克,,,,,中文,theology,侍奉;神学;基督徒生活;神圣之道,,,,5,,true,,待核实,false
cdl-005864,理所当然的侍奉（第三册）：美德之道,威廉默斯·布雷克,,,,,中文,theology,侍奉;神学;基督徒生活;美德,,,,5,,true,,待核实,false
cdl-004748,理所当然的侍奉（第三册）,威廉默斯·布雷克,,,,,中文,theology,侍奉;神学;基督徒生活,,,,5,,true,,待核实,false
cdl-005865,理所当然的侍奉（第二册）：信心之道,威廉默斯·布雷克,,,,,中文,theology,侍奉;神学;基督徒生活;信心,,,,5,,true,,待核实,false
cdl-004749,理所当然的侍奉（第二册）,威廉默斯·布雷克,,,,,中文,theology,侍奉;神学;基督徒生活,,,,5,,true,,待核实,false
cdl-005866,理所当然的侍奉（第四册）,威廉默斯·布雷克,,,生命之道,,中文,theology,侍奉;神学;基督徒生活,,,,5,,true,,待核实,false
cdl-004750,理所当然的侍奉（第四册）,威廉默斯·布雷克,,,,,中文,theology,侍奉;神学;基督徒生活,,,,5,,true,,待核实,false
cdl-005867,理智胜过情感 如何改变你的抑郁、焦虑、愤怒和内疚情绪 第2版,,,,,,中文,other,,,,,5,,true,,待核实,false
cdl-005868,理查德·柏瑞特：将人的心意夺回,,,,,,中文,other,,,,,5,,true,,待核实,false
cdl-000508,理解之思：詮釋學初論,,,,,,中文,other,,,,https://christian-digital-library-assets.gioia-zheng-stud.workers.dev/covers/cdl-000508.jpg,5,https://christian-digital-library-assets.gioia-zheng-stud.workers.dev/previews/cdl-000508,true,,待核实,false
cdl-005869,理解功利主义,蒂姆·莫尔根,,,,,中文,culture-society,伦理学;功利主义;哲学,,,,5,,true,,待核实,false
cdl-005870,理解的命運,,,,,,中文,other,,,,,5,,true,,待核实,false
cdl-005871,生命之光,马有藻,,,,,中文,other,,,,,5,,true,,待核实,false
cdl-005872,生命之树：圣经智慧文学之探索,莫菲,,,,,中文,bible-study,圣经,,,,5,,true,,待核实,false
cdl-005873,生命之道,吕佩渊,,,,,中文,other,,,,,5,,true,,待核实,false
cdl-005874,生命伦理：对当代生命科技的道德评估,,,,,,中文,culture-society,伦理,,,,5,,true,,待核实,false
cdl-001432,生命信息系列：约翰书信,杰克曼,,,,,中文,other,,,,https://christian-digital-library-assets.gioia-zheng-stud.workers.dev/covers/cdl-001432.jpg,5,https://christian-digital-library-assets.gioia-zheng-stud.workers.dev/previews/cdl-001432,true,,待核实,false
cdl-002109,生命总有伤痛时,杨腓力,,,,,中文,other,,,,,0,,true,,待核实,false
cdl-001773,生命的事奉,滕近辉,,,,,中文,other,,,,,5,,true,,待核实,false
cdl-005875,生命的成熟：灵命成长原则与实践,孙德生（J. Oswald Sanders）,,钟越娜,南方出版社,2012,中文,spiritual-life,灵命成长;门徒训练;灵修,,,,5,,true,,待核实,false
cdl-005876,生命的旅程,,,,,,中文,other,,,,,5,,true,,待核实,false
cdl-002089,生命的粮：新约圣经入门,三浦绫子,,,,,中文,bible-study,圣经;新约,,,,5,,true,,待核实,false
cdl-005877,生命的语言,,,,,,中文,other,,,,,5,,true,,待核实,false
cdl-005878,生命的轨迹,,,,,,中文,other,生命成长;见证,,,,5,,true,,待核实,false
cdl-005879,生命的雅歌,,,,,,中文,bible-study,雅歌,,,,5,,true,,待核实,false
cdl-005880,生命真正的自由,,,,,,中文,other,,,,,5,,true,,待核实,false
cdl-005881,生命造就丛书,祷告解密,,,,,中文,other,,,,,5,,true,,待核实,false
cdl-005882,生命长进四部曲,马有藻,,,,,中文,other,,,,,5,,true,,待核实,false
cdl-005883,生如朝雾――约翰派博,,,,,,中文,other,,,,,5,,true,,待核实,false
cdl-005884,生存及生存者,,,,,,中文,other,,,,,5,,true,,待核实,false
cdl-005885,生活与命运,,,,,,中文,other,,,,,5,,true,,待核实,false
cdl-005886,生活造就系列：勇者不懼,李顺长,,,,,中文,other,,,,,5,,true,,待核实,false
cdl-005887,用新眼来光看耶稣与保罗,,,,,,中文,other,,,,,5,,true,,待核实,false
cdl-005888,由初信到成長,,,,,,中文,other,,,,,5,,true,,待核实,false
cdl-003907,申命记（卷上）——国际释经系列,,,,,,中文,bible-study,圣经;旧约;申命记;国际释经,,,,5,,true,,待核实,false
cdl-003908,申命记（卷上）——国际释经系列,,,,,,中文,bible-study,圣经;旧约;申命记;国际释经,,,,5,,true,,待核实,false
cdl-003909,申命记（卷上）——国际释经系列,,,,,,中文,bible-study,圣经;旧约;申命记;国际释经,,,,5,,true,,待核实,false
cdl-003910,申命记（卷下）——国际释经系列,,,,,,中文,bible-study,圣经;旧约;申命记;国际释经,,,,5,,true,,待核实,false
cdl-000509,申命记,,,,,,中文,bible-study,申命记,,,,5,,true,,待核实,false
cdl-001367,申命记,,,,,,中文,bible-study,申命记,,,https://christian-digital-library-assets.gioia-zheng-stud.workers.dev/covers/cdl-001367.jpg,5,https://christian-digital-library-assets.gioia-zheng-stud.workers.dev/previews/cdl-001367,true,,待核实,false
cdl-005892,申命记,,,,,,中文,bible-study,申命记,,,,5,,true,,待核实,false
cdl-000909,申命记 下冊 刘少平,,,,,,中文,bible-study,申命记,,,,5,,true,,待核实,false
cdl-003911,申命记（上）——国际释经系列,,,,,,中文,bible-study,圣经;旧约;申命记;国际释经,,,,5,,true,,待核实,false
cdl-005891,申命记(鲍勃·厄特利),,,,,,中文,bible-study,申命记,,,,5,,true,,待核实,false
cdl-005893,申命记上,刘少平,,,,,中文,bible-study,申命记,,,,5,,true,,待核实,false
cdl-005894,申命记下,刘少平,,,,,中文,bible-study,申命记,,,,5,,true,,待核实,false
cdl-000510,男性指南,,,,,,中文,other,,,,,5,,true,,待核实,false
cdl-005896,界限对谈,亨利 克劳德 约翰 汤森德,,,,,中文,other,,,,,5,,true,,待核实,false
cdl-005897,異象、呼召、使命,,,,,,中文,other,,,,,5,,true,,待核实,false
cdl-005898,當主耶穌面對世界,,,,,,中文,other,,,,,5,,true,,待核实,false
cdl-005899,當主耶穌面對世界,,,,,,中文,other,,,,,5,,true,,待核实,false
cdl-005900,當代基督十架,,,,,,中文,theology,基督,,,,5,,true,,待核实,false
cdl-005901,當代基督徒人文素養,,,,,,中文,theology,基督,,,,5,,true,,待核实,false
cdl-005902,當代基督徒與同性戀議題,,,,,,中文,theology,基督,,,,5,,true,,待核实,false
cdl-005903,當代基督教與政治,,,,,,中文,theology,基督,,,,5,,true,,待核实,false
cdl-005904,當代政治神學文選,,,,,,中文,theology,神學,,,,5,,true,,待核实,false
cdl-005905,當代聖靈工作,,,,,,中文,theology,聖靈,,,,5,,true,,待核实,false
cdl-005906,當代講道藝術,,,,,,中文,pastoral,講道,,,,5,,true,,待核实,false
cdl-001959,疼痛：不受欢迎的礼物：保罗·班德，杨腓力,,,,,,中文,other,,,,https://christian-digital-library-assets.gioia-zheng-stud.workers.dev/covers/cdl-001959.jpg,5,https://christian-digital-library-assets.gioia-zheng-stud.workers.dev/previews/cdl-001959,true,,待核实,false
cdl-005909,痛苦的奥秘,C S Lewis,,,,,中文,other,,,,,5,,true,,待核实,false
cdl-005908,痛苦的奥秘 繁体,C S Lewis,,,,,中文,other,,,,,5,,true,,待核实,false
cdl-005910,癌病中的盼望,,,,,,中文,other,,,,,5,,true,,待核实,false
cdl-000850,登山宝训,钟马田,,,,,中文,other,,,,,5,,true,,待核实,false
cdl-005911,登山寶訓小组查经手册,斯托得,,,,,中文,reference,手册,,,,5,,true,,待核实,false
cdl-005912,登山寶訓小组查经手册,斯托得,,,,,中文,reference,手册,,,,5,,true,,待核实,false
cdl-005913,皮拉提斯教学法实用手册,,,,,,中文,reference,手册,,,,5,,true,,待核实,false
cdl-000511,盖恩夫人文集,,,,,,中文,other,,,,https://christian-digital-library-assets.gioia-zheng-stud.workers.dev/covers/cdl-000511.jpg,5,https://christian-digital-library-assets.gioia-zheng-stud.workers.dev/previews/cdl-000511,true,,待核实,false
cdl-000512,盖恩夫人的信,,,,,,中文,other,,,,https://christian-digital-library-assets.gioia-zheng-stud.workers.dev/covers/cdl-000512.jpg,5,https://christian-digital-library-assets.gioia-zheng-stud.workers.dev/previews/cdl-000512,true,,待核实,false
cdl-001601,中国基督教圣诗史,盛宣恩,,,,,中文,church-history,,,,,5,,true,,待核实,false
cdl-005914,目睹生命之道：解读约翰福音,陈济民,,,校园书房出版社,2013,中文,bible-study,圣经;新约;约翰福音;释经,,,,5,,true,,待核实,false
cdl-005915,盲点：为什么聪明人也犯傻,,,,,,中文,other,,,,,5,,true,,待核实,false
cdl-000732,直到地极25,,,,,,中文,other,,,,https://christian-digital-library-assets.gioia-zheng-stud.workers.dev/covers/cdl-000732.jpg,5,https://christian-digital-library-assets.gioia-zheng-stud.workers.dev/previews/cdl-000732,true,,待核实,false
cdl-000733,直奔标竿,林观福,,,,,中文,other,,,,,3,,true,,待核实,false
cdl-002145,直奔标竿：成为目标导向的教会,雷伟恩,,,,,中文,theology,教会,,,,5,,true,,待核实,false
cdl-005916,相信与重生的关系,王承恩绘,,,,,中文,other,,,,,5,,true,,待核实,false
cdl-002212,撒迦利亚：盼望的先知,F. B. 麦尔,,,,,中文,spiritual-life,撒迦利亚;先知;盼望;圣经人物,,,,5,,true,,待核实,false
cdl-005918,盼望的话语 启示录的十堂课,陈济民,,,,,中文,bible-study,启示录,,,,5,,true,,待核实,false
cdl-005919,盼望神学,基督教终末论的基础与意涵,,,,,中文,theology,神学,,,,5,,true,,待核实,false
cdl-000513,真假福音,泰文 维克斯,,,,,中文,other,,,,,5,,true,,待核实,false
cdl-000734,真假福音 必读之书,,,,,,中文,other,,,,,5,,true,,待核实,false
cdl-000735,真北2,,,,,,中文,other,,,,https://christian-digital-library-assets.gioia-zheng-stud.workers.dev/covers/cdl-000735.jpg,5,https://christian-digital-library-assets.gioia-zheng-stud.workers.dev/previews/cdl-000735,true,,待核实,false
cdl-000736,真实的敬拜(敬拜神与灵命成长),,,,,,中文,spiritual-life,敬拜;灵命,,,https://christian-digital-library-assets.gioia-zheng-stud.workers.dev/covers/cdl-000736.jpg,5,https://christian-digital-library-assets.gioia-zheng-stud.workers.dev/previews/cdl-000736,true,,待核实,false
cdl-001961,真爱之旅：30个基督徒追寻真爱的感人故事,伊丽莎白 艾略特,,,,,中文,theology,基督,,,,5,,true,,待核实,false
cdl-002337,真理与事奉：提摩太前书,林汉星,,,,,中文,bible-study,提摩太,,,,5,,true,,待核实,false
cdl-000737,真理与生命,,,,,,中文,other,,,,,5,,true,,待核实,false
cdl-000738,真理与自由,冯荫坤,,,,,中文,other,,,,,5,,true,,待核实,false
cdl-000739,真理的寻索,斯托得,,,,,中文,other,,,,https://christian-digital-library-assets.gioia-zheng-stud.workers.dev/covers/cdl-000739.jpg,5,https://christian-digital-library-assets.gioia-zheng-stud.workers.dev/previews/cdl-000739,true,,待核实,false
cdl-000740,真理的教师：马丁·路德和他的世界,,,,,,中文,church-history,路德,,,https://christian-digital-library-assets.gioia-zheng-stud.workers.dev/covers/cdl-000740.jpg,5,https://christian-digital-library-assets.gioia-zheng-stud.workers.dev/previews/cdl-000740,true,,待核实,false
cdl-000741,真理的脚踪(约翰福音诠释),,,,,,中文,bible-study,约翰福音,,,,5,,true,,待核实,false
cdl-000628,真理的脚踪：约翰福音诠释,马有藻,,,,,中文,bible-study,约翰福音,,,https://christian-digital-library-assets.gioia-zheng-stud.workers.dev/covers/cdl-000628.jpg,5,https://christian-digital-library-assets.gioia-zheng-stud.workers.dev/previews/cdl-000628,true,,待核实,false
cdl-006908,真理的脚踪：约翰福音诠释,马有藻,,,,,中文,bible-study,约翰福音,,,,5,,true,,待核实,false
cdl-000742,真理的脚踪—约翰福音诠释,,,,,,中文,bible-study,约翰福音,,,,0,,true,,待核实,false
cdl-000743,真理的腳蹤 — 約翰福音詮釋,,,,,,中文,bible-study,約翰福音,,,https://christian-digital-library-assets.gioia-zheng-stud.workers.dev/covers/cdl-000743.jpg,5,https://christian-digital-library-assets.gioia-zheng-stud.workers.dev/previews/cdl-000743,true,,待核实,false
cdl-000745,真理的装备,鲍会园,,,,,中文,other,,,,,5,,true,,待核实,false
cdl-005920,真理的装备 天道信徒神学系列,鲍会园,,,,,中文,theology,神学,,,,5,,true,,待核实,false
cdl-000744,真理的装备：天道信徒神学系列,鲍会园,,,,,中文,theology,神学,,,https://christian-digital-library-assets.gioia-zheng-stud.workers.dev/covers/cdl-000744.jpg,5,https://christian-digital-library-assets.gioia-zheng-stud.workers.dev/previews/cdl-000744,true,,待核实,false
cdl-000746,真相信,,,,,,中文,other,,,,,5,,true,,待核实,false
cdl-006219,真相系列：安克伯^韦尔登,耶稣研讨会的真相,,,,,中文,other,,,,,5,,true,,待核实,false
cdl-000747,真知灼见：歌罗西书讲解,沈保罗,,,,,中文,bible-study,歌罗西,,,https://christian-digital-library-assets.gioia-zheng-stud.workers.dev/covers/cdl-000747.jpg,5,https://christian-digital-library-assets.gioia-zheng-stud.workers.dev/previews/cdl-000747,true,,待核实,false
cdl-000629,真知道祂：基要真理面面观,马有藻,,,,,中文,other,,,,,5,,true,,待核实,false
cdl-000748,真自由 唐崇荣,,,,,,中文,other,,,,https://christian-digital-library-assets.gioia-zheng-stud.workers.dev/covers/cdl-000748.jpg,5,https://christian-digital-library-assets.gioia-zheng-stud.workers.dev/previews/cdl-000748,true,,待核实,false
cdl-000088,真道初阶,亚伯拉罕海伦堡,,,,,中文,other,,,,https://christian-digital-library-assets.gioia-zheng-stud.workers.dev/covers/cdl-000088.jpg,5,https://christian-digital-library-assets.gioia-zheng-stud.workers.dev/previews/cdl-000088,true,,待核实,false
cdl-000749,真道初阶,亚伯拉罕·海伦堡,,,,,中文,theology,教义问答;改革宗;基础信仰,本书以问答方式阐释基督教基本教义，适合作为信仰入门与教义学习材料。,,,5,,true,,待核实,false
cdl-000154,睇视之光,刘小枫,,,,,中文,other,,,,https://christian-digital-library-assets.gioia-zheng-stud.workers.dev/covers/cdl-000154.jpg,5,https://christian-digital-library-assets.gioia-zheng-stud.workers.dev/previews/cdl-000154,true,,待核实,false
cdl-001966,知己知彼：洞察自我与他人的心理秘诀,鞠远华,,,,,中文,other,,,,,5,,true,,待核实,false
cdl-000514,石版上的圣言,十诫与今日的道德危机,,,,,中文,other,,,,,5,,true,,待核实,false
cdl-005921,石版上的圣言,十诫与今日的道德危机,,,,,中文,other,,,,,5,,true,,待核实,false
cdl-001258,研經系列,,,,,,中文,bible-study,研經,,,,1,,true,,待核实,false
cdl-005922,研经日课,,,,,,中文,bible-study,研经,,,,5,,true,,待核实,false
cdl-005923,研经法论集,祖约翰,,,,,中文,bible-study,研经,,,,5,,true,,待核实,false
cdl-002397,研论加拉太书以弗所书：新约,陆彼得,,,,,中文,bible-study,新约;加拉太;以弗所,,,,5,,true,,待核实,false
cdl-001980,研论启示录于廿一世纪,陆彼得,,,,,中文,bible-study,启示录,,,,5,,true,,待核实,false
cdl-002274,研论帖撒罗尼迦前书,陆彼得,,,,,中文,bible-study,帖撒罗尼迦,,,,5,,true,,待核实,false
cdl-002276,研论罗马书,陆彼得,,,,,中文,bible-study,罗马书,,,,5,,true,,待核实,false
cdl-002411,研论腓利门书歌罗西书及其他,陆彼得,,,,,中文,bible-study,歌罗西;腓利门,,,,5,,true,,待核实,false
cdl-005925,研读妥拉：犹太深度释经法入门,,,,,,中文,bible-study,妥拉;旧约;释经;犹太研究,,,,5,,true,,待核实,false
cdl-005924,研读妥拉 犹太深度释经法入门,,,,,,中文,bible-study,释经,,,,5,,true,,待核实,false
cdl-001680,破碎与重整,亚兰 尼尔森,,,,,中文,other,,,,https://christian-digital-library-assets.gioia-zheng-stud.workers.dev/covers/cdl-001680.jpg,5,https://christian-digital-library-assets.gioia-zheng-stud.workers.dev/previews/cdl-001680,true,,待核实,false
cdl-005926,破碎与重整,,,,,,中文,other,,,,,5,,true,,待核实,false
cdl-005927,破除人生百忧,,,,,,中文,other,,,,,5,,true,,待核实,false
cdl-005928,硅谷禁书：世界上最神奇的2堂课,,,,,,中文,other,,,,,5,,true,,待核实,false
cdl-002205,确凿不移的真理：罗马人书讲解,沈保罗,,,,,中文,other,,,,,0,,true,,待核实,false
cdl-005929,确凿不移的真理：罗马讲解书,沈保罗,,,,,中文,other,,,,,5,,true,,待核实,false
cdl-000133,磐石之上,傅格森,,,,,中文,other,,,,https://christian-digital-library-assets.gioia-zheng-stud.workers.dev/covers/cdl-000133.jpg,5,https://christian-digital-library-assets.gioia-zheng-stud.workers.dev/previews/cdl-000133,true,,待核实,false
cdl-000383,磐石之上,傅格森,,,,,中文,other,,,,https://christian-digital-library-assets.gioia-zheng-stud.workers.dev/covers/cdl-000383.jpg,5,https://christian-digital-library-assets.gioia-zheng-stud.workers.dev/previews/cdl-000383,true,,待核实,false
cdl-005931,磐石之上,,,,,,中文,other,,,,,5,,true,,待核实,false
cdl-005930,磐石之上 古朴背景版,,,,,,中文,other,,,,,5,,true,,待核实,false
cdl-000515,磐石之上-掌握救恩要义 稳健属灵生命,辛克莱 傅格森,,,,,中文,spiritual-life,属灵,,,https://christian-digital-library-assets.gioia-zheng-stud.workers.dev/covers/cdl-000515.jpg,5,https://christian-digital-library-assets.gioia-zheng-stud.workers.dev/previews/cdl-000515,true,,待核实,false
cdl-000516,磐石之上-掌握救恩要义 稳健属灵生命,辛克莱 傅格森,,,,,中文,spiritual-life,属灵,,,https://christian-digital-library-assets.gioia-zheng-stud.workers.dev/covers/cdl-000516.jpg,5,https://christian-digital-library-assets.gioia-zheng-stud.workers.dev/previews/cdl-000516,true,,待核实,false
cdl-005932,礼拜的更新,胡忠铭,,,,,中文,other,,,,,5,,true,,待核实,false
cdl-005933,社会学（第五版）,安东尼·吉登斯,,,北京大学出版社,2009,中文,culture-society,社会学;社会理论;通识教育,,,,5,,true,,待核实,false
cdl-005934,祂是信實的,,,,,,中文,other,,,,,5,,true,,待核实,false
cdl-000517,祂是大牧者 生命的主宰,赖王秀籣,,,,,中文,other,,,,,5,,true,,待核实,false
cdl-002458,祂替我受刑罚,巴刻（J. I. Packer）、狄马可（Mark Dever）,巴刻（J. I. Packer，1926-2020）是神学家与作家，长期研究清教徒传统、系统神学与福音派信仰。狄马可（Mark Dever）是美国牧师、九标志事工负责人，关注教会论、门徒训练与健康教会建设。,骆鸿铭、王之玮、彭彦华,改革宗翻译社,2013,中文,theology,赎罪;十字架;代替受罚;救恩论,本书阐明并护卫基督代替罪人受罚的赎罪真理，帮助读者认识十字架的荣耀及其对福音宣讲的核心意义。,,,5,,true,,版权受保护,false
cdl-000518,祈祷出来的能力,邦兹,,,,,中文,other,,,,,5,,true,,待核实,false
cdl-005935,祈禱得力,,,,,,中文,other,,,,,5,,true,,待核实,false
cdl-000750,祝福或咒诅 马有藻,,,,,,中文,spiritual-life,祝福,,,,5,,true,,待核实,false
cdl-000519,神 人与宗教,赵忠辉,,,,,中文,culture-society,宗教,,,https://christian-digital-library-assets.gioia-zheng-stud.workers.dev/covers/cdl-000519.jpg,5,https://christian-digital-library-assets.gioia-zheng-stud.workers.dev/previews/cdl-000519,true,,待核实,false
cdl-005936,神 的 护 理 约翰·穆理,,,,,,中文,other,,,,,5,,true,,待核实,false
cdl-005937,神、启示、权威(一):神的晓谕及彰显,,,,,,中文,other,,,,,5,,true,,待核实,false
cdl-005940,神、启示、权威I,韩客尔,,,,,中文,other,,,,,5,,true,,待核实,false
cdl-005941,神、启示、权威IV—韩客尔,,,,,,中文,other,,,,,5,,true,,待核实,false
cdl-005942,神丛39：旧约导读(上),,,,,,中文,bible-study,旧约,,,,5,,true,,待核实,false
cdl-005943,神人同居的世界,,,,,,中文,other,,,,,5,,true,,待核实,false
cdl-005944,神儿子丰满的见证,,,,,,中文,other,,,,,5,,true,,待核实,false
cdl-001841,神儿子的复活,赖特 N T Wright,,,,,中文,other,,,,,5,,true,,待核实,false
cdl-000888,神兒子耶穌學生本,,,,,,中文,other,,,,https://christian-digital-library-assets.gioia-zheng-stud.workers.dev/covers/cdl-000888.jpg,5,https://christian-digital-library-assets.gioia-zheng-stud.workers.dev/previews/cdl-000888,true,,待核实,false
cdl-001923,神和我,凯瑟琳 马歇尔,,,,,中文,spiritual-life,,,,https://christian-digital-library-assets.gioia-zheng-stud.workers.dev/covers/cdl-001923.jpg,5,https://christian-digital-library-assets.gioia-zheng-stud.workers.dev/previews/cdl-001923,true,,待核实,false
cdl-005945,神哪，为什么,约伯余与生,,,,,中文,other,,,,,5,,true,,待核实,false
cdl-000899,神喜歡的事學生本,,,,,,中文,other,,,,https://christian-digital-library-assets.gioia-zheng-stud.workers.dev/covers/cdl-000899.jpg,5,https://christian-digital-library-assets.gioia-zheng-stud.workers.dev/previews/cdl-000899,true,,待核实,false
cdl-000520,神圣的帷幕-宗教社会学理论之要素,彼得 贝格尔,,,,,中文,culture-society,社会;宗教,,,https://christian-digital-library-assets.gioia-zheng-stud.workers.dev/covers/cdl-000520.jpg,5,https://christian-digital-library-assets.gioia-zheng-stud.workers.dev/previews/cdl-000520,true,,待核实,false
cdl-005948,神圣的帷幕：宗教社会学理论之要素,彼得·伯格,,,,,中文,culture-society,宗教社会学;现代社会;宗教理论,,,,5,,true,,待核实,false
cdl-005949,神圣的拥抱,,,,,,中文,other,,,,,5,,true,,待核实,false
cdl-000116,神圣的根,何光沪,,,,,中文,other,,,,https://christian-digital-library-assets.gioia-zheng-stud.workers.dev/covers/cdl-000116.jpg,5,https://christian-digital-library-assets.gioia-zheng-stud.workers.dev/previews/cdl-000116,true,,待核实,false
cdl-002263,神在历史中：罗马书(卷三),博爱思,,,,,中文,bible-study,罗马书,,,,5,,true,,待核实,false
cdl-005951,神在讲道中居首位,约翰 派博,,,,,中文,pastoral,讲道,,,,5,,true,,待核实,false
cdl-005952,神在讲道中居首位,,,,,,中文,pastoral,讲道,,,,5,,true,,待核实,false
cdl-005953,神学：基要神学(一):创造的神(圣经论，神论),,,,,,中文,bible-study,圣经,,,,5,,true,,待核实,false
cdl-001879,神学：当代学术入门,福特,,,,,中文,theology,神学,,,https://christian-digital-library-assets.gioia-zheng-stud.workers.dev/covers/cdl-001879.jpg,5,https://christian-digital-library-assets.gioia-zheng-stud.workers.dev/previews/cdl-001879,true,,待核实,false
cdl-005954,神学与当代文艺思想,,,,,,中文,theology,神学,,,,5,,true,,待核实,false
cdl-001868,神学与当代文艺思想：汉斯·昆伯尔：等,,,,,,中文,theology,神学,,,,0,,true,,待核实,false
cdl-005955,神学与形而上学,詹姆士 利奇蒙德,,,,,中文,theology,神学,,,,5,,true,,待核实,false
cdl-005956,神学入门 史鲍尔,,,,,,中文,theology,神学,,,,5,,true,,待核实,false
cdl-005957,神学发展史,马有藻,,,,,中文,theology,神学,,,,5,,true,,待核实,false
cdl-005958,神学名词辞典,赵中辉,,,,,中文,reference,辞典,,,,5,,true,,待核实,false
cdl-005959,神学基础丛书：认识旧约神学主题,,,,,,中文,bible-study,旧约,,,,5,,true,,待核实,false
cdl-005960,神学大全 导读,,,,,,中文,theology,神学,,,,5,,true,,待核实,false
cdl-005961,神学大全 第十七册 论肉身复活的问题,,,,,,中文,theology,神学,,,,5,,true,,待核实,false
cdl-005962,神学大全 第十三册 论天主圣言之降生成人,,,,,,中文,theology,神学,,,,5,,true,,待核实,false
cdl-005963,神学大全 第十二册 论特殊恩宠、生活和身,,,,,,中文,theology,神学,,,,5,,true,,待核实,false
cdl-005964,神学大全 第十五册 论圣事 概论、圣洗,,,,,,中文,theology,神学,,,,5,,true,,待核实,false
cdl-005965,神学大全 第十六册 论圣事 告解、终傅,,,,,,中文,theology,神学,,,,5,,true,,待核实,false
cdl-005966,神学大全 第四册 论人的道德行为与情,,,,,,中文,theology,神学,,,,5,,true,,待核实,false
cdl-001846,神学思想建设论文选,曹圣洁 等,,,,,中文,theology,神学;论文;中国教会,,,,5,,true,,待核实,false
cdl-001874,神学思想的经验：基督教神学的进路与形式,莫尔特曼,,,,,中文,theology,神学,,,,5,,true,,待核实,false
cdl-005967,神学思想的经验：基督教神学的进路与形式,,,,,,中文,theology,神学,,,,5,,true,,待核实,false
cdl-001931,神学探讨入门：神学是什么,查理士 赫治,,,,,中文,theology,神学,,,https://christian-digital-library-assets.gioia-zheng-stud.workers.dev/covers/cdl-001931.jpg,5,https://christian-digital-library-assets.gioia-zheng-stud.workers.dev/previews/cdl-001931,true,,待核实,false
cdl-002375,神学方法论,陈俊伟,,,,,中文,theology,神学,,,,5,,true,,待核实,false
cdl-005968,神学方法论,陈俊伟,,,,,中文,theology,神学,,,,5,,true,,待核实,false
cdl-002418,神学求生指南,邵葉尔 M James Sawyer,,,,,中文,theology,神学,,,,5,,true,,待核实,false
cdl-005969,神学求生指南,,,,,,中文,theology,神学,,,,5,,true,,待核实,false
cdl-003308,神学的公共意义,信仰的完满,,,,,中文,theology,神学,,,,5,,true,,待核实,false
cdl-003309,神学的公共意义,信仰的完满,,,,,中文,theology,神学,,,,5,,true,,待核实,false
cdl-005970,神学的哲学基础,杨庆球,,,,,中文,theology,神学;哲学;神学方法,,,,5,,true,,待核实,false
cdl-005971,神学的故事,奥尔森,,,,,中文,theology,神学,,,,5,,true,,待核实,false
cdl-001800,神学的灵泉：基督教神秘主义传统的起源,安德鲁 洛思,,,,,中文,theology,神学,,,https://christian-digital-library-assets.gioia-zheng-stud.workers.dev/covers/cdl-001800.jpg,5,https://christian-digital-library-assets.gioia-zheng-stud.workers.dev/previews/cdl-001800,true,,待核实,false
cdl-002146,神学的灵泉：基督教神秘主义传统的起源,安德鲁 洛思,,,,,中文,theology,神学,,,,5,,true,,待核实,false
cdl-005972,神学的科学,,,,,,中文,theology,神学,,,,5,,true,,待核实,false
cdl-005973,神学研究：一种百科全书式的定位,艾伯林,,,,,中文,reference,百科,,,,5,,true,,待核实,false
cdl-005974,神学系列(三):基要神学(三),,,,,,中文,theology,神学,,,,5,,true,,待核实,false
cdl-005975,神学讲演录,纳西盎的格里高利,,,,,中文,theology,神学,,,,5,,true,,待核实,false
cdl-005976,神学诠释学,,,,,,中文,theology,神学,,,,5,,true,,待核实,false
cdl-005977,神学院招生简章,,,,,,中文,theology,神学,,,,5,,true,,待核实,false
cdl-005978,神学院没教的讲道秘诀,安迪 史坦利 蓝恩 琼斯,,,,,中文,pastoral,讲道,,,,5,,true,,待核实,false
cdl-001513,神學導論講義,,,,,,中文,theology,神學;導論;講義,,,,5,,true,,待核实,false
cdl-001514,神學導論讀本,,,,,,中文,theology,神學;導論;讀本,,,,5,,true,,待核实,false
cdl-005979,神必救赎：以赛亚书诠释,,,,,,中文,bible-study,以赛亚,,,,5,,true,,待核实,false
cdl-006911,神必救赎：以赛亚书诠释,马有藻,,,,,中文,bible-study,以赛亚,,,,5,,true,,待核实,false
cdl-005980,神必记念(撒迦利亚书诠释),,,,,,中文,bible-study,撒迦利亚,,,,5,,true,,待核实,false
cdl-001976,神恩惠的福音,齐志曼 等,,,,,中文,theology,恩典;福音;神学,,,,5,,true,,待核实,false
cdl-005981,神所改變的人：摩西生平,欧福娜,,,,,中文,church-history,生平,,,,5,,true,,待核实,false
cdl-005982,神掌管每件事吗,,,,,,中文,other,,,,,5,,true,,待核实,false
cdl-001921,神操浅释,Jacques Lewis S J,,,,,中文,other,,,,,5,,true,,待核实,false
cdl-005983,神操浅释,,,,,,中文,other,,,,,5,,true,,待核实,false
cdl-005984,神曲,意 但丁,,,,,中文,culture-society,神曲;但丁;文学,,,,5,,true,,待核实,false
cdl-005985,神權、人權、政權,,,,,,中文,other,,,,,5,,true,,待核实,false
cdl-005986,神的不变性,神的预旨是永不改变,,,,,中文,other,,,,,2,,true,,待核实,false
cdl-002220,摩西：神的仆人,F. B. 麦尔,,,,,中文,spiritual-life,摩西;圣经人物;灵修;事奉,,,,5,,true,,待核实,false
cdl-001878,神的使者：圣经故事中的人物与传奇,埃利 维瑟尔,,,,,中文,bible-study,圣经,,,,5,,true,,待核实,false
cdl-005987,神的历史,凯伦·阿姆斯特朗,,蔡昌雄,立绪,2012,中文,church-history,宗教史;上帝观;犹太教;基督教;伊斯兰教,本书从宗教史角度梳理犹太教、基督教与伊斯兰教中一神观念的发展，讨论人类如何理解神这一核心信仰符号。,,,5,,true,,待核实,false
cdl-005988,神的和好之道,,,,,,中文,other,,,,,5,,true,,待核实,false
cdl-005989,神的形像,,,,,,中文,other,,,,,5,,true,,待核实,false
cdl-005991,神的形象,,,,,,中文,other,,,,,5,,true,,待核实,false
cdl-001681,神的形象,保罗·班德（Paul Brand）、杨腓力（Philip Yancey）,保罗·班德（Paul Brand，1914-2003）是英国医生和医疗宣教士，长期从事麻风病治疗与康复工作。杨腓力（Philip Yancey）是美国基督教作家，作品常以故事、苦难、恩典与信仰反思为主题。,,,,中文,theology,神的形象;人体;教会;神学,本书借人体的结构、痛觉与生命奥秘，反思人按神形象受造以及教会作为基督身体的意义。,,,5,,true,,版权受保护,false
cdl-005990,神的形象(溫偉耀),,,,,,中文,other,,,,,5,,true,,待核实,false
cdl-002154,神的形象：保罗·班德，杨腓力,,,,,,中文,other,,,,,5,,true,,待核实,false
cdl-001185,神的故事 你的故事 指导手册,卡森,,,,,中文,reference,手册,,,,5,,true,,待核实,false
cdl-005992,神的故事你的故事(卡森),,,,,,中文,other,,,,,5,,true,,待核实,false
cdl-005993,神的杰作：身体奥秘的发现之旅,保罗·班德、杨腓力,,,,,中文,culture-society,身体;创造;信仰与科学,,,,5,,true,,待核实,false
cdl-002221,雅各：神的王子以色列,F. B. 麦尔,,,,,中文,spiritual-life,雅各;以色列;圣经人物;灵修,,,,5,,true,,待核实,false
cdl-005994,神的生命,引述有一位神,,,,,中文,other,,,,,3,,true,,待核实,false
cdl-000521,神的荣耀,叶提多,,,,,中文,other,,,,,5,,true,,待核实,false
cdl-005995,神的荣耀(以西结书精要诠释),,,,,,中文,bible-study,以西结,,,,5,,true,,待核实,false
cdl-005996,神的荣耀：以西结书精要诠释,,,,,,中文,bible-study,以西结,,,,5,,true,,待核实,false
cdl-005997,神的預定與人的自由,,,,,,中文,other,,,,,5,,true,,待核实,false
cdl-005998,神的预定与人的自由,唐崇荣,,,,,中文,other,,,,,5,,true,,待核实,false
cdl-005999,神秘神学,,,,,,中文,theology,神学,,,,5,,true,,待核实,false
cdl-002624,神秘神学(托名)狄奥尼修斯,,,,,,中文,theology,神学,,,,5,,true,,待核实,false
cdl-002368,神终极的心意：以弗所书第一章,钟马田,,,,,中文,bible-study,以弗所,,,,5,,true,,待核实,false
cdl-006000,神给奴仆约瑟尊荣,,,,,,中文,other,,,,,5,,true,,待核实,false
cdl-006001,神荣耀的彰显,狄马可,,,,,中文,other,,,,,5,,true,,待核实,false
cdl-001905,神论：从万物有灵到上帝之死,启良,,,,,中文,theology,上帝,,,,5,,true,,待核实,false
cdl-006002,神话扎心,,,,,,中文,other,,,,,5,,true,,待核实,false
cdl-006003,神话语的力量 谈圣经与神的权柄,赖特,,,,,中文,bible-study,圣经,,,,5,,true,,待核实,false
cdl-006004,神鬼交战 旧约议题面面观,吴献章,,,,,中文,bible-study,旧约,,,,5,,true,,待核实,false
cdl-002213,耶利米：祭司和先知,F. B. 麦尔,,,,,中文,spiritual-life,耶利米;先知;圣经人物;灵修,,,,5,,true,,待核实,false
cdl-000522,祷告,哈列斯比,,,,,中文,spiritual-life,祷告,,,,5,,true,,待核实,false
cdl-006005,祷告,杨腓力,,,,,中文,spiritual-life,祷告,,,,5,,true,,待核实,false
cdl-006006,祷告与敬拜,,,,,,中文,spiritual-life,祷告;敬拜,,,,5,,true,,待核实,false
cdl-006007,祷告改变了什么吗,杨腓力,,,,,中文,spiritual-life,祷告;灵修;信仰生活,杨腓力从个人经验、圣经叙事与信仰困惑出发，探讨祷告的意义、限制与真实功用。,,,5,,true,,待核实,false
cdl-006008,祷告次序,,,,,,中文,spiritual-life,祷告,,,,5,,true,,待核实,false
cdl-006009,祷告法,马太亨利,,,,,中文,spiritual-life,祷告,,,,5,,true,,待核实,false
cdl-006013,祷告的方法,如何用经文祷告 改革宗,,,,,中文,spiritual-life,祷告,,,,5,,true,,待核实,false
cdl-006010,祷告的方法 如何使用经文祷告,马太 亨利,,,,,中文,spiritual-life,祷告,,,,5,,true,,待核实,false
cdl-006011,祷告的方法 如何使用经文祷告,马太 亨利,,,,,中文,spiritual-life,祷告,,,,5,,true,,待核实,false
cdl-006012,祷告的方法：如何使用经文祷告,,,,,,中文,spiritual-life,祷告,,,,5,,true,,待核实,false
cdl-006014,祷告的美丽境界,,,,,,中文,spiritual-life,祷告,,,,5,,true,,待核实,false
cdl-006018,祷告真谛,寻找心灵真正归宿,,,,,中文,spiritual-life,祷告,,,,5,,true,,待核实,false
cdl-000523,祷告能改变事情吗,司布尔,,,,,中文,spiritual-life,祷告,,,https://christian-digital-library-assets.gioia-zheng-stud.workers.dev/covers/cdl-000523.jpg,5,https://christian-digital-library-assets.gioia-zheng-stud.workers.dev/previews/cdl-000523,true,,待核实,false
cdl-006019,祷告能改变事情吗,,,,,,中文,spiritual-life,祷告,,,,5,,true,,待核实,false
cdl-006020,祷告解密,提摩太 凯勒,,,,,中文,spiritual-life,祷告,,,,5,,true,,待核实,false
cdl-006021,祷告解密,提摩太 凯勒,,,,,中文,spiritual-life,祷告,,,,5,,true,,待核实,false
cdl-006022,祷告馆,聆听的祷告,,,,,中文,spiritual-life,祷告,,,,5,,true,,待核实,false
cdl-006023,禁食祷告：隐藏的大能,,,,,,中文,spiritual-life,祷告,,,,5,,true,,待核实,false
cdl-000524,禁食祷告的大能,白立德,,,,,中文,spiritual-life,祷告,,,https://christian-digital-library-assets.gioia-zheng-stud.workers.dev/covers/cdl-000524.jpg,5,https://christian-digital-library-assets.gioia-zheng-stud.workers.dev/previews/cdl-000524,true,,待核实,false
cdl-006024,禅的100个哲理故事,,,,,,中文,other,,,,,5,,true,,待核实,false
cdl-006025,福音(详细的福音注释),,,,,,中文,bible-study,注释,,,,5,,true,,待核实,false
cdl-006026,福音：我们失去了什么,,,,,,中文,other,,,,,5,,true,,待核实,false
cdl-006027,福音上,,,,,,中文,other,,,,,5,,true,,待核实,false
cdl-006028,福音下,,,,,,中文,other,,,,,5,,true,,待核实,false
cdl-006029,福音与文化,吴献章,,,,,中文,culture-society,文化,,,,5,,true,,待核实,false
cdl-006030,福音与文化,吴献章,,,,,中文,culture-society,文化,,,,5,,true,,待核实,false
cdl-000904,福音与爱心关怀,,,,,,中文,other,,,,https://christian-digital-library-assets.gioia-zheng-stud.workers.dev/covers/cdl-000904.jpg,5,https://christian-digital-library-assets.gioia-zheng-stud.workers.dev/previews/cdl-000904,true,,待核实,false
cdl-006031,福音专刊,,,,,,中文,other,,,,,5,,true,,待核实,false
cdl-000525,福音之争战,陈佐人,,,,,中文,other,,,,,3,,true,,待核实,false
cdl-006032,福音书与耶稣生平,,,,,,中文,church-history,生平,,,,5,,true,,待核实,false
cdl-006033,福音书与耶稣生平,,,,,,中文,church-history,生平,,,,5,,true,,待核实,false
cdl-006034,福音书与耶稣生平,,,,,,中文,church-history,生平,,,,5,,true,,待核实,false
cdl-006035,福音书与耶稣生平,史特劳斯,,,,,中文,church-history,生平,,,,5,,true,,待核实,false
cdl-001781,福音书导论,马可 鲍威尔,,,,,中文,other,,,,,0,,true,,待核实,false
cdl-001862,福音书总论与马可福音导论,黄锡木,,,,,中文,bible-study,马可福音,,,,5,,true,,待核实,false
cdl-006036,福音五课,繁体版,,,,,中文,other,,,,,5,,true,,待核实,false
cdl-006038,福音五课 教师版 全本,,,,,,中文,other,,,,,5,,true,,待核实,false
cdl-006037,福音五课：学生版,,,,,,中文,other,,,,,5,,true,,待核实,false
cdl-006039,福音五课学生版,,,,,,中文,other,,,,,5,,true,,待核实,false
cdl-002434,福音作为悲剧、喜剧和童话,布赫纳 Frederick Buechner,,,,,中文,other,,,,,5,,true,,待核实,false
cdl-001869,福音出击,史提夫 索格仑,,,,,中文,other,,,,,5,,true,,待核实,false
cdl-006040,福音性小组查经：奇異的耶穌,李顺长,,,,,中文,other,,,,,5,,true,,待核实,false
cdl-006041,福音性小组查经：奇異的耶穌,李顺长,,,,,中文,other,,,,,5,,true,,待核实,false
cdl-006042,福音性小组查经：扎根於永恆,李顺长,,,,,中文,other,,,,,5,,true,,待核实,false
cdl-006043,福音性小组查经：扎根於永恆,李顺长,,,,,中文,other,,,,,5,,true,,待核实,false
cdl-006044,福音性小组查经：璀璨的新生,李顺长,,,,,中文,other,,,,,5,,true,,待核实,false
cdl-006045,福音性小组查经：璀璨的新生,李顺长,,,,,中文,other,,,,,5,,true,,待核实,false
cdl-006046,福音性研經第十版,苏颖睿,,,,,中文,bible-study,研經,,,,5,,true,,待核实,false
cdl-006047,福音是什么,卡森,,,,,中文,other,,,,,5,,true,,待核实,false
cdl-006048,福音是什么,卡森,,,,,中文,other,,,,,5,,true,,待核实,false
cdl-006049,福音是什么,卡森,,,,,中文,other,,,,,5,,true,,待核实,false
cdl-006050,福音派与基督教的未来,,,,,,中文,theology,基督,,,,5,,true,,待核实,false
cdl-000573,福音派危机,薛华,,,,,中文,other,,,,,5,,true,,待核实,false
cdl-006051,福音真意,,,,,,中文,missions,福音;宣教;信仰,,,,5,,true,,待核实,false
cdl-000865,福音神学,,,,,,中文,theology,神学,,,,5,,true,,待核实,false
cdl-001926,福音神学暨福音难题解答,吴主光,,,,,中文,theology,神学,,,,5,,true,,待核实,false
cdl-006052,福音讲章系列,,,,,,中文,pastoral,讲章,,,,5,,true,,待核实,false
cdl-006053,离婚：在你下定决心之前,,,,,,中文,family-ministry,婚姻;离婚;辅导,,,,5,,true,,待核实,false
cdl-006054,离婚与再婚,陈若愚,,,,,中文,other,,,,,5,,true,,待核实,false
cdl-006055,离经叛道 不按常理出牌的人如何改变,,,,,,中文,other,,,,,5,,true,,待核实,false
cdl-000751,种子圣经注释：帖撒罗尼迦前后书,,,,,,中文,bible-study,圣经;注释;帖撒罗尼迦,,,https://christian-digital-library-assets.gioia-zheng-stud.workers.dev/covers/cdl-000751.jpg,5,https://christian-digital-library-assets.gioia-zheng-stud.workers.dev/previews/cdl-000751,true,,待核实,false
cdl-006056,科学与宗教,布鲁克,,,,,中文,culture-society,科学;宗教,,,,5,,true,,待核实,false
cdl-000526,科学与宗教 从哥白尼到达尔文(1450-1900),理查德 奥尔森,,,,,中文,culture-society,科学;宗教,,,,5,,true,,待核实,false
cdl-006057,科学与宗教引论,麦格拉思,,,,,中文,culture-society,科学;宗教,,,,5,,true,,待核实,false
cdl-000706,科学大师的求学、恋爱与理念,张文亮,,,,,中文,culture-society,科学,,,,5,,true,,待核实,false
cdl-005907,科学家如何解释疾病,病因何在,,,,,中文,culture-society,科学,,,,5,,true,,待核实,false
cdl-001903,科学对基督教的挑战,李志航,,,,,中文,theology,基督,,,https://christian-digital-library-assets.gioia-zheng-stud.workers.dev/covers/cdl-001903.jpg,5,https://christian-digital-library-assets.gioia-zheng-stud.workers.dev/previews/cdl-001903,true,,待核实,false
cdl-006607,科学还是神话,进化论的圣像,,,,,中文,culture-society,科学,,,,5,,true,,待核实,false
cdl-006058,科技带给这一代社会和信仰的威胁,唐慕华,,,,,中文,theology,信仰,,,,5,,true,,待核实,false
cdl-006059,积极心理学 任俊 2006,,,,,,中文,other,,,,,5,,true,,待核实,false
cdl-006060,称义、成圣、与圣灵：罗马书五至八章进解,,,,,,中文,bible-study,罗马书,,,,5,,true,,待核实,false
cdl-000527,穆勒传,罗杰 斯蒂尔,,,,,中文,church-history,,,,https://christian-digital-library-assets.gioia-zheng-stud.workers.dev/covers/cdl-000527.jpg,5,https://christian-digital-library-assets.gioia-zheng-stud.workers.dev/previews/cdl-000527,true,,待核实,false
cdl-006062,穆斯林,基督徒和耶稣,,,,,中文,missions,穆斯林,,,,5,,true,,待核实,false
cdl-006063,穷查理宝典：查理芒格智慧箴言录,,,,,,中文,bible-study,箴言,,,,5,,true,,待核实,false
cdl-006064,空虚自己：单国玺回忆录,,,,,,中文,other,,,,,5,,true,,待核实,false
cdl-006065,穿一件尺寸不合的衣衫 关于中国哲学和儒教定义,葛兆光,,,,,中文,culture-society,哲学,,,,5,,true,,待核实,false
cdl-001972,穿越生命风暴：伤痛、希望和医治,诺曼·莱特 等,,,,,中文,spiritual-life,苦难;医治;辅导;盼望,,,,5,,true,,待核实,false
cdl-000387,窄路,,,,,,中文,other,,,,https://christian-digital-library-assets.gioia-zheng-stud.workers.dev/covers/cdl-000387.jpg,5,https://christian-digital-library-assets.gioia-zheng-stud.workers.dev/previews/cdl-000387,true,,待核实,false
cdl-000528,窄门附近的徘徊,司布真,,,,,中文,other,,,,https://christian-digital-library-assets.gioia-zheng-stud.workers.dev/covers/cdl-000528.jpg,5,https://christian-digital-library-assets.gioia-zheng-stud.workers.dev/previews/cdl-000528,true,,待核实,false
cdl-002043,立约门徒,互相督责 塑造灵命,,,,,中文,spiritual-life,门徒,,,,5,,true,,待核实,false
cdl-000529,竭诚为主,章伯斯,,,,,中文,other,,,,,5,,true,,待核实,false
cdl-006067,竭诚为主,,,,,,中文,other,,,,,5,,true,,待核实,false
cdl-006066,竭诚为主,章伯斯,,谢黄心湄,证主,2001,中文,spiritual-life,灵修;每日默想;奉献;属灵生命,本书是经典每日灵修读物，引导读者在日常生活中操练顺服、祷告与对基督的委身。,,,5,,true,,待核实,false
cdl-006068,笔战罗马,卢龙光,,,,,中文,other,,,,,5,,true,,待核实,false
cdl-006069,笔战罗马,卢龙光,,,,,中文,other,,,,,5,,true,,待核实,false
cdl-001380,第一个复活节,,,,,,中文,other,,,,https://christian-digital-library-assets.gioia-zheng-stud.workers.dev/covers/cdl-001380.jpg,5,https://christian-digital-library-assets.gioia-zheng-stud.workers.dev/previews/cdl-001380,true,,待核实,false
cdl-000530,第一亚当与第二亚当,朋霍费尔,,,,,中文,other,,,,,5,,true,,待核实,false
cdl-006070,第一亚当和第二亚当 彭霍费尔,,,,,,中文,other,,,,,5,,true,,待核实,false
cdl-006678,门徒训练（第一册）：学员版,,,,,,中文,spiritual-life,门徒训练;教材;生命成长,,,,5,,true,,待核实,false
cdl-006071,第一册教师本,,,,,,中文,other,,,,,5,,true,,待核实,false
cdl-006072,第一章 青春期初期的孩子是怎么样的,,,,,,中文,family-ministry,孩子,,,,5,,true,,待核实,false
cdl-002598,公共理性与现代学术,,,,生活·读书·新知三联书店,,中文,culture-society,三联·哈佛燕京学术丛书;公共理性;现代学术;思想史,,,,5,,true,,待核实,false
cdl-006073,第一部分 划时代的里程碑 历史时期、主题与基督教神学,,,,,,中文,church-history,历史,,,,5,,true,,待核实,false
cdl-006457,第一集：赞美诗,诗中之诗,,,,,中文,spiritual-life,赞美,,,,5,,true,,待核实,false
cdl-006074,第七章 挑战青少年参与教会范围之外的服事,,,,,,中文,family-ministry,青少年,,,,3,,true,,待核实,false
cdl-006679,门徒训练（第三册）：学员版,,,,,,中文,spiritual-life,门徒训练;教材;生命成长,,,,5,,true,,待核实,false
cdl-006075,门徒训练（第三册）：教师本,,,,,,中文,spiritual-life,门徒训练;教师本;教材,,,,5,,true,,待核实,false
cdl-006076,第三章 招募、激励与管理同工,,,,,,中文,other,,,,,5,,true,,待核实,false
cdl-002599,理性主义及其限制,,,,生活·读书·新知三联书店,,中文,culture-society,三联·哈佛燕京学术丛书;理性主义;思想史;哲学,,,,5,,true,,待核实,false
cdl-006077,第九章 与整个家庭同工,,,,,,中文,family-ministry,家庭,,,,5,,true,,待核实,false
cdl-006078,第九章 在故事中的超越性 叙事神学,,,,,,中文,theology,神学,,,,5,,true,,待核实,false
cdl-006680,门徒训练（第二册）：学员版,,,,,,中文,spiritual-life,门徒训练;教材;生命成长,,,,5,,true,,待核实,false
cdl-006079,第二册教师本,,,,,,中文,other,,,,,5,,true,,待核实,false
cdl-006080,第二周 如何活出基督的样式,,,,,,中文,theology,基督,,,,5,,true,,待核实,false
cdl-006081,第二章 开展适合青少年的服事项目,,,,,,中文,family-ministry,青少年,,,,5,,true,,待核实,false
cdl-002600,儒家与自由主义,,,,生活·读书·新知三联书店,,中文,culture-society,三联·哈佛燕京学术丛书;儒家;自由主义;思想史,,,,5,,true,,待核实,false
cdl-006082,第二部分 来源与方法,,,,,,中文,other,,,,,5,,true,,待核实,false
cdl-006083,第五章 在小组中建立亲密的关系,让别人了解你,,,,,中文,other,,,,,5,,true,,待核实,false
cdl-006084,第八章 纪律问题与青春期初期的孩子,,,,,,中文,family-ministry,孩子,,,,5,,true,,待核实,false
cdl-006085,第六章 帮助青春期初期的孩子服事教会,,,,,,中文,family-ministry,孩子,,,,5,,true,,待核实,false
cdl-001460,第六章 未来带来的超越性：希望神学,,,,,,中文,theology,神学,,,https://christian-digital-library-assets.gioia-zheng-stud.workers.dev/covers/cdl-001460.jpg,5,https://christian-digital-library-assets.gioia-zheng-stud.workers.dev/previews/cdl-001460,true,,待核实,false
cdl-006086,第十章 带领青少年归向基督,,,,,,中文,family-ministry,青少年,,,,3,,true,,待核实,false
cdl-002603,祖宗之法：北宋前期政治述略,邓小南,,,生活·读书·新知三联书店,,中文,culture-society,三联·哈佛燕京学术丛书;北宋;政治史;中国史,,,,5,,true,,待核实,false
cdl-006087,第四章 青少年事工的模式,,,,,,中文,pastoral,事工,,,,5,,true,,待核实,false
cdl-006088,策略性牧养辅导,贝内尔,,,,,中文,pastoral,牧养;辅导,,,,5,,true,,待核实,false
cdl-006089,简单的逻辑学,,,,,,中文,other,,,,,5,,true,,待核实,false
cdl-006090,简明圣经史地图解,梁天区,,,,,中文,bible-study,圣经,,,,5,,true,,待核实,false
cdl-006091,简明圣经史地图解,,,,,,中文,bible-study,圣经,,,,5,,true,,待核实,false
cdl-000531,简明教会历史,理查德 W 科尼什,,,,,中文,church-history,历史,,,https://christian-digital-library-assets.gioia-zheng-stud.workers.dev/covers/cdl-000531.jpg,5,https://christian-digital-library-assets.gioia-zheng-stud.workers.dev/previews/cdl-000531,true,,待核实,false
cdl-000532,简明教会历史,,,,,,中文,church-history,历史,,,https://christian-digital-library-assets.gioia-zheng-stud.workers.dev/covers/cdl-000532.jpg,5,https://christian-digital-library-assets.gioia-zheng-stud.workers.dev/previews/cdl-000532,true,,待核实,false
cdl-006092,简明神学,巴刻,,,,,中文,theology,神学,,,,5,,true,,待核实,false
cdl-006093,简明逻辑学导论(第十版) 帕特里克·赫尔利,,,,,,中文,other,,,,,5,,true,,待核实,false
cdl-006094,简明逻辑学导论,帕特里克·赫尔利,,,,,中文,culture-society,逻辑学;哲学;思维训练,,,,5,,true,,待核实,false
cdl-001890,简易神学,梁戴珍妮,,,,,中文,theology,神学,,,,5,,true,,待核实,false
cdl-006095,简易讲道法,陈润堂,,,,,中文,pastoral,讲道,,,,5,,true,,待核实,false
cdl-006096,简易读经与解经法,陈润唐,,,,,中文,bible-study,解经,,,,5,,true,,待核实,false
cdl-006097,简易读经与解经法,陈润唐,,,,,中文,bible-study,解经,,,,5,,true,,待核实,false
cdl-001001,简朴生活真谛,,,,,,中文,other,,,,,5,,true,,待核实,false
cdl-001678,简朴生活真谛：简朴是一种恩典，也是一种操练,傅士德 Richard J Foster,,,,,中文,theology,恩典,,,,5,,true,,待核实,false
cdl-006098,简约教会,艾力盖格,,,,,中文,theology,教会,,,,5,,true,,待核实,false
cdl-006099,管之以理 12,,,,,,中文,other,,,,,5,,true,,待核实,false
cdl-006100,管理学(第九版),哈罗德 孔茨 海因茨 韦里,,,,,中文,other,,,,,5,,true,,待核实,false
cdl-006101,管理学：圣经的观点与方法,麦农路希,,,,,中文,bible-study,圣经,,,,5,,true,,待核实,false
cdl-006102,管理心理学,刘英陶,,,,,中文,culture-society,管理;心理学;组织行为,,,,5,,true,,待核实,false
cdl-002030,管窥十架神学,俞继斌,,,,,中文,theology,神学,,,,5,,true,,待核实,false
cdl-006103,管窥十架神学,俞继斌,,,,,中文,theology,神学,,,,5,,true,,待核实,false
cdl-006105,箴言,,,,,,中文,bible-study,箴言,,,,5,,true,,待核实,false
cdl-006104,箴言、传道书、雅歌,,,,,,中文,bible-study,圣经;旧约;智慧书;箴言;传道书;雅歌,,,,5,,true,,待核实,false
cdl-003379,箴言31：的女性：伊利莎白。乔治,全然美丽,,,,,中文,bible-study,箴言,,,,5,,true,,待核实,false
cdl-000755,箴言：智慧的学校,亚金森,,,,,中文,bible-study,箴言,,,https://christian-digital-library-assets.gioia-zheng-stud.workers.dev/covers/cdl-000755.jpg,5,https://christian-digital-library-assets.gioia-zheng-stud.workers.dev/previews/cdl-000755,true,,待核实,false
cdl-002279,箴言：智慧的学校,亚金森 David Atkinson,,,,,中文,bible-study,箴言,,,,5,,true,,待核实,false
cdl-000864,系統神學导论 概論,,,,,,中文,theology,神學;系統神學,,,https://christian-digital-library-assets.gioia-zheng-stud.workers.dev/covers/cdl-000864.jpg,5,https://christian-digital-library-assets.gioia-zheng-stud.workers.dev/previews/cdl-000864,true,,待核实,false
cdl-006107,系统思维智慧：系统思维12级修炼,,,,,,中文,other,,,,,5,,true,,待核实,false
cdl-000533,系统查经课程-使徒行传-学生本,,,,,,中文,bible-study,使徒行传,,,,5,,true,,待核实,false
cdl-000534,系统查经课程-使徒行传-导师本,,,,,,中文,bible-study,使徒行传,,,,5,,true,,待核实,false
cdl-000535,系统查经课程-约翰福音-学生本,,,,,,中文,bible-study,约翰福音,,,https://christian-digital-library-assets.gioia-zheng-stud.workers.dev/covers/cdl-000535.jpg,5,https://christian-digital-library-assets.gioia-zheng-stud.workers.dev/previews/cdl-000535,true,,待核实,false
cdl-000536,系统查经课程-约翰福音-导师本,,,,,,中文,bible-study,约翰福音,,,https://christian-digital-library-assets.gioia-zheng-stud.workers.dev/covers/cdl-000536.jpg,5,https://christian-digital-library-assets.gioia-zheng-stud.workers.dev/previews/cdl-000536,true,,待核实,false
cdl-000537,系统神学,,,,,,中文,theology,神学;系统神学,,,,5,,true,,待核实,false
cdl-000538,系统神学,,,,,,中文,theology,神学;系统神学,,,,5,,true,,待核实,false
cdl-006110,系统神学,任以撒,,,,,中文,theology,神学;系统神学,,,,5,,true,,待核实,false
cdl-006111,系统神学,任以撒,,,,,中文,theology,神学;系统神学,,,,5,,true,,待核实,false
cdl-002597,系统神学,路易斯·伯克富,,随真,麦种传道会,,中文,theology,系统神学;改革宗;教义;神学教材,伯克富的系统神学以改革宗传统为基础，系统讨论神论、人论、基督论、救恩论、教会论与末世论等核心教义。,,,5,,true,,待核实,false
cdl-006108,系统神学 汤姆华森,,,,,,中文,theology,神学;系统神学,,,,5,,true,,待核实,false
cdl-006109,系统神学：下,林鸿信,,,,,中文,theology,神学;系统神学,,,,5,,true,,待核实,false
cdl-005203,系统神学导论,救恩出于主耶和华,,,,,中文,theology,神学;系统神学,,,,5,,true,,待核实,false
cdl-005204,救恩出于主耶和华：系统神学导论,约翰·傅瑞姆,,,,,中文,theology,系统神学;救恩;改革宗;神学入门,,,,5,,true,,待核实,false
cdl-006112,系统神学第二卷：上帝的劳作,,,,,,中文,theology,神学;系统神学,,,,5,,true,,待核实,false
cdl-003763,約伯記：向全能者抗辯 論,,,,,,中文,bible-study,,,,,5,,true,,待核实,false
cdl-000756,约翰一二三书,,,,,,中文,bible-study,圣经;新约;约翰书信,,,https://christian-digital-library-assets.gioia-zheng-stud.workers.dev/covers/cdl-000756.jpg,5,https://christian-digital-library-assets.gioia-zheng-stud.workers.dev/previews/cdl-000756,true,,待核实,false
cdl-002565,約拿也差傳,張子華,,,,,中文,bible-study,約拿,,,,5,,true,,待核实,false
cdl-002567,約拿書：實用釋經研讀,賴若瀚,,,,,中文,bible-study,釋經;約拿,,,,5,,true,,待核实,false
cdl-002566,約拿書：那鴻書,班克斯弗里曼,,,,,中文,bible-study,約拿;那鴻,,,,5,,true,,待核实,false
cdl-002563,約拿書專題研討,悖逆的先知,,,,,中文,bible-study,約拿,,,,5,,true,,待核实,false
cdl-000757,约翰福音（四）,,,,,,中文,bible-study,圣经;新约;约翰福音,,,,5,,true,,待核实,false
cdl-006113,紧追神的应许,,,,,,中文,other,,,,,5,,true,,待核实,false
cdl-006114,絕對主體的建構：費希特的哲學,,,,,,中文,culture-society,哲學,,,,5,,true,,待核实,false
cdl-006115,統一與多元的信仰,,,,,,中文,theology,信仰,,,,5,,true,,待核实,false
cdl-006116,繁榮的咒詛：阿摩司書研经手册,苏美恩,,,,,中文,reference,手册,,,,5,,true,,待核实,false
cdl-006117,繁榮的咒詛：阿摩司書研经手册,苏美恩,,,,,中文,reference,手册,,,,5,,true,,待核实,false
cdl-006118,红色赌盘,,,,,,中文,other,,,,,5,,true,,待核实,false
cdl-000758,约一二三书,冯国泰,,,,,中文,other,,,,,5,,true,,待核实,false
cdl-001166,约一二三书,冯国泰,,,,,中文,other,,,,,5,,true,,待核实,false
cdl-006119,约一二三书,冯国泰,,,,,中文,other,,,,,5,,true,,待核实,false
cdl-000759,约中之钥,多尔西,,,,,中文,other,,,,https://christian-digital-library-assets.gioia-zheng-stud.workers.dev/covers/cdl-000759.jpg,5,https://christian-digital-library-assets.gioia-zheng-stud.workers.dev/previews/cdl-000759,true,,待核实,false
cdl-000761,约中之钥,,,,,,中文,other,,,,,5,,true,,待核实,false
cdl-000760,约中之钥(旧约文学结构),多尔西,,,,,中文,bible-study,旧约,,,https://christian-digital-library-assets.gioia-zheng-stud.workers.dev/covers/cdl-000760.jpg,5,https://christian-digital-library-assets.gioia-zheng-stud.workers.dev/previews/cdl-000760,true,,待核实,false
cdl-002216,约书亚：和应许之地,F. B. 麦尔,,,,,中文,spiritual-life,约书亚;应许之地;圣经人物;灵修,,,,5,,true,,待核实,false
cdl-002829,约书亚·哈里斯,不再约会,,,,,中文,other,,,,,5,,true,,待核实,false
cdl-004870,当男孩遇见女孩,约书亚·哈里斯,,,,,中文,family-ministry,恋爱;婚姻预备;基督徒生活,,,,5,,true,,待核实,false
cdl-006120,约书亚掌管者,,,,,,中文,other,,,,,5,,true,,待核实,false
cdl-000556,约书亚的传导,耶稣基督,,,,,中文,other,,,,https://christian-digital-library-assets.gioia-zheng-stud.workers.dev/covers/cdl-000556.jpg,5,https://christian-digital-library-assets.gioia-zheng-stud.workers.dev/previews/cdl-000556,true,,待核实,false
cdl-000762,约书亚记,,,,,,中文,bible-study,约书亚记,,,,5,,true,,待核实,false
cdl-000764,约书亚记,,,,,,中文,bible-study,约书亚记,,,https://christian-digital-library-assets.gioia-zheng-stud.workers.dev/covers/cdl-000764.jpg,5,https://christian-digital-library-assets.gioia-zheng-stud.workers.dev/previews/cdl-000764,true,,待核实,false
cdl-001422,约书亚记、士师记、路得记,,,,,,中文,bible-study,约书亚记;士师记;路得记;旧约;圣经研究,,,,5,,true,,待核实,false
cdl-000763,约书亚记：大时代的属灵争战,,,,,,中文,bible-study,约书亚记,,,https://christian-digital-library-assets.gioia-zheng-stud.workers.dev/covers/cdl-000763.jpg,5,https://christian-digital-library-assets.gioia-zheng-stud.workers.dev/previews/cdl-000763,true,,待核实,false
cdl-000765,约伯与生之困惑,,,,,,中文,bible-study,约伯,,,,5,,true,,待核实,false
cdl-000766,约伯纪,,,,,,中文,bible-study,约伯,,,,5,,true,,待核实,false
cdl-000767,约伯记,,,,,,中文,bible-study,约伯,,,https://christian-digital-library-assets.gioia-zheng-stud.workers.dev/covers/cdl-000767.jpg,5,https://christian-digital-library-assets.gioia-zheng-stud.workers.dev/previews/cdl-000767,true,,待核实,false
cdl-001031,约伯记 卷上 唐佑之,,,,,,中文,bible-study,约伯,,,https://christian-digital-library-assets.gioia-zheng-stud.workers.dev/covers/cdl-001031.jpg,5,https://christian-digital-library-assets.gioia-zheng-stud.workers.dev/previews/cdl-001031,true,,待核实,false
cdl-001032,约伯记 卷下 唐佑之,,,,,,中文,bible-study,约伯,,,https://christian-digital-library-assets.gioia-zheng-stud.workers.dev/covers/cdl-001032.jpg,5,https://christian-digital-library-assets.gioia-zheng-stud.workers.dev/previews/cdl-001032,true,,待核实,false
cdl-000768,约伯记上,唐佑之,,,,,中文,bible-study,约伯,,,https://christian-digital-library-assets.gioia-zheng-stud.workers.dev/covers/cdl-000768.jpg,5,https://christian-digital-library-assets.gioia-zheng-stud.workers.dev/previews/cdl-000768,true,,待核实,false
cdl-000769,约伯记下,唐佑之,,,,,中文,bible-study,约伯,,,,5,,true,,待核实,false
cdl-000770,约伯记注释,,,,,,中文,bible-study,注释;约伯,,,,5,,true,,待核实,false
cdl-005145,搁浅的日子：约伯记注释,吴献章,,,,,中文,bible-study,圣经;旧约;约伯记;注释,,,,5,,true,,待核实,false
cdl-005143,约伯记诠释 马有藻,揭开痛苦的面纱,,,,,中文,bible-study,约伯,,,,5,,true,,待核实,false
cdl-000771,约拿书,罪与恩典,,,,,中文,bible-study,约拿,,,https://christian-digital-library-assets.gioia-zheng-stud.workers.dev/covers/cdl-000771.jpg,5,https://christian-digital-library-assets.gioia-zheng-stud.workers.dev/previews/cdl-000771,true,,待核实,false
cdl-000772,约拿书、但以理书全套课程,,,,,,中文,bible-study,但以理;约拿,,,https://christian-digital-library-assets.gioia-zheng-stud.workers.dev/covers/cdl-000772.jpg,5,https://christian-digital-library-assets.gioia-zheng-stud.workers.dev/previews/cdl-000772,true,,待核实,false
cdl-000773,约拿书剪影,陈希曾,,,,,中文,bible-study,约拿,,,,5,,true,,待核实,false
cdl-000774,约拿书剪影,陈希曾,,,,,中文,bible-study,约拿,,,,5,,true,,待核实,false
cdl-006121,约拿和大鱼,,,,,,中文,bible-study,约拿,,,,5,,true,,待核实,false
cdl-002283,约柜流浪记：让布鲁格曼教你剧场读经法,布鲁格曼 Walter Brueggemann,,,,,中文,other,,,,,5,,true,,待核实,false
cdl-000776,约珥书,艾朗劳,,,,,中文,bible-study,约珥,,,https://christian-digital-library-assets.gioia-zheng-stud.workers.dev/covers/cdl-000776.jpg,5,https://christian-digital-library-assets.gioia-zheng-stud.workers.dev/previews/cdl-000776,true,,待核实,false
cdl-006122,约珥书,艾朗劳,,,,,中文,bible-study,约珥,,,,5,,true,,待核实,false
cdl-000777,约珥书、阿摩司书,刘少平,,,,,中文,bible-study,约珥;阿摩司,,,,5,,true,,待核实,false
cdl-000781,约翰·穆勒自传,,,,,,中文,other,,,,,5,,true,,待核实,false
cdl-000782,约翰·米勒,你想获得新生命吗,,,,,中文,other,,,,,5,,true,,待核实,false
cdl-002302,约翰一、二、三书,白基,,,,,中文,other,,,,,5,,true,,待核实,false
cdl-001433,约翰一书天道研经导读(冯国泰),,,,,,中文,bible-study,研经,,,,5,,true,,待核实,false
cdl-000783,约翰一二三书,冯国泰,,,,,中文,other,,,,https://christian-digital-library-assets.gioia-zheng-stud.workers.dev/covers/cdl-000783.jpg,5,https://christian-digital-library-assets.gioia-zheng-stud.workers.dev/previews/cdl-000783,true,,待核实,false
cdl-000784,约翰一二三书,约翰麦克阿瑟,,,,,中文,other,,,,https://christian-digital-library-assets.gioia-zheng-stud.workers.dev/covers/cdl-000784.jpg,5,https://christian-digital-library-assets.gioia-zheng-stud.workers.dev/previews/cdl-000784,true,,待核实,false
cdl-000785,约翰一二三书上,,,,,,中文,other,,,,,5,,true,,待核实,false
cdl-000786,约翰一二三书下,,,,,,中文,other,,,,,5,,true,,待核实,false
cdl-001572,约翰一二三书诠释,John 行在光明中,,,,,中文,other,,,,https://christian-digital-library-assets.gioia-zheng-stud.workers.dev/covers/cdl-001572.jpg,5,https://christian-digital-library-assets.gioia-zheng-stud.workers.dev/previews/cdl-001572,true,,待核实,false
cdl-000787,约翰三书,,,,,,中文,other,,,,https://christian-digital-library-assets.gioia-zheng-stud.workers.dev/covers/cdl-000787.jpg,3,https://christian-digital-library-assets.gioia-zheng-stud.workers.dev/previews/cdl-000787,true,,待核实,false
cdl-000789,约翰书信,,,,,,中文,other,,,,,5,,true,,待核实,false
cdl-004243,基督徒分析：约翰书信,于中旻,,,,,中文,bible-study,圣经;新约;约翰书信;查经,,,,5,,true,,待核实,false
cdl-000790,约翰二书,,,,,,中文,other,,,,,3,,true,,待核实,false
cdl-000791,约翰壹贰叁书,吴道宗,,,,,中文,bible-study,约翰壹,,,https://christian-digital-library-assets.gioia-zheng-stud.workers.dev/covers/cdl-000791.jpg,5,https://christian-digital-library-assets.gioia-zheng-stud.workers.dev/previews/cdl-000791,true,,待核实,false
cdl-000491,渴慕神（二）,约翰·派博,,,,,中文,spiritual-life,灵修;渴慕神;约翰派博,,,https://christian-digital-library-assets.gioia-zheng-stud.workers.dev/covers/cdl-000491.jpg,5,https://christian-digital-library-assets.gioia-zheng-stud.workers.dev/previews/cdl-000491,true,,待核实,false
cdl-000801,约翰福音,何赫素,,,,,中文,bible-study,约翰福音,,,,5,,true,,待核实,false
cdl-000803,约翰福音,卡森,,,,,中文,bible-study,约翰福音,,,https://christian-digital-library-assets.gioia-zheng-stud.workers.dev/covers/cdl-000803.jpg,5,https://christian-digital-library-assets.gioia-zheng-stud.workers.dev/previews/cdl-000803,true,,待核实,false
cdl-001306,约翰福音,,,,,,中文,bible-study,约翰福音,,,,5,,true,,待核实,false
cdl-006124,约翰福音,何赫素,,,,,中文,bible-study,约翰福音,,,,5,,true,,待核实,false
cdl-006125,约翰福音,钟志邦,,,,,中文,bible-study,约翰福音,,,,5,,true,,待核实,false
cdl-003912,约翰福音（上）——国际释经系列,,,,,,中文,bible-study,圣经;新约;约翰福音;国际释经,,,,5,,true,,待核实,false
cdl-003913,约翰福音（下）——国际释经系列,,,,,,中文,bible-study,圣经;新约;约翰福音;国际释经,,,,5,,true,,待核实,false
cdl-000797,约翰福音（卷上）,白基,,,,,中文,bible-study,圣经;新约;约翰福音;释经,,,,5,,true,,待核实,false
cdl-001315,约翰福音(卷上)(钟志邦),,,,,,中文,bible-study,约翰福音,,,https://christian-digital-library-assets.gioia-zheng-stud.workers.dev/covers/cdl-001315.jpg,5,https://christian-digital-library-assets.gioia-zheng-stud.workers.dev/previews/cdl-001315,true,,待核实,false
cdl-000798,约翰福音（卷下）,白基,,,,,中文,bible-study,圣经;新约;约翰福音;释经,,,,5,,true,,待核实,false
cdl-001316,约翰福音(卷下)(钟志邦),,,,,,中文,bible-study,约翰福音,,,https://christian-digital-library-assets.gioia-zheng-stud.workers.dev/covers/cdl-001316.jpg,5,https://christian-digital-library-assets.gioia-zheng-stud.workers.dev/previews/cdl-001316,true,,待核实,false
cdl-002372,约翰福音(第一集),朴永善,,,,,中文,bible-study,约翰福音,,,,5,,true,,待核实,false
cdl-002373,约翰福音(第二集),朴永善,,,,,中文,bible-study,约翰福音,,,,5,,true,,待核实,false
cdl-000799,约翰福音(解经讲道注释),,,,,,中文,bible-study,解经;注释;约翰福音,,,https://christian-digital-library-assets.gioia-zheng-stud.workers.dev/covers/cdl-000799.jpg,5,https://christian-digital-library-assets.gioia-zheng-stud.workers.dev/previews/cdl-000799,true,,待核实,false
cdl-000800,约翰福音、路加福音,坎培尔·摩根,,,,,中文,bible-study,圣经;新约;约翰福音;路加福音,,,,0,,true,,待核实,false
cdl-001305,约翰福音（二）——天道圣经注释,钟志邦,,,,,中文,bible-study,圣经;新约;约翰福音;注释;天道圣经注释,,,,5,,true,,待核实,false
cdl-006123,约翰福音（二）,,,,,,中文,bible-study,圣经;新约;约翰福音,,,,5,,true,,待核实,false
cdl-000802,约翰福音：道成福音的耶稣(明道),曾思翰,,,,,中文,bible-study,约翰福音,,,,5,,true,,待核实,false
cdl-006126,约翰福音,钟志邦,,,,,中文,bible-study,约翰福音,,,,5,,true,,待核实,false
cdl-002300,约翰福音·真是这样:(上),汤姆 赖特,,,,,中文,bible-study,约翰福音,,,,5,,true,,待核实,false
cdl-000804,约翰福音上,钟志邦,,,,,中文,bible-study,约翰福音,,,https://christian-digital-library-assets.gioia-zheng-stud.workers.dev/covers/cdl-000804.jpg,5,https://christian-digital-library-assets.gioia-zheng-stud.workers.dev/previews/cdl-000804,true,,待核实,false
cdl-001286,约翰福音上：注释,钟志邦,,,,,中文,bible-study,注释;约翰福音,,,,5,,true,,待核实,false
cdl-000805,约翰福音下,钟志邦,,,,,中文,bible-study,约翰福音,,,,5,,true,,待核实,false
cdl-000900,约翰福音下：注释,钟志邦,,,,,中文,bible-study,注释;约翰福音,,,https://christian-digital-library-assets.gioia-zheng-stud.workers.dev/covers/cdl-000900.jpg,5,https://christian-digital-library-assets.gioia-zheng-stud.workers.dev/previews/cdl-000900,true,,待核实,false
cdl-001287,约翰福音下：注释,钟志邦,,,,,中文,bible-study,注释;约翰福音,,,https://christian-digital-library-assets.gioia-zheng-stud.workers.dev/covers/cdl-001287.jpg,5,https://christian-digital-library-assets.gioia-zheng-stud.workers.dev/previews/cdl-001287,true,,待核实,false
cdl-002347,约翰福音主题研究,范德立,,,,,中文,bible-study,约翰福音,,,,5,,true,,待核实,false
cdl-001470,约翰福音书信,,,,,,中文,bible-study,约翰福音,,,,5,,true,,待核实,false
cdl-000806,约翰福音伴读1 董宇正,,,,,,中文,bible-study,约翰福音,,,,5,,true,,待核实,false
cdl-000807,约翰福音伴读2 董宇正,,,,,,中文,bible-study,约翰福音,,,https://christian-digital-library-assets.gioia-zheng-stud.workers.dev/covers/cdl-000807.jpg,5,https://christian-digital-library-assets.gioia-zheng-stud.workers.dev/previews/cdl-000807,true,,待核实,false
cdl-002553,约翰福音全景,,,,,,中文,bible-study,约翰福音,,,,5,,true,,待核实,false
cdl-006127,约翰福音全景,,,,,,中文,bible-study,约翰福音,,,,5,,true,,待核实,false
cdl-001318,约翰福音天道研经导读(何赫素),,,,,,中文,bible-study,研经;约翰福音,,,,5,,true,,待核实,false
cdl-002187,约翰福音文学注释,孙宝玲,,,,,中文,bible-study,注释;约翰福音,,,,5,,true,,待核实,false
cdl-000541,约翰福音注释,马太亨利,,,,,中文,bible-study,注释;约翰福音,,,,5,,true,,待核实,false
cdl-000808,丁道尔：约翰福音——新约圣经注释,柯鲁斯（Colin G. Kruse）,柯鲁斯（Colin G. Kruse）是澳大利亚新约学者，曾任墨尔本神学院新约高级讲师。他的研究包括保罗书信、约翰文献、新约伦理和早期教会事奉。,杨曼如,校园书房出版社,2005,中文,bible-study,圣经;新约;注释;约翰福音;丁道尔;丁道尔新约圣经注释,本卷注释约翰福音，梳理神迹、讲论和耶稣身份的见证，帮助读者理解信、生命和基督论主题。,,https://christian-digital-library-assets.gioia-zheng-stud.workers.dev/covers/cdl-000808.jpg,5,https://christian-digital-library-assets.gioia-zheng-stud.workers.dev/previews/cdl-000808,true,,版权受保护,false
cdl-000811,约翰福音注释,卡森,,,,,中文,bible-study,注释;约翰福音,,,https://christian-digital-library-assets.gioia-zheng-stud.workers.dev/covers/cdl-000811.jpg,5,https://christian-digital-library-assets.gioia-zheng-stud.workers.dev/previews/cdl-000811,true,,待核实,false
cdl-000812,约翰福音注释,卡森,,,,,中文,bible-study,注释;约翰福音,,,https://christian-digital-library-assets.gioia-zheng-stud.workers.dev/covers/cdl-000812.jpg,5,https://christian-digital-library-assets.gioia-zheng-stud.workers.dev/previews/cdl-000812,true,,待核实,false
cdl-002385,约翰福音注释,卡森,,,,,中文,bible-study,注释;约翰福音,,,,5,,true,,待核实,false
cdl-003561,约翰福音注释,纲要,,,,,中文,bible-study,注释;约翰福音,,,,5,,true,,待核实,false
cdl-006128,约翰福音注释,卡森,,,,,中文,bible-study,注释;约翰福音,,,,5,,true,,待核实,false
cdl-006848,约翰福音注释,马太亨利,,,,,中文,bible-study,注释;约翰福音,,,,5,,true,,待核实,false
cdl-000809,约翰福音注释 马太亨利,,,,,,中文,bible-study,注释;约翰福音,,,,5,,true,,待核实,false
cdl-002573,约翰福音注释 马太亨利,,,,,,中文,bible-study,注释;约翰福音,,,,5,,true,,待核实,false
cdl-000810,约翰福音注释，加尔文，卷一,,,,,,中文,bible-study,注释;约翰福音,,,,5,,true,,待核实,false
cdl-002293,约翰福音讲义,贾玉铭,,,,,中文,bible-study,约翰福音,,,,5,,true,,待核实,false
cdl-002345,约翰福音讲解,何晓东,,,,,中文,bible-study,约翰福音,,,,5,,true,,待核实,false
cdl-000813,约翰福音诠释,马有藻,,,,,中文,bible-study,约翰福音,,,,5,,true,,待核实,false
cdl-006129,约翰福音诠释,马有藻,,,,,中文,bible-study,约翰福音,,,,5,,true,,待核实,false
cdl-000814,约翰福音诠释 马有藻,,,,,,中文,bible-study,约翰福音,,,,5,,true,,待核实,false
cdl-000815,约翰福音默想,邝成中,,,,,中文,bible-study,约翰福音,,,https://christian-digital-library-assets.gioia-zheng-stud.workers.dev/covers/cdl-000815.jpg,5,https://christian-digital-library-assets.gioia-zheng-stud.workers.dev/previews/cdl-000815,true,,待核实,false
cdl-000950,约翰著作（上）,,,,,,中文,bible-study,圣经;新约;约翰著作,,,,5,,true,,待核实,false
cdl-000951,约翰著作（下）,,,,,,中文,bible-study,圣经;新约;约翰著作,,,https://christian-digital-library-assets.gioia-zheng-stud.workers.dev/covers/cdl-000951.jpg,5,https://christian-digital-library-assets.gioia-zheng-stud.workers.dev/previews/cdl-000951,true,,待核实,false
cdl-006130,纳尼亚传奇全集,,,,,,中文,other,,,,,5,,true,,待核实,false
cdl-006131,纽曼：论基督教教义的发展,,,,,,中文,theology,教义,,,,5,,true,,待核实,false
cdl-006132,细胞小组教会组长指南（实践篇下）,梁廷益,,,,,中文,pastoral,教会;小组;组长;实践,,,,5,,true,,待核实,false
cdl-000544,经典文章和讲章,,,,,,中文,pastoral,讲章,,,https://christian-digital-library-assets.gioia-zheng-stud.workers.dev/covers/cdl-000544.jpg,5,https://christian-digital-library-assets.gioia-zheng-stud.workers.dev/previews/cdl-000544,true,,待核实,false
cdl-006133,经典文章和讲章,,,,,,中文,pastoral,讲章,,,,5,,true,,待核实,false
cdl-006134,经宴 罗马书 论神意,杨克勤,,,,,中文,bible-study,罗马书,,,,5,,true,,待核实,false
cdl-006135,经文到讲章之旅 孙宝玲香港 基道,宣讲之道,,,,,中文,pastoral,讲章,,,,5,,true,,待核实,false
cdl-006136,经济学原理：宏观分册（第五版）,,,,,,中文,culture-society,经济学;宏观经济;社会科学,,,,5,,true,,待核实,false
cdl-006137,结论 寻找超越性与临在性的神学,,,,,,中文,theology,神学,,,,5,,true,,待核实,false
cdl-006138,给传道者的话,,,,,,中文,missions,传道,,,,5,,true,,待核实,false
cdl-002097,给我一颗中国心,陈镭 等,,,,,中文,missions,中国;宣教;信仰,,,,0,,true,,待核实,false
cdl-006139,给未曾归正者的警告,,,,,,中文,other,,,,,5,,true,,待核实,false
cdl-006140,统一与分裂：中国历史的启示,,,,,,中文,church-history,历史,,,,5,,true,,待核实,false
cdl-006142,歌罗西书全景,,,,,,中文,bible-study,圣经;新约;歌罗西书;查经,,,,5,,true,,待核实,false
cdl-001325,罗马书,,,,,,中文,bible-study,罗马书,,,,5,,true,,待核实,false
cdl-001475,罗马书,,,,,,中文,bible-study,罗马书,,,https://christian-digital-library-assets.gioia-zheng-stud.workers.dev/covers/cdl-001475.jpg,5,https://christian-digital-library-assets.gioia-zheng-stud.workers.dev/previews/cdl-001475,true,,待核实,false
cdl-002636,罗马书,基督教研究 保罗,,,,,中文,bible-study,罗马书,,,,5,,true,,待核实,false
cdl-003549,罗马书,,,,,,中文,bible-study,罗马书,,,,5,,true,,待核实,false
cdl-003562,罗马书,,,,,,中文,bible-study,罗马书,,,,5,,true,,待核实,false
cdl-001065,罗马书 卷一,冯荫坤 可复制,,,,,中文,bible-study,罗马书,,,,5,,true,,待核实,false
cdl-001215,罗马书 卷二,冯荫坤 可复制,,,,,中文,bible-study,罗马书,,,https://christian-digital-library-assets.gioia-zheng-stud.workers.dev/covers/cdl-001215.jpg,5,https://christian-digital-library-assets.gioia-zheng-stud.workers.dev/previews/cdl-001215,true,,待核实,false
cdl-006143,罗马书 增修,,,,,,中文,bible-study,罗马书,,,,5,,true,,待核实,false
cdl-006144,罗马书(上),穆尔,,,,,中文,bible-study,罗马书,,,,5,,true,,待核实,false
cdl-006145,罗马书(下),穆尔,,,,,中文,bible-study,罗马书,,,,5,,true,,待核实,false
cdl-001268,罗马书(卷三),冯荫坤 可复制,,,,,中文,bible-study,罗马书,,,https://christian-digital-library-assets.gioia-zheng-stud.workers.dev/covers/cdl-001268.jpg,5,https://christian-digital-library-assets.gioia-zheng-stud.workers.dev/previews/cdl-001268,true,,待核实,false
cdl-001364,罗马书(卷四),冯荫坤 可复制,,,,,中文,bible-study,罗马书,,,https://christian-digital-library-assets.gioia-zheng-stud.workers.dev/covers/cdl-001364.jpg,5,https://christian-digital-library-assets.gioia-zheng-stud.workers.dev/previews/cdl-001364,true,,待核实,false
cdl-004976,罗马书1,恩言善导,,,,,中文,bible-study,罗马书,,,,5,,true,,待核实,false
cdl-004977,罗马书2,恩言善导,,,,,中文,bible-study,罗马书,,,,5,,true,,待核实,false
cdl-004978,罗马书3,恩言善导,,,,,中文,bible-study,罗马书,,,,5,,true,,待核实,false
cdl-006148,罗马书：生命更新系列,,,,,,中文,bible-study,罗马书,,,,5,,true,,待核实,false
cdl-002420,罗马书：约翰·斯托得：中国基督教会两会,,,,,,中文,bible-study,罗马书,,,,5,,true,,待核实,false
cdl-002382,罗马书》释义,巴特,,,,,中文,bible-study,罗马书,,,,0,,true,,待核实,false
cdl-006149,罗马书上,鲍会园,,,,,中文,bible-study,罗马书,,,,5,,true,,待核实,false
cdl-006150,罗马书上,鲍会园,,,,,中文,bible-study,罗马书,,,,5,,true,,待核实,false
cdl-001302,罗马书上：注释,鲍会园,,,,,中文,bible-study,注释;罗马书,,,,5,,true,,待核实,false
cdl-001329,罗马书上：注释,鲍会园,,,,,中文,bible-study,注释;罗马书,,,,5,,true,,待核实,false
cdl-006151,罗马书下,鲍会园,,,,,中文,bible-study,罗马书,,,,5,,true,,待核实,false
cdl-006152,罗马书下,鲍会园,,,,,中文,bible-study,罗马书,,,,5,,true,,待核实,false
cdl-006153,罗马书下,鲍会园,,,,,中文,bible-study,罗马书,,,,5,,true,,待核实,false
cdl-001303,罗马书下：注释,鲍会园,,,,,中文,bible-study,注释;罗马书,,,https://christian-digital-library-assets.gioia-zheng-stud.workers.dev/covers/cdl-001303.jpg,5,https://christian-digital-library-assets.gioia-zheng-stud.workers.dev/previews/cdl-001303,true,,待核实,false
cdl-006154,罗马书原文诠释,马有藻,,,,,中文,bible-study,罗马书,,,,5,,true,,待核实,false
cdl-006155,罗马书原文诠释,马有藻,,,,,中文,bible-study,罗马书,,,,5,,true,,待核实,false
cdl-006967,罗马书概论,黄彼得,,,,,中文,bible-study,罗马书,,,,5,,true,,待核实,false
cdl-000547,罗马书注释,博爱斯,,,,,中文,bible-study,注释;罗马书,,,https://christian-digital-library-assets.gioia-zheng-stud.workers.dev/covers/cdl-000547.jpg,5,https://christian-digital-library-assets.gioia-zheng-stud.workers.dev/previews/cdl-000547,true,,待核实,false
cdl-000623,罗马书注释,马太亨利,,,,,中文,bible-study,注释;罗马书,,,https://christian-digital-library-assets.gioia-zheng-stud.workers.dev/covers/cdl-000623.jpg,5,https://christian-digital-library-assets.gioia-zheng-stud.workers.dev/previews/cdl-000623,true,,待核实,false
cdl-006160,罗马书注释,冯荫坤,,,,,中文,bible-study,注释;罗马书,,,,5,,true,,待核实,false
cdl-006161,罗马书注释,冯荫坤,,,,,中文,bible-study,注释;罗马书,,,,5,,true,,待核实,false
cdl-006162,罗马书注释,加尔文,,,,,中文,bible-study,注释;罗马书,,,,5,,true,,待核实,false
cdl-006163,罗马书注释,,,,,,中文,bible-study,注释;罗马书,,,,5,,true,,待核实,false
cdl-001192,罗马书注释 上下全套 460,,,,,,中文,bible-study,注释;罗马书,,,https://christian-digital-library-assets.gioia-zheng-stud.workers.dev/covers/cdl-001192.jpg,5,https://christian-digital-library-assets.gioia-zheng-stud.workers.dev/previews/cdl-001192,true,,待核实,false
cdl-002399,罗马书注释(上册):新约,C E B Cranfield,,,,,中文,bible-study,新约;注释;罗马书,,,,5,,true,,待核实,false
cdl-002398,罗马书注释(下册)新约,C E B Cranfield,,,,,中文,bible-study,新约;注释;罗马书,,,,5,,true,,待核实,false
cdl-006156,罗马书注释(卷一),冯荫坤,,,,,中文,bible-study,注释;罗马书,,,,5,,true,,待核实,false
cdl-006157,罗马书注释(卷二),冯荫坤,,,,,中文,bible-study,注释;罗马书,,,,5,,true,,待核实,false
cdl-006158,罗马书注释(解经讲道注释),,,,,,中文,bible-study,解经;注释;罗马书,,,,5,,true,,待核实,false
cdl-006159,罗马书注释，加尔文,,,,,,中文,bible-study,注释;罗马书,,,,5,,true,,待核实,false
cdl-000548,罗马书注释,博爱斯,,,,,中文,bible-study,注释;罗马书,,,https://christian-digital-library-assets.gioia-zheng-stud.workers.dev/covers/cdl-000548.jpg,5,https://christian-digital-library-assets.gioia-zheng-stud.workers.dev/previews/cdl-000548,true,,待核实,false
cdl-000549,罗马书注释,博爱斯,,,,,中文,bible-study,注释;罗马书,,,,5,,true,,待核实,false
cdl-000550,罗马书注释,博爱斯,,,,,中文,bible-study,注释;罗马书,,,,5,,true,,待核实,false
cdl-006164,罗马书注释及观察,马太亨利,,,,,中文,bible-study,注释;罗马书,,,,5,,true,,待核实,false
cdl-002291,罗马书研究,魏司道,,,,,中文,bible-study,罗马书,,,,5,,true,,待核实,false
cdl-006165,罗马书研究,吕沛渊,,,,,中文,bible-study,罗马书;新约;圣经研究,,,,5,,true,,待核实,false
cdl-000551,罗马书确凿不移的真理,沉保罗,,,,,中文,bible-study,罗马书,,,https://christian-digital-library-assets.gioia-zheng-stud.workers.dev/covers/cdl-000551.jpg,5,https://christian-digital-library-assets.gioia-zheng-stud.workers.dev/previews/cdl-000551,true,,待核实,false
cdl-002315,罗马书讲义,韩彼得,,,,,中文,bible-study,罗马书,,,,5,,true,,待核实,false
cdl-006166,罗马书释义,,,,,,中文,bible-study,罗马书,,,,5,,true,,待核实,false
cdl-002554,罗马书释经讲道,刘道顺,,,,,中文,bible-study,释经;罗马书,,,,5,,true,,待核实,false
cdl-006167,罗马书释经讲道,刘道顺,,,,,中文,bible-study,释经;罗马书,,,,5,,true,,待核实,false
cdl-001244,罗马书释经讲道(上下全套)660,,,,,,中文,bible-study,释经;罗马书,,,https://christian-digital-library-assets.gioia-zheng-stud.workers.dev/covers/cdl-001244.jpg,5,https://christian-digital-library-assets.gioia-zheng-stud.workers.dev/previews/cdl-001244,true,,待核实,false
cdl-006168,罗马书默想,蔡少琪,,,,,中文,bible-study,罗马书,,,,5,,true,,待核实,false
cdl-000630,罗马人的福音：罗马书全文诠释,马有藻,,,,,中文,bible-study,罗马书,,,,5,,true,,待核实,false
cdl-006912,罗马人的福音：罗马书全文诠释,马有藻,,,,,中文,bible-study,罗马书,,,,5,,true,,待核实,false
cdl-006169,罗马人的福音原文诠释,,,,,,中文,other,,,,,5,,true,,待核实,false
cdl-002236,罗马城的小丑戏：对独处、独身、祷告及默想之反省,卢云,,,,,中文,spiritual-life,祷告,,,,5,,true,,待核实,false
cdl-001259,罗马帝国,,,,,,中文,other,,,,https://christian-digital-library-assets.gioia-zheng-stud.workers.dev/covers/cdl-001259.jpg,5,https://christian-digital-library-assets.gioia-zheng-stud.workers.dev/previews/cdl-001259,true,,待核实,false
cdl-006170,罗马帝国衰亡史 上册,,,,,,中文,other,,,,,0,,true,,待核实,false
cdl-006171,罗马帝国衰亡史 下册,,,,,,中文,other,,,,,5,,true,,待核实,false
cdl-000158,罗马教皇列传,刘明翰,,,,,中文,other,,,,https://christian-digital-library-assets.gioia-zheng-stud.workers.dev/covers/cdl-000158.jpg,5,https://christian-digital-library-assets.gioia-zheng-stud.workers.dev/previews/cdl-000158,true,,待核实,false
cdl-000552,罗马文化与古典传统,,,,,,中文,culture-society,文化,,,https://christian-digital-library-assets.gioia-zheng-stud.workers.dev/covers/cdl-000552.jpg,5,https://christian-digital-library-assets.gioia-zheng-stud.workers.dev/previews/cdl-000552,true,,待核实,false
cdl-000155,罪与欠,刘小枫,,,,,中文,other,,,,https://christian-digital-library-assets.gioia-zheng-stud.workers.dev/covers/cdl-000155.jpg,5,https://christian-digital-library-assets.gioia-zheng-stud.workers.dev/previews/cdl-000155,true,,待核实,false
cdl-000472,罪恶与救赎：基督教文化精神论,杨慧林,,,,,中文,theology,救赎,,,https://christian-digital-library-assets.gioia-zheng-stud.workers.dev/covers/cdl-000472.jpg,5,https://christian-digital-library-assets.gioia-zheng-stud.workers.dev/previews/cdl-000472,true,,待核实,false
cdl-002562,剖析異端邪教第四版,羅鍚為,,,,,中文,theology,,,,,5,,true,,待核实,false
cdl-000553,羅馬書,,,,,,中文,bible-study,羅馬書,,,,5,,true,,待核实,false
cdl-003623,羅馬書30天靈修,华伦 维斯比,,,,,中文,bible-study,羅馬書,,,,5,,true,,待核实,false
cdl-006172,罗马书（一）,,,,,,中文,bible-study,圣经;新约;罗马书,,,,5,,true,,待核实,false
cdl-006173,罗马书（二）,,,,,,中文,bible-study,圣经;新约;罗马书,,,,5,,true,,待核实,false
cdl-006174,罗马书（三）,,,,,,中文,bible-study,圣经;新约;罗马书,,,,5,,true,,待核实,false
cdl-006175,羅馬書研經材料 校園,,,,,,中文,bible-study,研經;羅馬書,,,,5,,true,,待核实,false
cdl-006176,美国归正教在厦门 1842-1951,,,,,,中文,other,,,,,5,,true,,待核实,false
cdl-006177,美国高等教育,,,,,,中文,culture-society,教育,,,,5,,true,,待核实,false
cdl-006178,美滿家庭查经手册,雷帕森夫妇,,,,,中文,reference,手册,,,,5,,true,,待核实,false
cdl-006179,美的诗篇：爱的赞歌：罗伯特：彭斯：一朵红红的玫瑰：之赏析,申清丽,,,,,中文,bible-study,诗篇,,,,5,,true,,待核实,false
cdl-006180,美索不达米亚与圣经：从亚伯拉罕到亚历山大,壮新泉,,,,,中文,bible-study,圣经背景;古代近东;美索不达米亚;旧约研究,,,,5,,true,,待核实,false
cdl-000554,美辞泉涌 下,焦源濂,,,,,中文,other,,,,,5,,true,,待核实,false
cdl-006181,羔羊婚筵(启19章),杨牧谷,,,,,中文,other,,,,,5,,true,,待核实,false
cdl-006182,翱翔的基督,,,,,,中文,theology,基督,,,,5,,true,,待核实,false
cdl-006183,翱翔的基督：毕德生谈圣经灵修学,,,,,,中文,bible-study,圣经,,,,5,,true,,待核实,false
cdl-002158,翻天覆地一使徒：保罗新传,鲍乐基,,,,,中文,other,,,,,5,,true,,待核实,false
cdl-006184,耶利米书上,唐佑之,,,,,中文,bible-study,耶利米,,,,5,,true,,待核实,false
cdl-006185,耶利米书上,唐佑之,,,,,中文,bible-study,耶利米,,,,5,,true,,待核实,false
cdl-006186,耶利米书上,唐佑之,,,,,中文,bible-study,耶利米,,,,5,,true,,待核实,false
cdl-006187,耶利米书下,唐佑之,,,,,中文,bible-study,耶利米,,,,5,,true,,待核实,false
cdl-006188,耶利米书下,唐佑之,,,,,中文,bible-study,耶利米,,,,5,,true,,待核实,false
cdl-003359,耶利米书个人小组研经材料,先知的热泪,,,,,中文,bible-study,研经;耶利米,,,,5,,true,,待核实,false
cdl-006189,耶利米书查经憧憬将来,,,,,,中文,bible-study,耶利米,,,,5,,true,,待核实,false
cdl-006191,耶利米哀歌,唐佑之,,,,,中文,bible-study,耶利米,,,,5,,true,,待核实,false
cdl-006192,耶利米哀歌,肯特,,,,,中文,bible-study,耶利米,,,,5,,true,,待核实,false
cdl-006193,耶利米的十字架,,,,,,中文,bible-study,耶利米,,,,5,,true,,待核实,false
cdl-006194,耶和华见证人的真相,,,,,,中文,other,,,,,5,,true,,待核实,false
cdl-001850,耶稣、保罗、约翰,巴列特 等,,,,,中文,bible-study,圣经;新约;耶稣;保罗;约翰,,,,5,,true,,待核实,false
cdl-001852,耶稣101比喻综览,陈锦文,,,,,中文,other,,,,https://christian-digital-library-assets.gioia-zheng-stud.workers.dev/covers/cdl-001852.jpg,5,https://christian-digital-library-assets.gioia-zheng-stud.workers.dev/previews/cdl-001852,true,,待核实,false
cdl-001377,耶稣与拉撒路,,,,,,中文,other,,,,,5,,true,,待核实,false
cdl-001379,耶稣与撒该,,,,,,中文,other,,,,https://christian-digital-library-assets.gioia-zheng-stud.workers.dev/covers/cdl-001379.jpg,5,https://christian-digital-library-assets.gioia-zheng-stud.workers.dev/previews/cdl-001379,true,,待核实,false
cdl-006195,耶稣会士中国书简集：中国回忆录I,,,,,,中文,other,,,,,5,,true,,待核实,false
cdl-006196,耶稣会简史,,,,,,中文,church-history,简史,,,,5,,true,,待核实,false
cdl-001368,耶稣医治瞎子,,,,,,中文,other,,,,https://christian-digital-library-assets.gioia-zheng-stud.workers.dev/covers/cdl-001368.jpg,5,https://christian-digital-library-assets.gioia-zheng-stud.workers.dev/previews/cdl-001368,true,,待核实,false
cdl-006197,耶稣十霗 一切,查维金,,,,,中文,other,,,,,5,,true,,待核实,false
cdl-001250,耶稣受试探,,,,,,中文,other,,,,,5,,true,,待核实,false
cdl-000555,耶稣受难的50个理由,约翰派博,,,,,中文,other,,,,https://christian-digital-library-assets.gioia-zheng-stud.workers.dev/covers/cdl-000555.jpg,5,https://christian-digital-library-assets.gioia-zheng-stud.workers.dev/previews/cdl-000555,true,,待核实,false
cdl-001374,耶稣喂饱五千人,,,,,,中文,other,,,,,5,,true,,待核实,false
cdl-006198,耶稣圣迹合叁注释,丁良才,,,,,中文,bible-study,注释,,,,5,,true,,待核实,false
cdl-002131,耶稣圣迹合参注释,丁良才,,,,,中文,bible-study,注释,,,,5,,true,,待核实,false
cdl-006199,耶稣基督并他钉十字架,,,,,,中文,theology,十字架;基督,,,,5,,true,,待核实,false
cdl-002241,耶稣基督的上帝,卡司培,,,,,中文,theology,上帝;基督,,,,5,,true,,待核实,false
cdl-006200,耶稣基督的优美,,,,,,中文,theology,基督,,,,5,,true,,待核实,false
cdl-001858,耶稣基督的启示,何赓诗,,,,,中文,theology,基督,,,,5,,true,,待核实,false
cdl-006201,耶稣基督的复活,黄子嘉,,,,,中文,theology,基督,,,,5,,true,,待核实,false
cdl-001574,耶稣基督的言与行：潘杰德,J DWIGHT PENTECOST,,,,,中文,theology,基督,,,,5,,true,,待核实,false
cdl-006202,耶稣基督福音,,,,,,中文,theology,基督,,,,5,,true,,待核实,false
cdl-006203,耶稣如何改变世界 好书 穆尔：富勒神学学院院长推荐 杨腓力推荐,,,,,,中文,theology,神学,,,,5,,true,,待核实,false
cdl-006204,耶稣如何改变世界 好书 穆尔：富勒神学学院院长推荐 杨腓力推荐,,,,,,中文,theology,神学,,,,5,,true,,待核实,false
cdl-006205,耶稣宝血的能力,,,,,,中文,other,,,,,5,,true,,待核实,false
cdl-006207,耶稣对国度的教训,魏司堅,,,,,中文,other,,,,,5,,true,,待核实,false
cdl-006206,耶稣对国度的教训 魏司堅,,,,,,中文,other,,,,,5,,true,,待核实,false
cdl-001343,耶稣平静风浪,,,,,,中文,other,,,,https://christian-digital-library-assets.gioia-zheng-stud.workers.dev/covers/cdl-001343.jpg,5,https://christian-digital-library-assets.gioia-zheng-stud.workers.dev/previews/cdl-001343,true,,待核实,false
cdl-000557,耶稣所传的福音,,,,,,中文,other,,,,,5,,true,,待核实,false
cdl-001184,耶稣所传的福音,约翰 麦卡瑟,,,,,中文,other,,,,https://christian-digital-library-assets.gioia-zheng-stud.workers.dev/covers/cdl-001184.jpg,5,https://christian-digital-library-assets.gioia-zheng-stud.workers.dev/previews/cdl-001184,true,,待核实,false
cdl-006208,耶稣所传的福音 黑白版,,,,,,中文,other,,,,,5,,true,,待核实,false
cdl-000558,耶稣手稿之谜,,,,,,中文,other,,,,,5,,true,,待核实,false
cdl-006209,耶稣新观,,,,,,中文,other,,,,,5,,true,,待核实,false
cdl-006210,耶稣时代的犹太水土风情(双页),美莉安 瓦摩许,,,,,中文,other,,,,,5,,true,,待核实,false
cdl-000559,耶稣时代的耶路撒冷地图,,,,,,中文,other,,,,https://christian-digital-library-assets.gioia-zheng-stud.workers.dev/covers/cdl-000559.jpg,1,https://christian-digital-library-assets.gioia-zheng-stud.workers.dev/previews/cdl-000559,true,,待核实,false
cdl-000901,耶稣是真神,,,,,,中文,other,,,,,5,,true,,待核实,false
cdl-001888,耶稣是谁 格鲁特斯,新纪元的迷思,,,,,中文,other,,,,https://christian-digital-library-assets.gioia-zheng-stud.workers.dev/covers/cdl-001888.jpg,5,https://christian-digital-library-assets.gioia-zheng-stud.workers.dev/previews/cdl-001888,true,,待核实,false
cdl-006211,耶稣生平与福音书(要领)可复制、清晰,,,,,,中文,church-history,生平,,,,5,,true,,待核实,false
cdl-002155,耶稣生平与福音书要领：孙宝玲，黄锡木,,,,,,中文,church-history,生平,,,,5,,true,,待核实,false
cdl-002160,耶稣的一生,孙彦理,,,,,中文,other,,,,,5,,true,,待核实,false
cdl-006212,耶稣的先驱：施洗约翰,梁望惠,,,,,中文,other,,,,,5,,true,,待核实,false
cdl-001699,耶稣的协谈风范,当肯 布查纳,,,,,中文,other,,,,https://christian-digital-library-assets.gioia-zheng-stud.workers.dev/covers/cdl-001699.jpg,5,https://christian-digital-library-assets.gioia-zheng-stud.workers.dev/previews/cdl-001699,true,,待核实,false
cdl-001278,耶稣的神迹,,,,,,中文,other,,,,,5,,true,,待核实,false
cdl-001000,耶稣的童年,,,,,,中文,other,,,,https://christian-digital-library-assets.gioia-zheng-stud.workers.dev/covers/cdl-001000.jpg,5,https://christian-digital-library-assets.gioia-zheng-stud.workers.dev/previews/cdl-001000,true,,待核实,false
cdl-006213,耶稣的群体 使徒行传新视野,曾思翰,,,,,中文,bible-study,使徒行传,,,,5,,true,,待核实,false
cdl-001245,耶稣的诞生,,,,,,中文,other,,,,,5,,true,,待核实,false
cdl-006215,耶稣的道路,,,,,,中文,other,,,,,5,,true,,待核实,false
cdl-006216,耶稣的领导智慧,查尔斯·C. 曼兹,,,,,中文,pastoral,领导力;耶稣;门徒训练,,,,5,,true,,待核实,false
cdl-000561,耶稣真貌,扬腓力,,,,,中文,other,,,,,5,,true,,待核实,false
cdl-006217,耶稣真貌,杨腓力,,刘志雄,校园书房,2004,中文,theology,耶稣基督;福音书;基督论;信仰反思,本书重新审视福音书中的耶稣，帮助读者越过成见，看见耶稣的身份、言行与对人的挑战。,,,5,,true,,待核实,false
cdl-006218,耶稣眼中的真门徒,,,,,,中文,spiritual-life,门徒,,,,5,,true,,待核实,false
cdl-006220,耶稣难解直言,犹太背景新亮光,,,,,中文,other,,,,,5,,true,,待核实,false
cdl-006221,耶穌所傳的福音,,,,,,中文,other,,,,,5,,true,,待核实,false
cdl-006222,耶穌的一生,填色本,,,,,中文,other,,,,,5,,true,,待核实,false
cdl-006223,耶穌的比喻,康来昌,,,,,中文,other,,,,,5,,true,,待核实,false
cdl-006224,耶穌的比喻,康来昌,,,,,中文,other,,,,,5,,true,,待核实,false
cdl-002568,耶穌領導學,陳偉光,,,,,中文,other,,,,,5,,true,,待核实,false
cdl-006225,耶肋米亚先知：他的生活和信息,,,,,,中文,other,,,,,5,,true,,待核实,false
cdl-006226,耶路撒冷三千年,,,,,,中文,other,,,,,5,,true,,待核实,false
cdl-001930,聆听：神学言说的开端,余达心,,,,,中文,theology,神学,,,,5,,true,,待核实,false
cdl-000562,聆听智者与C S 路易斯相伴365日,C S 路易斯,,,,,中文,other,,,,,5,,true,,待核实,false
cdl-000816,职场大使命,,,,,,中文,other,,,,https://christian-digital-library-assets.gioia-zheng-stud.workers.dev/covers/cdl-000816.jpg,5,https://christian-digital-library-assets.gioia-zheng-stud.workers.dev/previews/cdl-000816,true,,待核实,false
cdl-005614,聖約神學,楊斌,,,,,中文,theology,神學,,,,5,,true,,待核实,false
cdl-006229,聖經不陌生,,,,,,中文,bible-study,聖經,,,,5,,true,,待核实,false
cdl-006230,聖經人物傳 (上、下冊),,,,,,中文,bible-study,聖經,,,,5,,true,,待核实,false
cdl-006231,聖經信息系以西结书,莱特,,,,,中文,bible-study,聖經;以西结,,,,5,,true,,待核实,false
cdl-006232,聖經創意教材,达菲罗宾斯,,,,,中文,bible-study,聖經,,,,5,,true,,待核实,false
cdl-006233,聖經架構與時間表(繁體字),,,,,,中文,bible-study,聖經,,,,5,,true,,待核实,false
cdl-006234,聖經與古蘭經：認識猶太教、基督宗教與伊斯蘭教的第一本書,塞日·拉菲特（Serge Lafitte）,,,,,中文,culture-society,聖經;古蘭經;宗教比較;猶太教;伊斯蘭教,,,,5,,true,,待核实,false
cdl-001515,聖經輔導學基本訓練課程,,,,,,中文,pastoral,聖經輔導;輔導;訓練,,,https://christian-digital-library-assets.gioia-zheng-stud.workers.dev/covers/cdl-001515.jpg,5,https://christian-digital-library-assets.gioia-zheng-stud.workers.dev/previews/cdl-001515,true,,待核实,false
cdl-006235,聖靈、禱告、復興,,,,,,中文,spiritual-life,禱告,,,,5,,true,,待核实,false
cdl-006236,聖靈的大能,,,,,,中文,theology,聖靈,,,,5,,true,,待核实,false
cdl-006237,聖靈的果子(查经课程),欧福娜,,,,,中文,theology,聖靈,,,,5,,true,,待核实,false
cdl-003554,聖靈論觀照下的傳統教會與靈恩教會,劉清虔,,,,,中文,theology,聖靈;教會,,,,5,,true,,待核实,false
cdl-006238,聚焦创世记,,,,,,中文,bible-study,创世记,,,,5,,true,,待核实,false
cdl-000892,聚集福音的牧养,,,,,,中文,pastoral,牧养,,,https://christian-digital-library-assets.gioia-zheng-stud.workers.dev/covers/cdl-000892.jpg,5,https://christian-digital-library-assets.gioia-zheng-stud.workers.dev/previews/cdl-000892,true,,待核实,false
cdl-006239,聪明读经法,理查布里格斯,,,,,中文,other,,,,,5,,true,,待核实,false
cdl-006240,聪明读经法,,,,,,中文,other,,,,,5,,true,,待核实,false
cdl-006241,背景注释新约,,,,,,中文,bible-study,新约;注释,,,,5,,true,,待核实,false
cdl-006242,背景注释新约,,,,,,中文,bible-study,新约;注释,,,,5,,true,,待核实,false
cdl-006243,背景注释旧约,,,,,,中文,bible-study,旧约;注释,,,,5,,true,,待核实,false
cdl-006244,胜过罪和诱惑,约翰·欧文,,,,,英文,spiritual-life,成圣;罪;诱惑;清教徒,本书围绕罪、试探与成圣生活展开，体现约翰·欧文清教徒神学中对内在生命操练的重视。,,,5,,true,,待核实,false
cdl-006245,胡宏照的崇拜学概论,,,,,,中文,other,,,,,5,,true,,待核实,false
cdl-006246,胡宏照的耶稣十二门徒的结局,,,,,,中文,spiritual-life,门徒,,,,5,,true,,待核实,false
cdl-006247,胡宏照的耶稣十二门徒简介,,,,,,中文,spiritual-life,门徒,,,,5,,true,,待核实,false
cdl-006249,神是聖潔的,胡德恩,,,,,中文,theology,,,,,5,,true,,待核实,false
cdl-006250,牧者的心,胡恩德,,,,,中文,pastoral,,,,,5,,true,,待核实,false
cdl-006251,胡恩德先生,如何察验神的旨意,,,,,中文,other,,,,,5,,true,,待核实,false
cdl-001985,胸怀世界,朱昌錂,,,,,中文,other,,,,,5,,true,,待核实,false
cdl-000563,脑与学习,,,,,,中文,other,,,,https://christian-digital-library-assets.gioia-zheng-stud.workers.dev/covers/cdl-000563.jpg,5,https://christian-digital-library-assets.gioia-zheng-stud.workers.dev/previews/cdl-000563,true,,待核实,false
cdl-006252,脑与行为：21世纪的科学前沿,,,,,,中文,culture-society,科学,,,,5,,true,,待核实,false
cdl-002366,脱下你的鞋子,卫约翰,,,,,中文,other,,,,,5,,true,,待核实,false
cdl-001866,脱胎换股得自由：加拉太书探讨,曾思瀚,,,,,中文,bible-study,加拉太,,,,5,,true,,待核实,false
cdl-006254,腓利门书,,,,,,中文,bible-study,圣经;新约;腓利门书,,,,5,,true,,待核实,false
cdl-006255,腓利门书,,,,,,中文,bible-study,腓利门,,,,5,,true,,待核实,false
cdl-006257,腓利门书,黄浩仪,,,,,中文,bible-study,腓利门,,,,5,,true,,待核实,false
cdl-006258,腓利门书,黄浩仪,,,,,中文,bible-study,腓利门,,,,5,,true,,待核实,false
cdl-006259,腓利门书,,,,,,中文,bible-study,腓利门,,,,5,,true,,待核实,false
cdl-006261,腓利门书,黄浩仪,,,,,中文,bible-study,腓利门,,,,5,,true,,待核实,false
cdl-001385,腓利门书：注释,黄浩仪,,,,,中文,bible-study,注释;腓利门,,,,5,,true,,待核实,false
cdl-006256,腓利门书：注释,黄浩仪,,,,,中文,bible-study,注释;腓利门,,,,5,,true,,待核实,false
cdl-006260,腓利门书：注释,黃浩仪,,,,,中文,bible-study,注释;腓利门,,,,5,,true,,待核实,false
cdl-001398,腓利门书天道研经导读(冯国泰),,,,,,中文,bible-study,研经;腓利门,,,,5,,true,,待核实,false
cdl-006262,腓利门书注释,马太亨利,,,,,中文,bible-study,注释;腓利门,,,,5,,true,,待核实,false
cdl-006263,腓利门书注释 马太亨利,,,,,,中文,bible-study,注释;腓利门,,,,5,,true,,待核实,false
cdl-006264,丁道尔：腓立比书——新约圣经注释,马挺（Ralph P. Martin）,马挺（Ralph P. Martin，1925-2013）是英国新约学者，曾任富勒神学院新约教授。他研究保罗书信、早期基督教敬拜和新约背景，著有《腓立比书》等注释作品。,刘良淑,校园书房出版社,1995,中文,bible-study,圣经;新约;注释;腓立比书;丁道尔;丁道尔新约圣经注释,本卷注释腓立比书，围绕福音同工、喜乐、谦卑与基督榜样，帮助读者理解保罗在困境中的盼望。,,,5,,true,,版权受保护,false
cdl-003914,腓立比书——国际释经系列,,,,,,中文,bible-study,圣经;新约;腓立比书;国际释经,,,,0,,true,,待核实,false
cdl-006265,腓立比书,,,,,,中文,bible-study,腓立比,,,,5,,true,,待核实,false
cdl-006267,腓立比书,戈登费依,,,,,中文,bible-study,腓立比,,,,5,,true,,待核实,false
cdl-006268,腓立比书,冯荫坤,,,,,中文,bible-study,腓立比,,,,5,,true,,待核实,false
cdl-006269,腓立比书,华侯活,,,,,中文,bible-study,腓立比,,,,5,,true,,待核实,false
cdl-006270,腓立比书,华侯活,,,,,中文,bible-study,腓立比,,,,5,,true,,待核实,false
cdl-006271,腓立比书,,,,,,中文,bible-study,腓立比,,,,5,,true,,待核实,false
cdl-006273,腓立比书,冯阴坤,,,,,中文,bible-study,腓立比,,,,5,,true,,待核实,false
cdl-006533,腓立比书,超越的追寻,,,,,中文,bible-study,腓立比,,,,5,,true,,待核实,false
cdl-006266,腓立比书 仆友的生命与事奉,黄朱伦,,,,,中文,bible-study,腓立比,,,,5,,true,,待核实,false
cdl-006272,腓立比书（二）,,,,,,中文,bible-study,圣经;新约;腓立比书,,,,5,,true,,待核实,false
cdl-000982,腓立比书：冯荫坤,释经,,,,,中文,bible-study,腓立比,,,,5,,true,,待核实,false
cdl-001342,腓立比书：冯阴坤,释经,,,,,中文,bible-study,腓立比,,,,5,,true,,待核实,false
cdl-001371,腓立比书：冯阴坤,释经,,,,,中文,bible-study,腓立比,,,https://christian-digital-library-assets.gioia-zheng-stud.workers.dev/covers/cdl-001371.jpg,5,https://christian-digital-library-assets.gioia-zheng-stud.workers.dev/previews/cdl-001371,true,,待核实,false
cdl-002455,腓立比书、歌罗西书、腓利门书：新约书信读经讲义,陈终道,,,,,中文,bible-study,新约;腓立比;歌罗西,,,,5,,true,,待核实,false
cdl-002410,腓立比书信释义：新约,毛克礼,,,,,中文,bible-study,新约;腓立比,,,,5,,true,,待核实,false
cdl-001373,腓立比书天道研经导读(华侯活),,,,,,中文,bible-study,研经;腓立比,,,,5,,true,,待核实,false
cdl-001158,腓立比书注释,戈登 费依,,,,,中文,bible-study,注释;腓立比,,,,5,,true,,待核实,false
cdl-006274,腓立比书注释,,,,,,中文,bible-study,注释;腓立比,,,,5,,true,,待核实,false
cdl-006275,腓立比书注释,戈登 费依,,,,,中文,bible-study,注释;腓立比,,,,5,,true,,待核实,false
cdl-002386,腓立比书简残篇,糜家文,,,,,中文,bible-study,腓立比,,,,5,,true,,待核实,false
cdl-002341,腓立比书讲义,贾玉铭,,,,,中文,bible-study,腓立比,,,,5,,true,,待核实,false
cdl-006276,腓立比书：小组查经手册,,,,,,中文,bible-study,圣经;新约;腓立比书;小组查经,,,,5,,true,,待核实,false
cdl-006277,腓立比书,,,,,,中文,bible-study,圣经;新约;腓立比书,,,,5,,true,,待核实,false
cdl-001473,腓立比書生命讀經,,,,,,中文,bible-study,腓立比,,,,5,,true,,待核实,false
cdl-001474,腓立比書生命讀經,,,,,,中文,bible-study,腓立比,,,,5,,true,,待核实,false
cdl-006278,腓立比注释,,,,,,中文,bible-study,注释;腓立比,,,,5,,true,,待核实,false
cdl-000817,自伽利略之後,,,,,,中文,other,,,,,5,,true,,待核实,false
cdl-000026,自然之書讀解：科學詮釋學,,,,,,中文,culture-society,科學,,,https://christian-digital-library-assets.gioia-zheng-stud.workers.dev/covers/cdl-000026.jpg,5,https://christian-digital-library-assets.gioia-zheng-stud.workers.dev/previews/cdl-000026,true,,待核实,false
cdl-000818,自由在高处,熊培云,,,,,中文,other,,,,,5,,true,,待核实,false
cdl-000819,自由的真理：保罗神学观,F F bruce,,,,,中文,theology,神学,,,https://christian-digital-library-assets.gioia-zheng-stud.workers.dev/covers/cdl-000819.jpg,5,https://christian-digital-library-assets.gioia-zheng-stud.workers.dev/previews/cdl-000819,true,,待核实,false
cdl-001981,自由的真理：保罗神学观,卜鲁斯,,,,,中文,theology,神学,,,,5,,true,,待核实,false
cdl-000820,至圣所(希伯来书),,,,,,中文,bible-study,希伯来书,,,https://christian-digital-library-assets.gioia-zheng-stud.workers.dev/covers/cdl-000820.jpg,5,https://christian-digital-library-assets.gioia-zheng-stud.workers.dev/previews/cdl-000820,true,,待核实,false
cdl-003293,至圣所内生活,俞崇架,,,,,中文,other,,,,,5,,true,,待核实,false
cdl-002133,至高的呼召：君尊祭司的事奉,李拉瑞,,,,,中文,other,,,,,5,,true,,待核实,false
cdl-000821,致年轻加尔文主义者的信,,,,,,中文,theology,加尔文主义,,,,5,,true,,待核实,false
cdl-000822,致死的疾病,祁克果,,,,,中文,other,,,,,5,,true,,待核实,false
cdl-002616,致死的疾病,,,,,,中文,other,,,,,5,,true,,待核实,false
cdl-000823,與神同行的人：查经材料,管马莲,,,,,中文,spiritual-life,與神,,,https://christian-digital-library-assets.gioia-zheng-stud.workers.dev/covers/cdl-000823.jpg,5,https://christian-digital-library-assets.gioia-zheng-stud.workers.dev/previews/cdl-000823,true,,待核实,false
cdl-006279,舊約中的基督(上),,,,,,中文,bible-study,舊約,,,,5,,true,,待核实,false
cdl-006280,舊約啟示的軌跡,汪川生,,,,,中文,bible-study,舊約,,,,5,,true,,待核实,false
cdl-006282,舊約導論,,,,,,中文,bible-study,舊約,,,,5,,true,,待核实,false
cdl-006283,舊約導讀,,,,,,中文,bible-study,舊約,,,,5,,true,,待核实,false
cdl-006284,舊約導讀OT,Guide,,,,,中文,bible-study,舊約,,,,5,,true,,待核实,false
cdl-006285,舌头与言语,李世峥,,,,,中文,other,,,,,5,,true,,待核实,false
cdl-006286,舌音运动迷失,约翰 麦克阿瑟,,,,,中文,other,,,,,0,,true,,待核实,false
cdl-006287,舌音运动迷失,约翰 麦克阿瑟,,,,,中文,other,,,,,5,,true,,待核实,false
cdl-006288,舍勒：死·永生·上帝,,,,,,中文,theology,上帝,,,,5,,true,,待核实,false
cdl-001637,舍己生活的艺术,仆人领袖,,,,,中文,other,,,,,5,,true,,待核实,false
cdl-006290,良心的自由,约翰·范泰尔,,,,,中文,culture-society,良心自由;宗教自由;公共神学,,,,5,,true,,待核实,false
cdl-005288,敬拜新视野,艾,,,,,中文,pastoral,敬拜;教会事奉,,,,5,,true,,待核实,false
cdl-006291,艾利克森卷一,,,,,,中文,other,,,,,5,,true,,待核实,false
cdl-006292,艾利克森卷三,,,,,,中文,other,,,,,5,,true,,待核实,false
cdl-006293,艾利克森卷二,,,,,,中文,other,,,,,5,,true,,待核实,false
cdl-006294,艾得理传,全力以赴的一生,,,,,中文,other,,,,,5,,true,,待核实,false
cdl-003055,艾得理回顧大陸教會歷史,他必保守,,,,,中文,church-history,歷史,,,,5,,true,,待核实,false
cdl-006295,苌威威：因真理得自由以服侍 司徒雷登与燕京大学,,,,,,中文,other,,,,,5,,true,,待核实,false
cdl-006106,精彩的基督化家庭,苏文隆;麦维真,,,,,中文,family-ministry,家庭;婚姻;亲子;基督化家庭,本书讨论基督徒家庭生活中的婚姻、亲子与家庭信仰实践，帮助读者建立以信仰为核心的家庭关系。,,,0,,true,,待核实,false
cdl-002074,若没有爱,林国力,,,,,中文,other,,,,,5,,true,,待核实,false
cdl-002048,苦海慈航是耶稣,董芳苑,,,,,中文,other,,,,,5,,true,,待核实,false
cdl-001796,苦难的尽头：杰里迈亚哀歌的启示,盖华德,,,,,中文,other,,,,,0,,true,,待核实,false
cdl-006296,苦难神学 马有藻,,,,,,中文,theology,神学,,,,5,,true,,待核实,false
cdl-001568,苦难神学初探,Suffering 祝福或咒诅,,,,,中文,theology,神学,,,https://christian-digital-library-assets.gioia-zheng-stud.workers.dev/covers/cdl-001568.jpg,5,https://christian-digital-library-assets.gioia-zheng-stud.workers.dev/previews/cdl-001568,true,,待核实,false
cdl-006297,苦难神学初探,马有藻,,,,,中文,theology,神学,,,,5,,true,,待核实,false
cdl-006913,苦难神学初探,马有藻,,,,,中文,theology,神学,,,,5,,true,,待核实,false
cdl-006298,英 查尔斯。埃利奥特 印度教与佛教史纲,,,,,,中文,other,,,,,5,,true,,待核实,false
cdl-000566,英吉利教会史,比德,,,,,中文,church-history,教会史,,,,5,,true,,待核实,false
cdl-006299,英吉利教会史〔英〕比德,,,,,,中文,church-history,教会史,,,,5,,true,,待核实,false
cdl-000295,英国中世纪教会研究,基督教研究,,,,,中文,theology,教会,,,https://christian-digital-library-assets.gioia-zheng-stud.workers.dev/covers/cdl-000295.jpg,5,https://christian-digital-library-assets.gioia-zheng-stud.workers.dev/previews/cdl-000295,true,,待核实,false
cdl-000567,英国复兴领袖传,莱尔,,,,,中文,other,,,,https://christian-digital-library-assets.gioia-zheng-stud.workers.dev/covers/cdl-000567.jpg,5,https://christian-digital-library-assets.gioia-zheng-stud.workers.dev/previews/cdl-000567,true,,待核实,false
cdl-000296,英国宗教改革研究,基督教研究,,,,,中文,church-history,宗教改革,,,https://christian-digital-library-assets.gioia-zheng-stud.workers.dev/covers/cdl-000296.jpg,5,https://christian-digital-library-assets.gioia-zheng-stud.workers.dev/previews/cdl-000296,true,,待核实,false
cdl-001463,英帝国,,,,,,中文,other,,,,https://christian-digital-library-assets.gioia-zheng-stud.workers.dev/covers/cdl-001463.jpg,5,https://christian-digital-library-assets.gioia-zheng-stud.workers.dev/previews/cdl-001463,true,,待核实,false
cdl-006300,"范泰尔, 我为什麽信神",,,,,,中文,other,,,,,5,,true,,待核实,false
cdl-006302,范泰尔护教学：基督教的知识论,林慈信,,,,,中文,theology,范泰尔;护教;知识论;改革宗神学,,,,5,,true,,待核实,false
cdl-006303,范泰尔的预设派护教学入门,林慈信,,,,,中文,theology,护教,,,,5,,true,,待核实,false
cdl-006304,范甘麥倫和霍志恆聖經神學對比,,,,,,中文,bible-study,聖經,,,,5,,true,,待核实,false
cdl-006305,范甘麥倫和霍志恆聖經神學對比,,,,,,中文,bible-study,聖經,,,,5,,true,,待核实,false
cdl-002415,范甘麦伦,救赎进程,,,,,中文,other,,,,,5,,true,,待核实,false
cdl-006306,范畴篇 解释篇,,,,,,中文,other,,,,,5,,true,,待核实,false
cdl-001855,荆棘中的百合花：大陆教会血泪交织的见证,丹云,,,,,中文,theology,教会,,,https://christian-digital-library-assets.gioia-zheng-stud.workers.dev/covers/cdl-001855.jpg,5,https://christian-digital-library-assets.gioia-zheng-stud.workers.dev/previews/cdl-001855,true,,待核实,false
cdl-006307,荒漠甘泉(全译本),,,,,,中文,other,,,,,5,,true,,待核实,false
cdl-002321,荒芜与拯救：约珥书浅释讲义,陈大卫,,,,,中文,bible-study,约珥,,,,5,,true,,待核实,false
cdl-000568,荣美的神荣美的你,贝妮 强生 海蒂 贝克等,,,,,中文,other,,,,https://christian-digital-library-assets.gioia-zheng-stud.workers.dev/covers/cdl-000568.jpg,5,https://christian-digital-library-assets.gioia-zheng-stud.workers.dev/previews/cdl-000568,true,,待核实,false
cdl-000569,荣耀之重 暨其他演讲,C S 路易斯,,,,,中文,other,,,,,5,,true,,待核实,false
cdl-006308,荣耀光中活水泉：论救恩与灵恩,周功和,,,,,中文,theology,救恩,,,,5,,true,,待核实,false
cdl-006310,荣耀的人子耶稣,陶恕,,,,,中文,other,,,,,5,,true,,待核实,false
cdl-006311,荷马史诗·奥德赛,,,,,,中文,other,,,,,5,,true,,待核实,false
cdl-001411,莫卧儿帝国,,,,,,中文,other,,,,https://christian-digital-library-assets.gioia-zheng-stud.workers.dev/covers/cdl-001411.jpg,5,https://christian-digital-library-assets.gioia-zheng-stud.workers.dev/previews/cdl-001411,true,,待核实,false
cdl-001716,莫尔特曼与汉语神学：曾庆豹，曾念粤,,,,,,中文,theology,神学,,,https://christian-digital-library-assets.gioia-zheng-stud.workers.dev/covers/cdl-001716.jpg,5,https://christian-digital-library-assets.gioia-zheng-stud.workers.dev/previews/cdl-001716,true,,待核实,false
cdl-006312,莫测树下,,,,,,中文,other,,,,,5,,true,,待核实,false
cdl-001875,莫特曼神学,林鸿信,,,,,中文,theology,神学,,,https://christian-digital-library-assets.gioia-zheng-stud.workers.dev/covers/cdl-001875.jpg,5,https://christian-digital-library-assets.gioia-zheng-stud.workers.dev/previews/cdl-001875,true,,待核实,false
cdl-000926,莫谓非常,,,,,,中文,other,,,,,5,,true,,待核实,false
cdl-006313,華人教會統計,,,,,,中文,theology,教會,,,,5,,true,,待核实,false
cdl-006314,董仲舒天人之学非宗教性之审视,以奥古斯丁为背景的反观,,,,,中文,culture-society,宗教,,,,5,,true,,待核实,false
cdl-006315,蒂利希：存在的勇气,,,,,,中文,other,,,,,5,,true,,待核实,false
cdl-006316,蒂利希：文化神学,,,,,,中文,theology,神学,,,,5,,true,,待核实,false
cdl-002652,蒂利希的存在主义神学,,,,,,中文,theology,神学,,,,5,,true,,待核实,false
cdl-000571,基督教史,蒙塔尤,,,,,中文,church-history,,,,https://christian-digital-library-assets.gioia-zheng-stud.workers.dev/covers/cdl-000571.jpg,5,https://christian-digital-library-assets.gioia-zheng-stud.workers.dev/previews/cdl-000571,true,,待核实,false
cdl-006317,蒙怜悯预备好得荣耀的器皿,,,,,,中文,other,,,,,5,,true,,待核实,false
cdl-006318,蒙神赐福的讲道,史蒂芬·劳森（Steven J. Lawson）,,,,,中文,pastoral,讲道;释经讲道;教会事奉,,,,5,,true,,待核实,false
cdl-001922,蓝图在握：活出基督的主权,杰瑞 怀特,,,,,中文,theology,基督,,,,5,,true,,待核实,false
cdl-001576,一个都不能少,蔡元云,,,,,中文,pastoral,,,,https://christian-digital-library-assets.gioia-zheng-stud.workers.dev/covers/cdl-001576.jpg,5,https://christian-digital-library-assets.gioia-zheng-stud.workers.dev/previews/cdl-001576,true,,待核实,false
cdl-006321,藉我赐恩福：创世记12—50章,黄仪章,,,香港天道,,中文,bible-study,圣经;旧约;创世记;释经,,,,5,,true,,待核实,false
cdl-002564,蘇穎智第三版,異端辨惑,,,,,中文,other,,,,,5,,true,,待核实,false
cdl-002084,虚空的人生与基督的满足：旧约传道书浅释,陈骝,,,,,中文,bible-study,旧约,,,,5,,true,,待核实,false
cdl-000108,血腥50年,以色列与阿拉伯,,,,,中文,other,,,,https://christian-digital-library-assets.gioia-zheng-stud.workers.dev/covers/cdl-000108.jpg,5,https://christian-digital-library-assets.gioia-zheng-stud.workers.dev/previews/cdl-000108,true,,待核实,false
cdl-000574,行为和恩典之约：什么是圣约神学,,,,,,中文,theology,神学,,,,3,,true,,待核实,false
cdl-002064,行在其间：毕维廉教授论文暨退休特辑,毕维廉,,,,,中文,other,,,,,5,,true,,待核实,false
cdl-006323,行在水面上,,,,,,中文,other,,,,,5,,true,,待核实,false
cdl-006325,行神迹的以利沙,,,,,,中文,other,,,,,5,,true,,待核实,false
cdl-006327,衛道學概論,約翰 傅瑞姆,,,,,中文,other,,,,,5,,true,,待核实,false
cdl-001925,表里一致,高力富,,,,,中文,other,,,,,5,,true,,待核实,false
cdl-000575,袖珍神学,霍尔巴赫,,,,,中文,theology,神学,,,https://christian-digital-library-assets.gioia-zheng-stud.workers.dev/covers/cdl-000575.jpg,5,https://christian-digital-library-assets.gioia-zheng-stud.workers.dev/previews/cdl-000575,true,,待核实,false
cdl-006328,被分割的基督,,,,,,中文,theology,基督,,,,5,,true,,待核实,false
cdl-006329,被掳与回归,,,,,,中文,other,,,,,5,,true,,待核实,false
cdl-006330,被掳的基督徒,麦克谦,,,,,中文,theology,基督,,,,3,,true,,待核实,false
cdl-006331,被提灾前灾中或灾后,亚撒等,,,,,中文,other,,,,,5,,true,,待核实,false
cdl-006332,被遗忘的圣灵,,,,,,中文,theology,圣灵,,,,5,,true,,待核实,false
cdl-001784,被钉十字架的上帝,莫尔特曼,,,,,中文,theology,上帝;十字架,,,https://christian-digital-library-assets.gioia-zheng-stud.workers.dev/covers/cdl-001784.jpg,5,https://christian-digital-library-assets.gioia-zheng-stud.workers.dev/previews/cdl-001784,true,,待核实,false
cdl-006333,被钉十字架的上帝,尤尔根·莫尔特曼,,,,,中文,theology,十字架;神学;基督论;苦难,莫尔特曼从十字架事件出发反思上帝、苦难与盼望，是二十世纪基督教神学的重要著作之一。,,,5,,true,,待核实,false
cdl-000002,被钉十架者的胜利,,,,,,中文,other,,,,https://christian-digital-library-assets.gioia-zheng-stud.workers.dev/covers/cdl-000002.jpg,5,https://christian-digital-library-assets.gioia-zheng-stud.workers.dev/previews/cdl-000002,true,,待核实,false
cdl-001571,袮的话是真理：圣经难题範例汇编,马有藻,,,,,中文,bible-study,圣经,,,https://christian-digital-library-assets.gioia-zheng-stud.workers.dev/covers/cdl-001571.jpg,5,https://christian-digital-library-assets.gioia-zheng-stud.workers.dev/previews/cdl-001571,true,,待核实,false
cdl-006334,西方名著入门 第一卷 文学,,,,,,中文,other,,,,,5,,true,,待核实,false
cdl-006335,西方名著入门 第七卷 自然科学,,,,,,中文,culture-society,科学,,,,5,,true,,待核实,false
cdl-006336,西方名著入门 第三卷 文学,,,,,,中文,other,,,,,5,,true,,待核实,false
cdl-006337,西方名著入门 第九卷 哲学,,,,,,中文,culture-society,哲学,,,,5,,true,,待核实,false
cdl-006338,西方名著入门 第八卷 数学,,,,,,中文,other,,,,,5,,true,,待核实,false
cdl-006339,西方名著入门 第四卷 评论,,,,,,中文,other,,,,,5,,true,,待核实,false
cdl-006340,西方哲学史 学术版 第三卷 中世纪哲学,,,,,,中文,culture-society,哲学,,,,5,,true,,待核实,false
cdl-006341,西方的四种文化,,,,,,中文,culture-society,文化,,,,5,,true,,待核实,false
cdl-003163,西方的智慧,伯特兰 罗素,,,,,中文,other,,,,,5,,true,,待核实,false
cdl-006342,觀世音菩薩真相,,,,,,中文,other,,,,,5,,true,,待核实,false
cdl-006345,见证的火炬,约翰 甘乃迪,,,,,中文,other,,,,,5,,true,,待核实,false
cdl-006346,觉醒的德意志：马丁·路德与托马斯·闵采尔,,,,,,中文,church-history,路德,,,,5,,true,,待核实,false
cdl-006347,角色樹,,,,,,中文,other,,,,,5,,true,,待核实,false
cdl-006349,解开发光的话,马有藻,,,,,中文,other,,,,,5,,true,,待核实,false
cdl-006350,解开发光的话,马有藻,,,,,中文,other,,,,,5,,true,,待核实,false
cdl-006348,解开发光的话(旧约困语诠释),,,,,,中文,bible-study,旧约,,,,5,,true,,待核实,false
cdl-006351,解构基要主义与福音主义,马斯丹,,,,,中文,other,,,,,5,,true,,待核实,false
cdl-006352,解构基要主义与福音主义,马斯丹,,,,,中文,other,,,,,5,,true,,待核实,false
cdl-001896,解毒后现代,麦卡伦等,,,,,中文,other,,,,https://christian-digital-library-assets.gioia-zheng-stud.workers.dev/covers/cdl-001896.jpg,5,https://christian-digital-library-assets.gioia-zheng-stud.workers.dev/previews/cdl-001896,true,,待核实,false
cdl-006353,解毒后现代—卖尔伦,,,,,,中文,other,,,,,5,,true,,待核实,false
cdl-006354,解經、釋經講道四要點,,,,,,中文,bible-study,釋經;解經,,,,2,,true,,待核实,false
cdl-006355,解经有路,,,,,,中文,bible-study,解经,,,,5,,true,,待核实,false
cdl-006356,解经有路·陆苏河,,,,,,中文,bible-study,解经,,,,5,,true,,待核实,false
cdl-002121,解经神学探讨,华德 凯瑟,,,,,中文,bible-study,解经,,,,5,,true,,待核实,false
cdl-006357,解经神学探讨,华德凯瑟,,,,,中文,bible-study,解经,,,,5,,true,,待核实,false
cdl-006359,解经神学探讨,华德凯瑟,,,,,中文,bible-study,解经,,,,5,,true,,待核实,false
cdl-006358,解经神学探讨0218,,,,,,中文,bible-study,解经,,,,5,,true,,待核实,false
cdl-002627,解经讲道注释丛书01：創世记,,,,,,中文,bible-study,解经;注释,,,,5,,true,,待核实,false
cdl-002628,解经讲道注释丛书07：士师记,,,,,,中文,bible-study,解经;注释;士师记,,,,5,,true,,待核实,false
cdl-002629,解经讲道注释丛书17：传道书,,,,,,中文,bible-study,解经;注释,,,,5,,true,,待核实,false
cdl-002630,解经讲道注释丛书27：马太福音,,,,,,中文,bible-study,解经;注释;马太福音,,,,5,,true,,待核实,false
cdl-002631,解经讲道注释丛书28：马可福音,,,,,,中文,bible-study,解经;注释;马可福音,,,,5,,true,,待核实,false
cdl-002632,解经讲道注释丛书30：约翰福音,,,,,,中文,bible-study,解经;注释;约翰福音,,,,5,,true,,待核实,false
cdl-002633,解经讲道注释丛书32：罗马书,,,,,,中文,bible-study,解经;注释;罗马书,,,,5,,true,,待核实,false
cdl-002634,解经讲道注释丛书34：哥林多后书,,,,,,中文,bible-study,解经;注释;哥林多,,,,5,,true,,待核实,false
cdl-002635,解经讲道注释丛书36：以弗所书、歌罗西书、腓利门书,,,,,,中文,bible-study,解经;注释;以弗所,,,,5,,true,,待核实,false
cdl-006360,解经讲道注释丛书：传道书,,,,,,中文,bible-study,解经;注释,,,,5,,true,,待核实,false
cdl-006361,解经讲道注释丛书：约翰福音,,,,,,中文,bible-study,解经;注释;约翰福音,,,,5,,true,,待核实,false
cdl-006362,解经讲道注释丛书：马太福音,,,,,,中文,bible-study,解经;注释;马太福音,,,,0,,true,,待核实,false
cdl-000576,解读犹太历与十二支派,,,,,,中文,other,,,,https://christian-digital-library-assets.gioia-zheng-stud.workers.dev/covers/cdl-000576.jpg,5,https://christian-digital-library-assets.gioia-zheng-stud.workers.dev/previews/cdl-000576,true,,待核实,false
cdl-004726,解釋學視野中的翻譯問題,巴別塔的重建與解構,,,,,中文,other,,,,,5,,true,,待核实,false
cdl-006363,解釋與真理,李咏吟,,,,,中文,other,,,,,5,,true,,待核实,false
cdl-006364,触动心灵的70个祈祷—和天主建立亲密又真实关系的个人操练,,,,,,中文,other,,,,,5,,true,,待核实,false
cdl-006365,言语的威力,,,,,,中文,other,,,,,5,,true,,待核实,false
cdl-000824,証主神学辞典：圣经神学,,,,,,中文,reference,辞典,,,https://christian-digital-library-assets.gioia-zheng-stud.workers.dev/covers/cdl-000824.jpg,5,https://christian-digital-library-assets.gioia-zheng-stud.workers.dev/previews/cdl-000824,true,,待核实,false
cdl-006366,試探治死罪,,,,,,中文,other,,,,,5,,true,,待核实,false
cdl-006367,詩中之詩：第三集,信靠詩,,,,,中文,other,,,,,5,,true,,待核实,false
cdl-006368,詩中之詩：第九集,祈禱詩 續一,,,,,中文,other,,,,,5,,true,,待核实,false
cdl-006369,詩中之詩：第二集,感恩詩,,,,,中文,other,,,,,5,,true,,待核实,false
cdl-006370,詩中之詩：第八集,禮拜詩,,,,,中文,other,,,,,5,,true,,待核实,false
cdl-000577,詩中之詩：詩篇總論,唐佑之,,,,,中文,bible-study,詩篇,,,,5,,true,,待核实,false
cdl-001045,詩篇卷一 張國定,merged,,,,,中文,bible-study,詩篇,,,,5,,true,,待核实,false
cdl-001046,詩篇卷二 張國定,merged,,,,,中文,bible-study,詩篇,,,,5,,true,,待核实,false
cdl-005481,旧约精览,詹逊（Irving L. Jensen）,,,宣道出版社,1989,中文,bible-study,圣经;旧约;旧约导论;研经,,,,5,,true,,待核实,false
cdl-006372,認識保羅的聖靈觀,,,,,,中文,theology,聖靈,,,,5,,true,,待核实,false
cdl-006371,认识保罗的圣灵观,戈登·费依（Gordon D. Fee）,戈登·费依（Gordon D. Fee，1934-2022）是新约学者，曾任摄政学院新约教授，研究领域包括保罗书信、圣灵论、新约释经与文本批判。,,,,中文,theology,圣灵;保罗;新约神学;圣灵论,本书研究保罗书信中的圣灵观，讨论圣灵与救恩、教会、敬拜和基督徒生活之间的关系。,,,5,,true,,版权受保护,false
cdl-006373,認識生命倫理學,,,,,,中文,culture-society,倫理,,,,5,,true,,待核实,false
cdl-006374,認識福音派信仰,,,,,,中文,theology,信仰,,,,5,,true,,待核实,false
cdl-002527,認識聖經文學,郭秀娟,,,,,中文,bible-study,聖經,,,,5,,true,,待核实,false
cdl-006375,認識舊約倫理學,,,,,,中文,bible-study,舊約,,,,5,,true,,待核实,false
cdl-006376,認識舊約神學主題,,,,,,中文,bible-study,舊約,,,,5,,true,,待核实,false
cdl-006377,認識解經原理,,,,,,中文,bible-study,解經,,,,5,,true,,待核实,false
cdl-000578,誰說字句叫人死,,,,,,中文,other,,,,,5,,true,,待核实,false
cdl-006378,誰說字句叫人死,,,,,,中文,other,,,,,5,,true,,待核实,false
cdl-006379,課本：必讀：上帝子民的宣教使命,萊特,,,,,中文,missions,宣教,,,,5,,true,,待核实,false
cdl-000080,认识上帝的国,乔治 赖德,,,,,中文,theology,上帝,,,https://christian-digital-library-assets.gioia-zheng-stud.workers.dev/covers/cdl-000080.jpg,5,https://christian-digital-library-assets.gioia-zheng-stud.workers.dev/previews/cdl-000080,true,,待核实,false
cdl-006380,认识人,巴刻,,,,,中文,other,,,,,5,,true,,待核实,false
cdl-006381,认识传回耶路撒冷运动,王美钟,,,,,中文,other,,,,,5,,true,,待核实,false
cdl-006382,认识你的敌人,,,,,,中文,other,,,,,0,,true,,待核实,false
cdl-006383,认识你的敌人：从基督徒的角度探索要来临的新世界秩序,,,,,,中文,theology,基督,,,,5,,true,,待核实,false
cdl-002228,认识圣灵的能力,大卫 豪尔,,,,,中文,theology,圣灵,,,,5,,true,,待核实,false
cdl-002182,认识圣经,约翰 斯托得,,,,,中文,bible-study,圣经,,,,5,,true,,待核实,false
cdl-002248,认识圣经,寇世远,,,,,中文,bible-study,圣经,,,,5,,true,,待核实,false
cdl-002440,认识圣经文学,郭秀娟,,,,,中文,bible-study,圣经,,,,5,,true,,待核实,false
cdl-006384,认识圣经文学,郭秀娟,,,,,中文,bible-study,圣经,,,,5,,true,,待核实,false
cdl-006385,认识圣经的文学,,,,,,中文,bible-study,圣经,,,,5,,true,,待核实,false
cdl-000579,认识圣经神学,,,,,,中文,bible-study,圣经,,,https://christian-digital-library-assets.gioia-zheng-stud.workers.dev/covers/cdl-000579.jpg,5,https://christian-digital-library-assets.gioia-zheng-stud.workers.dev/previews/cdl-000579,true,,待核实,false
cdl-006386,认识圣经神学,高伟勋,,,,,中文,bible-study,圣经,,,,5,,true,,待核实,false
cdl-006387,认识圣经神学,,,,,,中文,bible-study,圣经,,,,5,,true,,待核实,false
cdl-006388,认识基督,初信造就,,,,,中文,theology,基督,,,,5,,true,,待核实,false
cdl-006389,认识基督教教育,邓敏,,,,,中文,theology,基督,,,,5,,true,,待核实,false
cdl-006390,认识基督的27堂必修课,,,,,,中文,theology,基督,,,,5,,true,,待核实,false
cdl-006391,认识安拉,,,,,,中文,other,,,,,5,,true,,待核实,false
cdl-001909,认识应用教义学,罗秉祥,,,,,中文,theology,教义,,,,5,,true,,待核实,false
cdl-006392,认识摩西五经,区应毓,,,,,中文,other,,,,,5,,true,,待核实,false
cdl-006393,认识救恩,,,,,,中文,theology,救恩,,,,5,,true,,待核实,false
cdl-002254,认识教会,寇世远,,,,,中文,theology,教会,,,,5,,true,,待核实,false
cdl-002342,认识新兴教会,卡森 D A Carson,,,,,中文,theology,教会,,,,0,,true,,待核实,false
cdl-006394,认识新兴教会,,,,,,中文,theology,教会,,,,5,,true,,待核实,false
cdl-006395,认识新约神学,莫理德,,,,,中文,bible-study,新约,,,,5,,true,,待核实,false
cdl-006396,认识新约神学,莫理德,,,,,中文,bible-study,新约,,,,5,,true,,待核实,false
cdl-006397,认识旧约,,,,,,中文,bible-study,旧约,,,,5,,true,,待核实,false
cdl-002023,认识旧约伦理学,莱特,,,,,中文,bible-study,旧约,,,,5,,true,,待核实,false
cdl-000580,认识旧约神学主题,威廉 端力斯,,,,,中文,bible-study,旧约,,,https://christian-digital-library-assets.gioia-zheng-stud.workers.dev/covers/cdl-000580.jpg,5,https://christian-digital-library-assets.gioia-zheng-stud.workers.dev/previews/cdl-000580,true,,待核实,false
cdl-002010,认识旧约神学主题,威廉 端力斯,,,,,中文,bible-study,旧约,,,,5,,true,,待核实,false
cdl-006398,认识时代论者 潘伟恩,,,,,,中文,other,,,,,5,,true,,待核实,false
cdl-006399,认识时代论者,溥伟恩,,,,,中文,theology,时代论;神学;圣经神学,,,,5,,true,,待核实,false
cdl-001886,认识末世：从黑暗到光明,苏颖智,,,,,中文,other,,,,,5,,true,,待核实,false
cdl-002257,认识死后的世界,艾丽森 摩根,,,,,中文,other,,,,,0,,true,,待核实,false
cdl-000707,认识真理,张郁岚,,,,,中文,other,,,,https://christian-digital-library-assets.gioia-zheng-stud.workers.dev/covers/cdl-000707.jpg,5,https://christian-digital-library-assets.gioia-zheng-stud.workers.dev/previews/cdl-000707,true,,待核实,false
cdl-006400,认识神,巴刻,,,,,中文,theology,神学;认识神;灵修,,,,5,,true,,待核实,false
cdl-000581,认识神认识主,巴刻,,,,,中文,other,,,,,5,,true,,待核实,false
cdl-002255,认识福音,寇世远,,,,,中文,other,,,,,5,,true,,待核实,false
cdl-001881,认识福音派信仰,斯托得,,,,,中文,theology,信仰,,,,5,,true,,待核实,false
cdl-002156,认识美国基要派与福音派,乔治 马斯登,,,,,中文,other,,,,,5,,true,,待核实,false
cdl-006402,认识耶稣的10堂课,,,,,,中文,other,,,,,5,,true,,待核实,false
cdl-006403,认识耶稣的十堂课,,,,,,中文,other,,,,,5,,true,,待核实,false
cdl-006404,认识耶稣的十堂课,赖特,,,,,中文,other,,,,,5,,true,,待核实,false
cdl-006406,认识苦难的奥秘,卡森,,,,,中文,other,,,,,5,,true,,待核实,false
cdl-006405,认识苦难的奥秘 卡森,,,,,,中文,other,,,,,5,,true,,待核实,false
cdl-002151,认识解经原理,陈济民,,,,,中文,bible-study,解经,,,,5,,true,,待核实,false
cdl-006407,认识解经原理,,,,,,中文,bible-study,解经,,,,5,,true,,待核实,false
cdl-002077,讨神喜悦,大卫 霍金,,,,,中文,other,,,,,5,,true,,待核实,false
cdl-006408,讨神喜悦的教会 以弗所书,李永动,,,,,中文,bible-study,以弗所,,,,5,,true,,待核实,false
cdl-006409,让信息YOUNG起来,,,,,,中文,other,,,,,5,,true,,待核实,false
cdl-006410,让婚姻赢在起跑点 婚前婚后要了解的七大问题,,,,,,中文,family-ministry,婚姻,,,,5,,true,,待核实,false
cdl-001711,让教会成为教会：教会论,林鸿信,,,,,中文,theology,教会,,,https://christian-digital-library-assets.gioia-zheng-stud.workers.dev/covers/cdl-001711.jpg,5,https://christian-digital-library-assets.gioia-zheng-stud.workers.dev/previews/cdl-001711,true,,待核实,false
cdl-006411,让生命成长：介绍：灵命成长的途径,沈承恩,,,,,中文,spiritual-life,生命成长;灵命,,,,5,,true,,待核实,false
cdl-001863,记号：耶稣的先知式和预示式行动,何蒙娜,,,,,中文,other,,,,https://christian-digital-library-assets.gioia-zheng-stud.workers.dev/covers/cdl-001863.jpg,5,https://christian-digital-library-assets.gioia-zheng-stud.workers.dev/previews/cdl-001863,true,,待核实,false
cdl-006412,记忆与光照：奥古斯丁神哲学研究,,,,,,中文,church-history,奥古斯丁,,,,5,,true,,待核实,false
cdl-006413,讲章可以复制吗,史考特 吉布森,,,,,中文,pastoral,讲章,,,,5,,true,,待核实,false
cdl-002328,讲经集(旧约上册):创世记至约伯记,宋尚节,,,,,中文,bible-study,旧约;创世记;约伯,,,,5,,true,,待核实,false
cdl-006414,讲经集：旧约(上册),宋尚节,,,,,中文,bible-study,旧约,,,,5,,true,,待核实,false
cdl-006415,讲解与注释,,,,,,中文,bible-study,注释,,,,5,,true,,待核实,false
cdl-004959,恩典城市,,,,,,中文,pastoral,讲道;恩典;教会,,,,5,,true,,待核实,false
cdl-006416,讲道 纯粹讲道的简单教导 亚历克·莫德,,,,,,中文,pastoral,讲道,,,,5,,true,,待核实,false
cdl-006417,讲道与圣经神学,,,,,,中文,bible-study,圣经,,,,5,,true,,待核实,false
cdl-006418,讲道与教导,,,,,,中文,pastoral,讲道,,,,5,,true,,待核实,false
cdl-000582,讲道与讲道的人,钟马田,,,,,中文,pastoral,讲道,,,,5,,true,,待核实,false
cdl-006419,讲道与讲道的人,,,,,,中文,pastoral,讲道,,,,5,,true,,待核实,false
cdl-006420,讲道学：张子华(提摩太系列),,,,,,中文,bible-study,提摩太,,,,5,,true,,待核实,false
cdl-006421,讲道实用手册,,,,,,中文,reference,手册,,,,5,,true,,待核实,false
cdl-006422,讲道集：侍奉篇,活石,,,,,中文,pastoral,讲道;侍奉,,,,5,,true,,待核实,false
cdl-006423,讲道集：其他篇,活石,,,,,中文,pastoral,讲道,,,,5,,true,,待核实,false
cdl-006425,讲道集：上帝与罪篇,活石,,,,,中文,pastoral,讲道;上帝;罪,,,,5,,true,,待核实,false
cdl-006426,讲道集：基督耶稣篇,活石,,,,,中文,pastoral,讲道;基督论,,,,5,,true,,待核实,false
cdl-006428,讲道集：祷告篇,活石,,,,,中文,pastoral,讲道;祷告,,,,5,,true,,待核实,false
cdl-006427,讲道集：教会篇,活石,,,,,中文,pastoral,讲道;教会;牧养,,,,5,,true,,待核实,false
cdl-006429,许愿与还愿,陈志华,,,,,中文,other,,,,,5,,true,,待核实,false
cdl-002218,论《创世纪》:寓意的解释,斐洛,,,,,中文,other,,,,,5,,true,,待核实,false
cdl-006430,论万物 驳异大全,,,,,,中文,other,,,,,5,,true,,待核实,false
cdl-006431,论三位一体,,,,,,中文,theology,三位一体,,,,5,,true,,待核实,false
cdl-006432,论传统,E. 希尔斯,,,,,中文,culture-society,传统;社会学;文化,,,,5,,true,,待核实,false
cdl-002617,论信仰与自我,,,,,,中文,theology,信仰,,,,5,,true,,待核实,false
cdl-006433,论原罪与恩典 驳佩拉纠派,,,,,,中文,theology,恩典,,,,5,,true,,待核实,false
cdl-006434,论参孙故事的原型及变体,罗依娜,,,,,中文,other,,,,,5,,true,,待核实,false
cdl-000851,论圣灵的洗,钟马田,,,,,中文,theology,圣灵,,,https://christian-digital-library-assets.gioia-zheng-stud.workers.dev/covers/cdl-000851.jpg,5,https://christian-digital-library-assets.gioia-zheng-stud.workers.dev/previews/cdl-000851,true,,待核实,false
cdl-006435,论圣经伦理的历史价值及其永恒意义,,,,,,中文,bible-study,圣经,,,,5,,true,,待核实,false
cdl-001873,论基督徒的完美,劳威廉,,,,,中文,theology,基督,,,,5,,true,,待核实,false
cdl-006436,论基督徒的生活,,,,,,中文,theology,基督,,,,5,,true,,待核实,false
cdl-006437,论基督徒的自由,路德,,,,,中文,theology,基督,,,,5,,true,,待核实,false
cdl-006438,论基督教与犹太教的文化差异,赵林,,,,,中文,theology,基督,,,,5,,true,,待核实,false
cdl-006439,论基督教信仰,安波罗修,,,,,中文,theology,基督;信仰,,,,5,,true,,待核实,false
cdl-000583,论基督教教义的发展,约翰 亨利 纽曼,,,,,中文,theology,教义,,,https://christian-digital-library-assets.gioia-zheng-stud.workers.dev/covers/cdl-000583.jpg,5,https://christian-digital-library-assets.gioia-zheng-stud.workers.dev/previews/cdl-000583,true,,待核实,false
cdl-000584,论基督教教义的发展,约翰 亨利 纽曼,,,,,中文,theology,教义,,,https://christian-digital-library-assets.gioia-zheng-stud.workers.dev/covers/cdl-000584.jpg,5,https://christian-digital-library-assets.gioia-zheng-stud.workers.dev/previews/cdl-000584,true,,待核实,false
cdl-006440,论大众传播中的反智主义,,,,,,中文,other,,,,,5,,true,,待核实,false
cdl-002625,论怀疑者：哲学片断【丹麦】克利马科斯(克尔凯郭尔)着,,,,,,中文,culture-society,哲学,,,,5,,true,,待核实,false
cdl-002604,论摩西的生平,,,,,,中文,church-history,生平,,,,5,,true,,待核实,false
cdl-006441,论新约神学与系统神学的关系,,,,,,中文,bible-study,新约,,,,5,,true,,待核实,false
cdl-006442,论爱人如己的宗教团体性,刘清平,,,,,中文,culture-society,宗教,,,,5,,true,,待核实,false
cdl-006443,论牧师的女儿的逃离主题,,,,,,中文,other,,,,,5,,true,,待核实,false
cdl-000795,论神学学习,约翰欧文,,,,,中文,theology,神学,,,https://christian-digital-library-assets.gioia-zheng-stud.workers.dev/covers/cdl-000795.jpg,5,https://christian-digital-library-assets.gioia-zheng-stud.workers.dev/previews/cdl-000795,true,,待核实,false
cdl-000585,论道成肉身,古罗马 阿塔那修,,,,,中文,theology,道成肉身,,,,5,,true,,待核实,false
cdl-006444,论隐秘的上帝,,,,,,中文,theology,上帝,,,,5,,true,,待核实,false
cdl-006445,论领导,斯托得,,,,,中文,other,,,,,5,,true,,待核实,false
cdl-006446,设计释经讲道(上册),,,,,,中文,bible-study,释经,,,,5,,true,,待核实,false
cdl-006447,设计释经讲道(下册),,,,,,中文,bible-study,释经,,,,5,,true,,待核实,false
cdl-006448,设计释经讲道(中册),,,,,,中文,bible-study,释经,,,,5,,true,,待核实,false
cdl-006449,证主圣经百科全书 卷一 2,,,,,,中文,reference,百科,,,,5,,true,,待核实,false
cdl-006450,证主圣经百科全书 卷三 2,,,,,,中文,reference,百科,,,,5,,true,,待核实,false
cdl-000825,证主圣经百科全书（A-J，简体版）,,,,,,中文,reference,圣经;百科;工具书;参考书,,,,5,,true,,待核实,false
cdl-000826,证主圣经百科全书(简),,,,,,中文,reference,百科,,,,5,,true,,待核实,false
cdl-006451,试探、治死罪,约翰欧文,,,,,中文,other,,,,,5,,true,,待核实,false
cdl-006452,试探与试炼,,,,,,中文,other,,,,,5,,true,,待核实,false
cdl-006453,试看人生—传道书,,,,,,中文,missions,传道,,,,5,,true,,待核实,false
cdl-006454,试看人生—传道书,,,,,,中文,missions,传道,,,,5,,true,,待核实,false
cdl-006455,试论犹太教的：人格神：上帝：以：摩西五经：为中心,王强伟,,,,,中文,theology,上帝,,,,5,,true,,待核实,false
cdl-006456,诗中之诗 诗篇概论,唐佑之,,,,,中文,bible-study,诗篇,,,,5,,true,,待核实,false
cdl-002307,诗中之诗(第一集):赞美诗,唐佑之,,,,,中文,spiritual-life,赞美,,,,5,,true,,待核实,false
cdl-002312,诗中之诗(第七集):默想诗,唐佑之,,,,,中文,other,,,,,5,,true,,待核实,false
cdl-002309,诗中之诗(第三集):信靠诗,唐佑之,,,,,中文,other,,,,,5,,true,,待核实,false
cdl-002308,诗中之诗(第二集):感恩诗,唐佑之,,,,,中文,other,,,,,5,,true,,待核实,false
cdl-002313,诗中之诗(第八集):礼拜诗,唐佑之,,,,,中文,other,,,,,5,,true,,待核实,false
cdl-002311,诗中之诗(第六集):盼望诗,唐佑之,,,,,中文,other,,,,,5,,true,,待核实,false
cdl-002310,诗中之诗(第四集):祈祷诗,唐佑之,,,,,中文,other,,,,,5,,true,,待核实,false
cdl-002314,诗中之诗：诗篇总论,唐佑之,,,,,中文,bible-study,诗篇,,,,4,,true,,待核实,false
cdl-006458,诗人的眼睛 圣经文学新视角,郭秀娟,,,,,中文,bible-study,圣经,,,,5,,true,,待核实,false
cdl-006459,诗学,,,,,,中文,other,,,,,5,,true,,待核实,false
cdl-002199,诗情祷语：与诗篇一起祷告,毕德生 Eugene H Peterson,,,,,中文,bible-study,诗篇,,,,5,,true,,待核实,false
cdl-006460,诗篇,欧尔顿,,,,,中文,bible-study,诗篇;旧约;圣经研究,,,,5,,true,,待核实,false
cdl-006463,诗篇：神子民的祷告（上）,威尔克,,,,,中文,bible-study,诗篇;祷告;圣经研究,,,,5,,true,,待核实,false
cdl-006464,诗篇：神子民的祷告（下）,威尔克,,,,,中文,bible-study,诗篇;祷告;圣经研究,,,,5,,true,,待核实,false
cdl-006465,诗篇,欧尔顿,,,,,中文,bible-study,诗篇;旧约;圣经研究,,,,5,,true,,待核实,false
cdl-006466,诗篇,,,,,,中文,bible-study,诗篇,,,,5,,true,,待核实,false
cdl-001047,诗篇 卷一 赖建国,,,,,,中文,bible-study,诗篇,,,https://christian-digital-library-assets.gioia-zheng-stud.workers.dev/covers/cdl-001047.jpg,5,https://christian-digital-library-assets.gioia-zheng-stud.workers.dev/previews/cdl-001047,true,,待核实,false
cdl-006462,诗篇 无白边 适配手机屏,,,,,,中文,bible-study,诗篇,,,,5,,true,,待核实,false
cdl-001033,诗篇1 1-72,,,,,,中文,bible-study,诗篇,,,,5,,true,,待核实,false
cdl-006467,诗篇1-50章,,,,,,中文,bible-study,诗篇,,,,5,,true,,待核实,false
cdl-006468,诗篇130实用注释：罪的赦免,约翰欧文原文,,,,,中文,bible-study,注释;诗篇,,,,5,,true,,待核实,false
cdl-001035,诗篇2 73-150,,,,,,中文,bible-study,诗篇,,,https://christian-digital-library-assets.gioia-zheng-stud.workers.dev/covers/cdl-001035.jpg,5,https://christian-digital-library-assets.gioia-zheng-stud.workers.dev/previews/cdl-001035,true,,待核实,false
cdl-006469,诗篇51-150章,,,,,,中文,bible-study,诗篇,,,,5,,true,,待核实,false
cdl-006470,诗篇（二）,,,,,,中文,bible-study,圣经;旧约;诗篇,,,,5,,true,,待核实,false
cdl-001134,诗篇上,范麦甘伦,,,,,中文,bible-study,诗篇,,,,5,,true,,待核实,false
cdl-006471,诗篇（上）,范甘麦伦,,,,,中文,bible-study,圣经;旧约;诗篇;注释,,,,5,,true,,待核实,false
cdl-001135,诗篇下,范麦甘伦,,,,,中文,bible-study,诗篇,,,https://christian-digital-library-assets.gioia-zheng-stud.workers.dev/covers/cdl-001135.jpg,5,https://christian-digital-library-assets.gioia-zheng-stud.workers.dev/previews/cdl-001135,true,,待核实,false
cdl-006472,诗篇（下）,范甘麦伦,,,,,中文,bible-study,圣经;旧约;诗篇;注释,,,,5,,true,,待核实,false
cdl-003003,诗篇与人生(杨牧谷),从哀伤到欢呼,,,,,中文,bible-study,诗篇,,,,5,,true,,待核实,false
cdl-006473,诗篇卷1,赖建国,,,,,中文,bible-study,诗篇,,,,5,,true,,待核实,false
cdl-006474,诗篇卷2,赖建国,,,,,中文,bible-study,诗篇,,,,5,,true,,待核实,false
cdl-006475,诗篇卷3,赖建国,,,,,中文,bible-study,诗篇,,,,5,,true,,待核实,false
cdl-006476,诗篇卷4,赖建国,,,,,中文,bible-study,诗篇,,,,5,,true,,待核实,false
cdl-001050,诗篇卷三 张国定,merged,,,,,中文,bible-study,诗篇,,,,5,,true,,待核实,false
cdl-001051,诗篇卷四 张国定,merged,,,,,中文,bible-study,诗篇,,,https://christian-digital-library-assets.gioia-zheng-stud.workers.dev/covers/cdl-001051.jpg,5,https://christian-digital-library-assets.gioia-zheng-stud.workers.dev/previews/cdl-001051,true,,待核实,false
cdl-006477,诗篇导读,,,,,,中文,bible-study,诗篇,,,,5,,true,,待核实,false
cdl-006478,诗篇导读,岳清华,,,,,中文,bible-study,诗篇,,,,5,,true,,待核实,false
cdl-001133,诗篇概论,卜罗克,,,,,中文,bible-study,诗篇,,,,5,,true,,待核实,false
cdl-006479,诗篇概论,,,,,,中文,bible-study,诗篇,,,,5,,true,,待核实,false
cdl-006483,诗篇注释,包忠杰,,,,,中文,bible-study,注释;诗篇,,,,5,,true,,待核实,false
cdl-006480,诗篇注释，约翰加尔文,,,,,,中文,bible-study,注释;诗篇,,,,5,,true,,待核实,false
cdl-006481,诗篇注释1-54 马太亨利,,,,,,中文,bible-study,注释;诗篇,,,,5,,true,,待核实,false
cdl-006482,诗篇注释1-54 马太亨利,,,,,,中文,bible-study,注释;诗篇,,,,5,,true,,待核实,false
cdl-006484,诗篇的神学反思,Johnson Wong,,,,,中文,bible-study,诗篇;旧约;圣经神学;灵修,本书从神学角度阅读诗篇，帮助读者理解诗篇中的祷告、敬拜、苦难与盼望。,,,5,,true,,待核实,false
cdl-006485,诗篇的认识和欣赏,蘭隆納,,,,,中文,bible-study,诗篇,,,,5,,true,,待核实,false
cdl-002296,诗篇的讲章上册(1-50篇),林政杰,,,,,中文,bible-study,诗篇,,,,5,,true,,待核实,false
cdl-002297,诗篇的讲章中册(51-100篇):部分,林政杰,,,,,中文,bible-study,诗篇,,,,5,,true,,待核实,false
cdl-000586,诗篇讲义,赖建国,,,,,中文,bible-study,诗篇,,,,5,,true,,待核实,false
cdl-006486,诗篇赏析 (上),,,,,,中文,bible-study,诗篇,,,,5,,true,,待核实,false
cdl-006487,诗篇赏析(卷下),,,,,,中文,bible-study,诗篇,,,,5,,true,,待核实,false
cdl-000587,诗篇默想,邝炳钊,,,,,中文,bible-study,诗篇,,,https://christian-digital-library-assets.gioia-zheng-stud.workers.dev/covers/cdl-000587.jpg,5,https://christian-digital-library-assets.gioia-zheng-stud.workers.dev/previews/cdl-000587,true,,待核实,false
cdl-006488,诗篇默想,邝炳钊,,,,,中文,bible-study,诗篇,,,,5,,true,,待核实,false
cdl-005071,我在孤单等待中：诗篇默想,唐慕华,,,,,中文,bible-study,圣经;旧约;诗篇;默想,,,,5,,true,,待核实,false
cdl-006489,诗篇默想式生命读经（上册）,陈兴兰,,,天道,2012,中文,bible-study,圣经;诗篇;读经;默想,,,,5,,true,,待核实,false
cdl-006490,诗里藏真 圣经文学技巧与诠释,费哈洛,,,,,中文,bible-study,圣经,,,,5,,true,,待核实,false
cdl-006491,诠释与过度诠释,,,,,,中文,other,,,,,5,,true,,待核实,false
cdl-006492,诠释使徒行传,李斐德,,,,,中文,bible-study,使徒行传,,,,5,,true,,待核实,false
cdl-006493,诠释保罗书信,,,,,,中文,other,,,,,5,,true,,待核实,false
cdl-000589,诠释学、宗教、希望：多元性与含混性,大卫·特雷西,,冯川,汉语基督教文化研究所,,中文,theology,诠释学;宗教;希望;后现代神学,本书围绕多元性与含混性，讨论后现代处境中的诠释、宗教与希望，是大卫·特雷西神学思想的重要文本。,,,5,,true,,待核实,false
cdl-000827,语意释经,,,,,,中文,bible-study,释经,,,https://christian-digital-library-assets.gioia-zheng-stud.workers.dev/covers/cdl-000827.jpg,5,https://christian-digital-library-assets.gioia-zheng-stud.workers.dev/previews/cdl-000827,true,,待核实,false
cdl-000590,说方言的意义,葛礼圣,,,,,中文,other,,,,,5,,true,,待核实,false
cdl-000828,诸神的面具,提摩太 凯乐,,,,,中文,other,,,,https://christian-digital-library-assets.gioia-zheng-stud.workers.dev/covers/cdl-000828.jpg,5,https://christian-digital-library-assets.gioia-zheng-stud.workers.dev/previews/cdl-000828,true,,待核实,false
cdl-000829,诸神的面具,,,,,,中文,other,,,,,5,,true,,待核实,false
cdl-001682,诸神的面具,提摩太·凯勒,,,,,中文,theology,偶像;福音;现代文化;属灵生命,,,,5,,true,,待核实,false
cdl-006494,读书这玩意儿(杨牧谷 校园),,,,,,中文,other,,,,,0,,true,,待核实,false
cdl-006495,读经A B C,,,,,,中文,other,,,,,5,,true,,待核实,false
cdl-002174,读经、研经、释经,周天和 等,,,,,中文,bible-study,读经;研经;释经,,,,5,,true,,待核实,false
cdl-006496,读经不再难：实用读经法基础篇,,,,,,中文,bible-study,读经;释经;圣经;基础篇,,,,5,,true,,待核实,false
cdl-006497,读经不再难：实用读经法基础篇,,,,,,中文,bible-study,读经;释经;圣经;基础篇,,,,5,,true,,待核实,false
cdl-006498,读经力量大,操练与神同在的生命,,,,,中文,other,,,,,5,,true,,待核实,false
cdl-006499,读经力量大,操练与神同在的生命,,,,,中文,other,,,,,5,,true,,待核实,false
cdl-006500,读经力量大,,,,,,中文,other,,,,,5,,true,,待核实,false
cdl-006501,读经大历史,伯利坎,,,,,中文,church-history,历史,,,,5,,true,,待核实,false
cdl-006502,读经大历史,伯利坎,,,,,中文,church-history,历史,,,,5,,true,,待核实,false
cdl-006504,读经的艺术,戈登,,,,,中文,other,,,,,5,,true,,待核实,false
cdl-006503,读经的艺术 戈登·费依,,,,,,中文,other,,,,,5,,true,,待核实,false
cdl-002046,谁为上帝发言!,寇尔逊,,,,,中文,theology,上帝,,,,5,,true,,待核实,false
cdl-006505,谁启蒙谁，林鸿信，汉语基督教文化研究所,,,,,,中文,theology,基督,,,,5,,true,,待核实,false
cdl-006507,谁是我的理想伴侣,,,,,,中文,other,,,,,5,,true,,待核实,false
cdl-006508,谁说字句叫人死,从释经史看典范的转移,,,,,中文,other,,,,,5,,true,,待核实,false
cdl-000999,谁需要神学,,,,,,中文,theology,神学,,,https://christian-digital-library-assets.gioia-zheng-stud.workers.dev/covers/cdl-000999.jpg,5,https://christian-digital-library-assets.gioia-zheng-stud.workers.dev/previews/cdl-000999,true,,待核实,false
cdl-006509,谁需要神学,,,,,,中文,theology,神学,,,,5,,true,,待核实,false
cdl-006510,谁需要神学,,,,,,中文,theology,神学,,,,5,,true,,待核实,false
cdl-001677,谁需要神学？,史丹利·格兰兹（Stanley J. Grenz）、罗杰·奥尔森（Roger E. Olson）,史丹利·格兰兹（Stanley J. Grenz，1950-2005）是浸信会神学家，研究系统神学、后现代处境与福音派神学。罗杰·奥尔森（Roger E. Olson）是美国神学家，研究历史神学、福音派神学与亚米念传统。,陈玉棠,同济大学出版社,2012,中文,theology,神学;基督徒思想;神学入门,本书以浅显方式说明神学并不只是专家的工作，而是每位基督徒在认识神、理解信仰与辨别生活方向时都需要学习的思考。,,,5,,true,,版权受保护,false
cdl-001820,谈情说理话新约,吴慧仪,,,,,中文,bible-study,新约,,,https://christian-digital-library-assets.gioia-zheng-stud.workers.dev/covers/cdl-001820.jpg,5,https://christian-digital-library-assets.gioia-zheng-stud.workers.dev/previews/cdl-001820,true,,待核实,false
cdl-001790,谈论上帝：神学的语言与逻辑之考察,约翰 麦奎利,,,,,中文,theology,神学,,,,5,,true,,待核实,false
cdl-000107,谜一般的国家,以色列,,,,,中文,other,,,,https://christian-digital-library-assets.gioia-zheng-stud.workers.dev/covers/cdl-000107.jpg,5,https://christian-digital-library-assets.gioia-zheng-stud.workers.dev/previews/cdl-000107,true,,待核实,false
cdl-006511,谢扶雅的宗教思想,,,,,,中文,culture-society,宗教,,,,5,,true,,待核实,false
cdl-006512,谣言与近代教案,,,,,,中文,other,,,,,5,,true,,待核实,false
cdl-000591,谦卑,慕安德烈,,,,,中文,spiritual-life,谦卑;灵修,,,https://christian-digital-library-assets.gioia-zheng-stud.workers.dev/covers/cdl-000591.jpg,5,https://christian-digital-library-assets.gioia-zheng-stud.workers.dev/previews/cdl-000591,true,,待核实,false
cdl-006513,谦卑(慕安德烈),,,,,,中文,other,,,,,5,,true,,待核实,false
cdl-000024,谦卑的加尔文主义,Tony Reinke,,,,,中文,theology,加尔文主义,,,https://christian-digital-library-assets.gioia-zheng-stud.workers.dev/covers/cdl-000024.jpg,5,https://christian-digital-library-assets.gioia-zheng-stud.workers.dev/previews/cdl-000024,true,,待核实,false
cdl-000025,谦卑的加尔文主义,Tony Reinke,,,,,中文,theology,加尔文主义,,,https://christian-digital-library-assets.gioia-zheng-stud.workers.dev/covers/cdl-000025.jpg,5,https://christian-digital-library-assets.gioia-zheng-stud.workers.dev/previews/cdl-000025,true,,待核实,false
cdl-006514,谷德维 罗马书,上帝的完美计划,,,,,中文,bible-study,罗马书,,,,0,,true,,待核实,false
cdl-006515,贝碧琦 给盼望一个理由,,,,,,中文,other,,,,,5,,true,,待核实,false
cdl-006516,负伤的治疗者,,,,,,中文,other,,,,,5,,true,,待核实,false
cdl-006517,贴撒罗尼迦前后书;圣经教导什么,,,,,,中文,bible-study,圣经,,,,5,,true,,待核实,false
cdl-006518,贾嘉美传记,,,,,,中文,church-history,传记,,,,5,,true,,待核实,false
cdl-001892,赎罪论,伯特纳,,,,,中文,other,,,,https://christian-digital-library-assets.gioia-zheng-stud.workers.dev/covers/cdl-001892.jpg,5,https://christian-digital-library-assets.gioia-zheng-stud.workers.dev/previews/cdl-001892,true,,待核实,false
cdl-000297,赎罪论面面观,基督教研究,,,,,中文,other,,,,,5,,true,,待核实,false
cdl-001717,赐我甘露：德兰修女嘉言品读,华姿,,,,,中文,other,,,,,5,,true,,待核实,false
cdl-006519,赖以存活的信心,,,,,,中文,spiritual-life,信心,,,,5,,true,,待核实,false
cdl-006520,赖德新约神学,,,,,,中文,bible-study,新约,,,,5,,true,,待核实,false
cdl-006522,赖氏新约神学,,,,,,中文,bible-study,新约,,,,5,,true,,待核实,false
cdl-006521,赖氏新约神学 赖德,,,,,,中文,bible-study,新约,,,,5,,true,,待核实,false
cdl-001735,赛氏简明注释：圣经主题与脉络研究,约翰 赛尔哈默,,,,,中文,bible-study,圣经;注释,,,https://christian-digital-library-assets.gioia-zheng-stud.workers.dev/covers/cdl-001735.jpg,5,https://christian-digital-library-assets.gioia-zheng-stud.workers.dev/previews/cdl-001735,true,,待核实,false
cdl-006523,赫思旧约神学,郝思,,,,,中文,bible-study,旧约,,,,5,,true,,待核实,false
cdl-006524,赫思旧约神学,郝思,,,,,中文,bible-study,旧约,,,,5,,true,,待核实,false
cdl-000840,赫斯特博雅教育思想研究1,造就理性的心灵,,,,,中文,culture-society,教育,,,https://christian-digital-library-assets.gioia-zheng-stud.workers.dev/covers/cdl-000840.jpg,5,https://christian-digital-library-assets.gioia-zheng-stud.workers.dev/previews/cdl-000840,true,,待核实,false
cdl-006525,走出心理幽谷,大卫鲍力生,,,,,中文,other,,,,,5,,true,,待核实,false
cdl-001904,走出撒但教,利百加,,,,,中文,other,,,,https://christian-digital-library-assets.gioia-zheng-stud.workers.dev/covers/cdl-001904.jpg,5,https://christian-digital-library-assets.gioia-zheng-stud.workers.dev/previews/cdl-001904,true,,待核实,false
cdl-000156,走向十字架上的真,刘小枫,,,,,中文,theology,十字架,,,https://christian-digital-library-assets.gioia-zheng-stud.workers.dev/covers/cdl-000156.jpg,5,https://christian-digital-library-assets.gioia-zheng-stud.workers.dev/previews/cdl-000156,true,,待核实,false
cdl-000831,赵天恩牧师的生平与神学思想,,,,,,中文,church-history,生平,,,https://christian-digital-library-assets.gioia-zheng-stud.workers.dev/covers/cdl-000831.jpg,5,https://christian-digital-library-assets.gioia-zheng-stud.workers.dev/previews/cdl-000831,true,,待核实,false
cdl-000211,赵紫宸的神学思想研究,唐晓峰,,,,,中文,theology,神学,,,https://christian-digital-library-assets.gioia-zheng-stud.workers.dev/covers/cdl-000211.jpg,5,https://christian-digital-library-assets.gioia-zheng-stud.workers.dev/previews/cdl-000211,true,,待核实,false
cdl-000212,赵紫宸的神学思想研究,唐晓峰,,,,,中文,theology,神学,,,https://christian-digital-library-assets.gioia-zheng-stud.workers.dev/covers/cdl-000212.jpg,5,https://christian-digital-library-assets.gioia-zheng-stud.workers.dev/previews/cdl-000212,true,,待核实,false
cdl-000832,赵紫宸的神学思想研究,,,,,,中文,theology,神学,,,https://christian-digital-library-assets.gioia-zheng-stud.workers.dev/covers/cdl-000832.jpg,5,https://christian-digital-library-assets.gioia-zheng-stud.workers.dev/previews/cdl-000832,true,,待核实,false
cdl-006526,赶鬼与释放,,,,,,中文,other,,,,,5,,true,,待核实,false
cdl-006527,超克元神学：走向后现代基督教信仰,,,,,,中文,theology,神学,,,,5,,true,,待核实,false
cdl-006528,超克元神学：走向后现代基督教信仰,,,,,,中文,theology,神学,,,,5,,true,,待核实,false
cdl-006529,超前与堕后(本土释经与神学研究),,,,,,中文,bible-study,释经,,,,5,,true,,待核实,false
cdl-002139,超前与堕后：本土释经与神学研究,梁家麟,,,,,中文,bible-study,释经,,,,5,,true,,待核实,false
cdl-006530,超基本崇拜通论：跨宗派实践指南,,,,,,中文,other,,,,,5,,true,,待核实,false
cdl-006531,超越的追寻：腓立比书的讲解,沈保罗,,,,,中文,bible-study,腓立比,,,,5,,true,,待核实,false
cdl-006532,超越的追寻：腓立比书的讲解,沉保罗,,,,,中文,bible-study,腓立比,,,,5,,true,,待核实,false
cdl-006534,趣味逻辑学,,,,,,中文,other,,,,,5,,true,,待核实,false
cdl-006535,跟着圣经去考古,,,,,,中文,bible-study,圣经,,,,5,,true,,待核实,false
cdl-002040,跨世纪的英雄,吴献章,,,,,中文,other,,,,,5,,true,,待核实,false
cdl-002076,跨越信心危机(第二版):中国神学研究院,,,,,,中文,theology,神学,,,,5,,true,,待核实,false
cdl-006536,跨越文化侍奉锦囊,周雅各,,,,,中文,culture-society,文化,,,,5,,true,,待核实,false
cdl-002356,跨越虚空：进入永恒,黄约辉,,,,,中文,other,,,,,5,,true,,待核实,false
cdl-000593,跪着的基督徒,佚名,,,,,中文,theology,基督,,,,5,,true,,待核实,false
cdl-006537,跪着的基督徒,,,,,,中文,theology,基督,,,,5,,true,,待核实,false
cdl-006538,路上光6：加拉太书。以弗所书。提摩太前后书释义查经手册,,,,,,中文,reference,手册,,,,5,,true,,待核实,false
cdl-006539,路加 历史学家与神学家,,,,,,中文,church-history,历史,,,,5,,true,,待核实,false
cdl-006540,路加的耶稣故事,京士柏,,,,,中文,other,,,,,5,,true,,待核实,false
cdl-006541,路加神学,博克,,,,,中文,theology,神学,,,,5,,true,,待核实,false
cdl-003915,路加福音——国际释经系列,,,,,,中文,bible-study,圣经;新约;路加福音;国际释经,,,,5,,true,,待核实,false
cdl-006548,路加福音,博克,,,,,中文,bible-study,路加福音,,,,5,,true,,待核实,false
cdl-006549,路加福音,姬迪安,,,,,中文,bible-study,路加福音,,,,5,,true,,待核实,false
cdl-006550,路加福音,姬迪安,,,,,中文,bible-study,路加福音,,,,5,,true,,待核实,false
cdl-006551,路加福音,,,,,,中文,bible-study,路加福音,,,,5,,true,,待核实,false
cdl-006553,路加福音,姬迪安,,,,,中文,bible-study,路加福音,,,,5,,true,,待核实,false
cdl-006554,路加福音,威尔克,,,,,中文,bible-study,路加福音,,,,5,,true,,待核实,false
cdl-006542,路加福音 仁者无惧 生命更新解经系列,威尔斯比,,,,,中文,bible-study,解经;路加福音,,,,5,,true,,待核实,false
cdl-006543,路加福音(下)(鲍维均),,,,,,中文,bible-study,路加福音,,,,5,,true,,待核实,false
cdl-006544,路加福音(国际释经应用系列),达雷尔 博克,,,,,中文,bible-study,释经;路加福音,,,,5,,true,,待核实,false
cdl-006545,路加福音(天道圣经注释),鲍维均 上,,,,,中文,bible-study,圣经;注释;路加福音,,,,5,,true,,待核实,false
cdl-006546,路加福音(天道圣经注释),鲍维均 下,,,,,中文,bible-study,圣经;注释;路加福音,,,,5,,true,,待核实,false
cdl-006547,路加福音(天道圣经注释),鲍维均 下,,,,,中文,bible-study,圣经;注释;路加福音,,,,5,,true,,待核实,false
cdl-006552,路加福音：真是这样,汤姆·赖特,,胡仕雄,友友文化,2005,中文,bible-study,圣经;新约;路加福音;导读,本书以路加福音为中心，结合历史背景与经文导读，帮助读者理解耶稣生平及福音进入世界的意义。,,,5,,true,,待核实,false
cdl-006555,路加福音,威尔克,,,,,中文,bible-study,路加福音,,,,5,,true,,待核实,false
cdl-006556,路加福音（一）,,,,,,中文,bible-study,圣经;新约;路加福音,,,,5,,true,,待核实,false
cdl-006557,路加福音（二）,,,,,,中文,bible-study,圣经;新约;路加福音,,,,5,,true,,待核实,false
cdl-006558,路加福音（三）,,,,,,中文,bible-study,圣经;新约;路加福音,,,,5,,true,,待核实,false
cdl-006559,路加福音（四）,,,,,,中文,bible-study,圣经;新约;路加福音,,,,5,,true,,待核实,false
cdl-002299,路加福音·真是这样:(上),汤姆 赖特,,,,,中文,bible-study,路加福音,,,,5,,true,,待核实,false
cdl-006560,路加福音上,,,,,,中文,bible-study,路加福音,,,,5,,true,,待核实,false
cdl-006561,路加福音下,,,,,,中文,bible-study,路加福音,,,,5,,true,,待核实,false
cdl-001684,路加福音注释,巴克莱 William Barclay,,,,,中文,bible-study,注释;路加福音,,,https://christian-digital-library-assets.gioia-zheng-stud.workers.dev/covers/cdl-001684.jpg,5,https://christian-digital-library-assets.gioia-zheng-stud.workers.dev/previews/cdl-001684,true,,待核实,false
cdl-006562,路加福音的信息 下,卢俊义,,,,,中文,bible-study,路加福音,,,,5,,true,,待核实,false
cdl-006563,路加福音的信息 中,卢俊义,,,,,中文,bible-study,路加福音,,,,5,,true,,待核实,false
cdl-004189,路加福音篇,坏鬼比喻,,,,,中文,bible-study,路加福音,,,,5,,true,,待核实,false
cdl-006564,路加著作中的神国观,,,,,,中文,bible-study,圣经;新约;路加著作;神国,,,,5,,true,,待核实,false
cdl-002387,路得的故事,卓涤娜,,,,,中文,other,,,,,5,,true,,待核实,false
cdl-006565,路得的爱情故事,,,,,,中文,other,,,,,5,,true,,待核实,false
cdl-001416,路得记,,,,,,中文,bible-study,路得记,,,https://christian-digital-library-assets.gioia-zheng-stud.workers.dev/covers/cdl-001416.jpg,5,https://christian-digital-library-assets.gioia-zheng-stud.workers.dev/previews/cdl-001416,true,,待核实,false
cdl-001468,路得记,周永健,,,,,中文,bible-study,路得记,,,https://christian-digital-library-assets.gioia-zheng-stud.workers.dev/covers/cdl-001468.jpg,5,https://christian-digital-library-assets.gioia-zheng-stud.workers.dev/previews/cdl-001468,true,,待核实,false
cdl-006567,路得记,哈伯德,,,,,中文,bible-study,路得记,,,,5,,true,,待核实,false
cdl-006568,路得记,亚金森,,,,,中文,bible-study,路得记,,,,5,,true,,待核实,false
cdl-006570,路得记,哈伯德,,,,,中文,bible-study,路得记,,,,5,,true,,待核实,false
cdl-006571,路得记,曼保罗,,,,,中文,bible-study,路得记,,,,5,,true,,待核实,false
cdl-006566,路得记(周永健),,,,,,中文,bible-study,路得记,,,,5,,true,,待核实,false
cdl-006569,路得记,亚金森,,,,,中文,bible-study,路得记,,,,5,,true,,待核实,false
cdl-006572,路得记无价的珍珠,,,,,,中文,bible-study,路得记,,,,5,,true,,待核实,false
cdl-006573,路得记注释,,,,,,中文,bible-study,注释;路得记,,,,5,,true,,待核实,false
cdl-006574,路得记讲义,杨睿哲,,,,,中文,bible-study,路得记,,,,5,,true,,待核实,false
cdl-006575,路得记证道,,,,,,中文,bible-study,路得记,,,,5,,true,,待核实,false
cdl-000594,路德三檄文和宗教改革,路德,,,,,中文,church-history,宗教改革;路德,,,,5,,true,,待核实,false
cdl-006576,路德三檄文和宗教改革,,,,,,中文,church-history,宗教改革;路德,,,,5,,true,,待核实,false
cdl-001430,路德和加尔文论世俗权威,,,,,,中文,church-history,路德,,,,5,,true,,待核实,false
cdl-006577,路德文集 第一卷,,,,,,中文,church-history,路德,,,,5,,true,,待核实,false
cdl-006578,路德记注释,马太亨利,,,,,中文,bible-study,注释,,,,5,,true,,待核实,false
cdl-006580,路德记注释,马太 亨利,,,,,中文,bible-study,注释,,,,5,,true,,待核实,false
cdl-006579,路德记注释 马太亨利,,,,,,中文,bible-study,注释,,,,5,,true,,待核实,false
cdl-006581,路益师的奇幻世界,约翰 邓肯,,,,,中文,other,,,,,5,,true,,待核实,false
cdl-006582,路西法效应,,,,,,中文,other,,,,,5,,true,,待核实,false
cdl-006583,践信于行：雅各书研读,李振康 赖若瀚,,,,,中文,bible-study,雅各书,,,,5,,true,,待核实,false
cdl-002028,踏不死的麦种：潘霍华在纳粹铁蹄下的神学省思：周学信,,,,,,中文,theology,神学,,,,5,,true,,待核实,false
cdl-002058,身在江湖由得己：保持敏锐的伦理直觉：薛门，韩立克,,,,,,中文,culture-society,伦理,,,,5,,true,,待核实,false
cdl-006584,身边的逻辑学,伯纳·派顿,,,,,中文,culture-society,逻辑学;思维训练;哲学,,,,5,,true,,待核实,false
cdl-000833,转化生命的友谊,,,,,,中文,other,,,,,5,,true,,待核实,false
cdl-006585,软弱中的力量—来自启示录的喜乐与盼望 BY 唐慕华,,,,,,中文,bible-study,启示录,,,,5,,true,,待核实,false
cdl-006586,软弱之道,巴刻,,,,,中文,other,,,,,5,,true,,待核实,false
cdl-000595,辅义福音书注释,加尔文,,,,,中文,bible-study,注释,,,https://christian-digital-library-assets.gioia-zheng-stud.workers.dev/covers/cdl-000595.jpg,5,https://christian-digital-library-assets.gioia-zheng-stud.workers.dev/previews/cdl-000595,true,,待核实,false
cdl-000596,辨别圣灵与邪灵,吴恩溥,,,,,中文,theology,圣灵,,,https://christian-digital-library-assets.gioia-zheng-stud.workers.dev/covers/cdl-000596.jpg,5,https://christian-digital-library-assets.gioia-zheng-stud.workers.dev/previews/cdl-000596,true,,待核实,false
cdl-000875,辨证有神的方法,,,,,,中文,other,,,,https://christian-digital-library-assets.gioia-zheng-stud.workers.dev/covers/cdl-000875.jpg,5,https://christian-digital-library-assets.gioia-zheng-stud.workers.dev/previews/cdl-000875,true,,待核实,false
cdl-006587,边缘的历史：基督教与近代中国,,,,,,中文,church-history,历史,,,,5,,true,,待核实,false
cdl-006588,过犹不及：如何建立你的心理界线,亨利·克劳德,,,,,中文,culture-society,心理;界线;人际关系;自我成长,,,,5,,true,,待核实,false
cdl-001831,过程神学 一个引导性的说明 小约翰·B·科布，大卫·R·格里芬,,,,,,中文,theology,神学,,,https://christian-digital-library-assets.gioia-zheng-stud.workers.dev/covers/cdl-001831.jpg,5,https://christian-digital-library-assets.gioia-zheng-stud.workers.dev/previews/cdl-001831,true,,待核实,false
cdl-001948,迈向成熟：雅各布书之精致讲章,施达雄,,,,,中文,pastoral,讲章,,,,5,,true,,待核实,false
cdl-006590,迈向自由,,,,,,中文,other,,,,,5,,true,,待核实,false
cdl-006589,迈向自由：活出神儿女的样式,,,,,,中文,spiritual-life,灵修;生命成长;自由,,,,5,,true,,待核实,false
cdl-002937,迈尔圣经人物传,亚伯拉罕,,,,,中文,bible-study,圣经,,,,5,,true,,待核实,false
cdl-003061,迈尔圣经人物传,以利亚,,,,,中文,bible-study,圣经,,,,5,,true,,待核实,false
cdl-003264,迈尔圣经人物传,保 罗,,,,,中文,bible-study,圣经,,,,5,,true,,待核实,false
cdl-004459,迈尔圣经人物传,大卫,,,,,中文,bible-study,圣经,,,,5,,true,,待核实,false
cdl-006591,近代华人神学文献,林荣洪,,,,,中文,theology,神学,,,,5,,true,,待核实,false
cdl-006592,近代教会史,毕尔麦尔,,,,,中文,church-history,教会史,,,,5,,true,,待核实,false
cdl-001913,近代灵恩运动的探讨,黄彼得,,,,,中文,other,,,,,5,,true,,待核实,false
cdl-000298,近代福建基督教传教策略的转变探析,基督教研究,,,,,中文,theology,基督,,,,5,,true,,待核实,false
cdl-006596,返璞归真,创 蒙召得赎 出 威尔斯比,,,,,中文,other,,,,,5,,true,,待核实,false
cdl-006597,返璞归真,创 蒙召得赎 出 威尔斯比,,,,,中文,other,,,,,5,,true,,待核实,false
cdl-006593,返璞归真,C.S. 路易斯,,汪咏梅,华东师范大学出版社,2013,中文,theology,护教学;基督教信仰;鲁益师;基础信仰,本书由路易斯的广播演讲整理而成，用清晰通俗的方式说明基督教信仰的基本内容与合理性。,,,5,,true,,待核实,false
cdl-000597,返璞归真 纯粹的基督教,C S 路易斯,,,,,中文,theology,基督,,,,5,,true,,待核实,false
cdl-006595,返璞归真 纯粹的基督教,,,,,,中文,theology,基督,,,,5,,true,,待核实,false
cdl-006594,返璞归真 纯粹的基督教 英国,C S 路易斯,,,,,中文,theology,基督,,,,5,,true,,待核实,false
cdl-006598,返璞归真：创世记 蒙召得赎：出埃及记 上册,,,,,,中文,bible-study,创世记;出埃及记,,,,5,,true,,待核实,false
cdl-006599,返璞归真：创世记 蒙召得赎：出埃及记 上册,,,,,,中文,bible-study,创世记;出埃及记,,,,5,,true,,待核实,false
cdl-006600,返璞归真：创世记 蒙召得赎：出埃及记 上册,,,,,,中文,bible-study,创世记;出埃及记,,,,5,,true,,待核实,false
cdl-006601,返璞归真：创世记 蒙召得赎：出埃及记上册,威尔斯比,,,,,中文,bible-study,创世记;出埃及记,,,,5,,true,,待核实,false
cdl-006602,返璞归真：创世记 蒙召得赎：出埃及记上册,威尔斯比,,,,,中文,bible-study,创世记;出埃及记,,,,5,,true,,待核实,false
cdl-002226,返璞归真：创世记;蒙召得赎：出埃及记(上),威尔斯比 Warren W Wiersbe,,,,,中文,bible-study,创世记;出埃及记,,,,5,,true,,待核实,false
cdl-006603,返璞归真的牧养艺术,,,,,,中文,pastoral,牧养,,,,5,,true,,待核实,false
cdl-006604,还我祭司的丰荣,,,,,,中文,other,,,,,5,,true,,待核实,false
cdl-006605,还璞归真创世记 蒙召得赎 出埃及记 上册,威尔斯比,,,,,中文,bible-study,创世记;出埃及记,,,,5,,true,,待核实,false
cdl-000157,这一代人的怕和爱,刘小枫,,,,,中文,other,,,,https://christian-digital-library-assets.gioia-zheng-stud.workers.dev/covers/cdl-000157.jpg,5,https://christian-digital-library-assets.gioia-zheng-stud.workers.dev/previews/cdl-000157,true,,待核实,false
cdl-000834,这个世界的真相,,,,,,中文,other,,,,,5,,true,,待核实,false
cdl-000835,这就是领导 牧人之道,,,,,,中文,other,,,,https://christian-digital-library-assets.gioia-zheng-stud.workers.dev/covers/cdl-000835.jpg,5,https://christian-digital-library-assets.gioia-zheng-stud.workers.dev/previews/cdl-000835,true,,待核实,false
cdl-001705,这是我们的信仰：门诺会的圣经信念,郑丽霞,,,,,中文,bible-study,圣经,,,,5,,true,,待核实,false
cdl-000836,这是我的立场 改教先导马丁·路德传记,,,,,,中文,church-history,改教;传记;路德,,,https://christian-digital-library-assets.gioia-zheng-stud.workers.dev/covers/cdl-000836.jpg,5,https://christian-digital-library-assets.gioia-zheng-stud.workers.dev/previews/cdl-000836,true,,待核实,false
cdl-001947,这福音本是神的大能,王国显,,,,,中文,other,,,,https://christian-digital-library-assets.gioia-zheng-stud.workers.dev/covers/cdl-001947.jpg,5,https://christian-digital-library-assets.gioia-zheng-stud.workers.dev/previews/cdl-001947,true,,待核实,false
cdl-006606,进入圣经人物的心灵世界,,,,,,中文,bible-study,圣经人物;圣经研究;灵修,本书借由圣经人物的经历，帮助读者从内心处境与信仰回应的角度理解圣经叙事。,,,5,,true,,待核实,false
cdl-002163,进化论的圣像：科学还是神话,约拿单 威尔斯,,,,,中文,culture-society,科学,,,,5,,true,,待核实,false
cdl-006608,进化论的圣像：科学还是神话 :约拿单·威尔斯,约拿单 威尔斯,,,,,中文,bible-study,约拿,,,,5,,true,,待核实,false
cdl-000598,进化论的欺骗性,哈荣 雅荷雅,,,,,中文,other,,,,,5,,true,,待核实,false
cdl-000599,进化论的欺骗性,土耳其 哈荣 雅荷雅,,,,,中文,other,,,,,0,,true,,待核实,false
cdl-006609,进化论的欺骗性,,,,,,中文,other,,,,,5,,true,,待核实,false
cdl-006610,进深讲道学,,,,,,中文,pastoral,讲道,,,,5,,true,,待核实,false
cdl-006612,迦拉太书至希伯来书,,,,,,中文,bible-study,希伯来书,,,,5,,true,,待核实,false
cdl-006613,迷上麻烦的耶稣,,,,,,中文,other,,,,,5,,true,,待核实,false
cdl-000600,迷人的共同体 神的大能使教会充满吸引力,狄马可和邓洁明 合,,,,,中文,theology,教会,,,https://christian-digital-library-assets.gioia-zheng-stud.workers.dev/covers/cdl-000600.jpg,5,https://christian-digital-library-assets.gioia-zheng-stud.workers.dev/previews/cdl-000600,true,,待核实,false
cdl-006614,迷途指津,,,,,,中文,other,,,,,5,,true,,待核实,false
cdl-000837,追寻之旅 奥古斯丁传,,,,,,中文,church-history,奥古斯丁,,,,5,,true,,待核实,false
cdl-002593,追寻生命的意义,奥 弗兰克尔,,,,,中文,other,,,,,5,,true,,待核实,false
cdl-000838,追求圣洁,,,,,,中文,spiritual-life,圣洁,,,,5,,true,,待核实,false
cdl-000839,追着神赛跑的人,,,,,,中文,other,,,,https://christian-digital-library-assets.gioia-zheng-stud.workers.dev/covers/cdl-000839.jpg,5,https://christian-digital-library-assets.gioia-zheng-stud.workers.dev/previews/cdl-000839,true,,待核实,false
cdl-002049,逃避试探,尼尔 安德生,,,,,中文,other,,,,,5,,true,,待核实,false
cdl-002850,与保罗同读旧约：透视罗马书9—11章对神子民身份的先知讲论,,,,,,中文,bible-study,圣经;新约;罗马书;旧约引用,,,,5,,true,,待核实,false
cdl-001815,通情达理：从语言学看旧约叙事文体的连贯性,黄天相,,,,,中文,bible-study,旧约,,,https://christian-digital-library-assets.gioia-zheng-stud.workers.dev/covers/cdl-001815.jpg,5,https://christian-digital-library-assets.gioia-zheng-stud.workers.dev/previews/cdl-001815,true,,待核实,false
cdl-002098,造就故事：张郁岚，林元度,,,,,,中文,other,,,,,5,,true,,待核实,false
cdl-003810,逻辑哲学,哈克,,,,,中文,culture-society,哲学;逻辑,,,,0,,true,,待核实,false
cdl-000601,逻辑学导论,,,,,,中文,other,,,,,5,,true,,待核实,false
cdl-006616,逻辑学导论,欧文·M. 柯匹,,,,,中文,culture-society,逻辑学;哲学;思维训练,,,,5,,true,,待核实,false
cdl-006617,逻辑新引·怎样判别是非,,,,,,中文,other,,,,,5,,true,,待核实,false
cdl-000602,道与刀,约翰 派博,,,,,中文,theology,,,,,5,,true,,待核实,false
cdl-006618,道取肉身文载之,,,,,,中文,other,,,,,5,,true,,待核实,false
cdl-001996,道在神州：圣经在中国的翻译与流传,海恩波,,,,,中文,bible-study,圣经,,,,5,,true,,待核实,false
cdl-000603,道德原则与良心,史鲍尔,,,,,中文,other,,,,https://christian-digital-library-assets.gioia-zheng-stud.workers.dev/covers/cdl-000603.jpg,4,https://christian-digital-library-assets.gioia-zheng-stud.workers.dev/previews/cdl-000603,true,,待核实,false
cdl-002611,道德哲学中的善恶与他者,菲利帕·富特,,,,,中文,culture-society,伦理学;道德哲学;善恶;哲学,本书讨论道德哲学中的善、恶与他者问题，适合作为伦理学与现代哲学研究资料。,,,5,,true,,待核实,false
cdl-002612,道德运气,,,,,,中文,other,,,,,5,,true,,待核实,false
cdl-006619,道成了文字 彩色版,,,,,,中文,other,,,,,5,,true,,待核实,false
cdl-006621,道成肉身 基督教思想史,,,,,,中文,theology,道成肉身;基督,,,,5,,true,,待核实,false
cdl-006622,道成肉身：基督教思想史,玛格丽特·迈尔斯,,,,,中文,theology,道成肉身;基督论;基督教思想史,,,,5,,true,,待核实,false
cdl-006623,道成肉身救赎源,李锦纶,,,,,中文,theology,救赎,,,,5,,true,,待核实,false
cdl-001769,道成肉身救赎源：先给中国的教会神学,李锦纶,,,,,中文,theology,神学;救赎,,,,5,,true,,待核实,false
cdl-006624,道成肉身救赎源：献给中国的教会神学,李锦纶,,,,,中文,theology,神学;救赎,,,,5,,true,,待核实,false
cdl-006625,道教与基督教的幸福观比较,以葛洪与奥古斯丁为例,,,,,中文,theology,基督,,,,5,,true,,待核实,false
cdl-000148,道格拉斯论辩中诸问题的阐释,分裂之家危机 对林肯,,,,,中文,other,,,,https://christian-digital-library-assets.gioia-zheng-stud.workers.dev/covers/cdl-000148.jpg,5,https://christian-digital-library-assets.gioia-zheng-stud.workers.dev/previews/cdl-000148,true,,待核实,false
cdl-006626,道歉的5种语言,,,,,,中文,other,,,,,0,,true,,待核实,false
cdl-006627,道路与真理：解读约翰福音的思想史,,,,,,中文,bible-study,约翰福音,,,,5,,true,,待核实,false
cdl-006628,道路真理生命,,,,,,中文,other,,,,,5,,true,,待核实,false
cdl-006629,道路真理生命,,,,,,中文,other,,,,,5,,true,,待核实,false
cdl-006630,避免错误的解经,William D Barrick,,,,,中文,bible-study,解经,,,,2,,true,,待核实,false
cdl-006631,避难方舟 瑞恩·麦格劳,,,,,,中文,other,,,,,5,,true,,待核实,false
cdl-006632,思辨的张力：黑格尔辩证法新探,邓晓芒,,,,,中文,culture-society,黑格尔;辩证法;哲学;德国哲学,,,,5,,true,,待核实,false
cdl-001633,当冲突遇上和好,邓瑞强,,,,,中文,pastoral,,,,,5,,true,,待核实,false
cdl-006633,邝成中：约翰福音默想,,,,,,中文,bible-study,约翰福音,,,,5,,true,,待核实,false
cdl-006634,那鸿、哈巴谷、西番雅、哈该书,海富林,,,,,中文,bible-study,那鸿;哈巴谷;西番雅,,,,5,,true,,待核实,false
cdl-006635,那鸿、哈巴谷、西番雅、哈该书,海富林,,,,,中文,bible-study,那鸿;哈巴谷;西番雅,,,,5,,true,,待核实,false
cdl-002423,邪恶与上帝新世界,赖特 N T Wright,,,,,中文,theology,上帝,,,,5,,true,,待核实,false
cdl-006637,邪恶与上帝的新世界,赖特,,,,,中文,theology,上帝,,,,5,,true,,待核实,false
cdl-006638,邪恶与上帝的新世界,赖特,,,,,中文,theology,上帝,,,,5,,true,,待核实,false
cdl-006639,邪魔登讲台,张逸萍,,,,,中文,other,,,,,5,,true,,待核实,false
cdl-006640,邻舍之爱,GUTTENBERGER GUDRUN,,,,,中文,other,,,,,5,,true,,待核实,false
cdl-001130,郝思旧约神学,郝思,,,,,中文,bible-study,旧约,,,,5,,true,,待核实,false
cdl-006641,郝思旧约神学,郝思,,,,,中文,bible-study,圣经;旧约;神学,,,,5,,true,,待核实,false
cdl-006642,郝思旧约神学,郝思,,,,,中文,bible-study,圣经;旧约;神学,,,,0,,true,,待核实,false
cdl-006643,都市里的乡村教会,,,,,,中文,theology,教会,,,,5,,true,,待核实,false
cdl-000385,都是恩典,司布真,,,,,中文,theology,恩典,,,,5,,true,,待核实,false
cdl-006644,都是恩典查经问题,司布真,,,,,中文,theology,恩典,,,,5,,true,,待核实,false
cdl-002536,鄭國治牧師,神人之約,,,,,中文,other,,,,,5,,true,,待核实,false
cdl-006645,采撷灵韵,李顺长,,,,,中文,other,,,,,5,,true,,待核实,false
cdl-006646,释经与讲道,,,,,,中文,bible-study,释经,,,,5,,true,,待核实,false
cdl-000604,释经学,赵天恩,,,,,中文,bible-study,释经,,,https://christian-digital-library-assets.gioia-zheng-stud.workers.dev/covers/cdl-000604.jpg,5,https://christian-digital-library-assets.gioia-zheng-stud.workers.dev/previews/cdl-000604,true,,待核实,false
cdl-006648,释经学,曾林芳,,,,,中文,bible-study,释经,,,,5,,true,,待核实,false
cdl-006647,释经学 普遍原则及特殊文体,王承恩归,,,,,中文,bible-study,释经,,,,5,,true,,待核实,false
cdl-002170,释经学·讲道学,曾霖芳,,,,,中文,bible-study,释经,,,,0,,true,,待核实,false
cdl-000605,释经学原理,,,,,,中文,bible-study,释经,,,,5,,true,,待核实,false
cdl-006649,释经学原理,,,,,,中文,bible-study,释经,,,,5,,true,,待核实,false
cdl-006650,释经学原理,伯克富,,,,,中文,bible-study,释经,,,,5,,true,,待核实,false
cdl-001785,释经学的理论与实践,丁伟佑,,,,,中文,bible-study,释经,,,,5,,true,,待核实,false
cdl-006651,释经学课本,,,,,,中文,bible-study,释经,,,,5,,true,,待核实,false
cdl-006652,释经实用手册,陈寿穗,,,,,中文,reference,手册,,,,5,,true,,待核实,false
cdl-006653,释经式讲道,裴师母,,,,,中文,bible-study,释经,,,,5,,true,,待核实,false
cdl-006654,释经式讲道,裴师母,,,,,中文,bible-study,释经,,,,5,,true,,待核实,false
cdl-000606,释经讲道 我们该如何传讲神的话,何大卫,,,,,中文,bible-study,释经,,,,5,,true,,待核实,false
cdl-000607,释经讲道七阶,雷美旭 理查,,,,,中文,bible-study,释经,,,https://christian-digital-library-assets.gioia-zheng-stud.workers.dev/covers/cdl-000607.jpg,5,https://christian-digital-library-assets.gioia-zheng-stud.workers.dev/previews/cdl-000607,true,,待核实,false
cdl-006655,释经讲道七阶,,,,,,中文,bible-study,释经,,,,5,,true,,待核实,false
cdl-006656,释经讲道五种特质,,,,,,中文,bible-study,释经,,,,5,,true,,待核实,false
cdl-006657,释经讲道四要素,,,,,,中文,bible-study,释经,,,,5,,true,,待核实,false
cdl-006658,释经讲道回忆录,沈保罗,,,,,中文,bible-study,释经,,,,5,,true,,待核实,false
cdl-006659,释经讲道大纲索引,,,,,,中文,reference,索引,,,,5,,true,,待核实,false
cdl-006660,里外更新,莱瑞·克莱布,,,,,中文,spiritual-life,灵命更新;辅导;内在生命;信仰生活,,,,5,,true,,待核实,false
cdl-000841,重回耶路撒冷 犹太人的三千年,,,,,,中文,other,,,,,5,,true,,待核实,false
cdl-000842,重寻圣洁,巴刻,,,,,中文,spiritual-life,圣洁,,,,5,,true,,待核实,false
cdl-004740,重寻圣洁,巴刻,,,,,中文,spiritual-life,圣洁,,,,5,,true,,待核实,false
cdl-006319,重建的时代兴起属神的群体,蔡元雲,,,,,中文,other,,,,,5,,true,,待核实,false
cdl-001101,重拾教父传统,美 威廉姆斯,,,,,中文,other,,,,,5,,true,,待核实,false
cdl-006661,重拾教父传统,D H 威廉姆斯,,,,,中文,other,,,,,5,,true,,待核实,false
cdl-000843,重新发现天主教的真谛,,,,,,中文,other,,,,https://christian-digital-library-assets.gioia-zheng-stud.workers.dev/covers/cdl-000843.jpg,5,https://christian-digital-library-assets.gioia-zheng-stud.workers.dev/previews/cdl-000843,true,,待核实,false
cdl-000844,重新定义团队谷歌如何工作,,,,,,中文,other,,,,https://christian-digital-library-assets.gioia-zheng-stud.workers.dev/covers/cdl-000844.jpg,5,https://christian-digital-library-assets.gioia-zheng-stud.workers.dev/previews/cdl-000844,true,,待核实,false
cdl-001951,重燃盼望：克服沮丧，挑战忧郁：尼尔·安德生，赫尔·巴辰,,,,,,中文,other,,,,https://christian-digital-library-assets.gioia-zheng-stud.workers.dev/covers/cdl-001951.jpg,5,https://christian-digital-library-assets.gioia-zheng-stud.workers.dev/previews/cdl-001951,true,,待核实,false
cdl-002594,重现耶稣文化,,,,,,中文,culture-society,文化,,,,5,,true,,待核实,false
cdl-002595,重生与称义,查里士 莱特,,,,,中文,theology,称义,,,,5,,true,,待核实,false
cdl-000845,重申以圣经为根基的讲道之重要性,保罗·威尔森,,,,,中文,pastoral,讲道;释经讲道;圣经;牧养,本文讨论以圣经为根基的讲道原则，并以保罗·威尔森的讲道方法为参考，反思其对今日传道人的启发。,,,5,,true,,待核实,false
cdl-000846,重负与神恩,,,,,,中文,spiritual-life,与神,,,,5,,true,,待核实,false
cdl-006662,重负与神恩,薇依,,,,,中文,spiritual-life,与神,,,,5,,true,,待核实,false
cdl-002596,重返荣耀,,,,,,中文,other,,,,,5,,true,,待核实,false
cdl-002183,野地百合花：来自中国大陆的见证,赵天恩,,,,,中文,other,,,,,5,,true,,待核实,false
cdl-006663,与内心的小孩对话：如何治愈你的童年创伤,金伯利·罗斯,,,金城出版社,,中文,culture-society,心理;童年创伤;自我成长,,,,5,,true,,待核实,false
cdl-000848,讲道与讲道的人（2）,钟马田,,,,,中文,pastoral,讲道;钟马田;教会事奉,,,https://christian-digital-library-assets.gioia-zheng-stud.workers.dev/covers/cdl-000848.jpg,5,https://christian-digital-library-assets.gioia-zheng-stud.workers.dev/previews/cdl-000848,true,,待核实,false
cdl-000608,铁证待判,麦道卫,,,,,中文,other,,,,https://christian-digital-library-assets.gioia-zheng-stud.workers.dev/covers/cdl-000608.jpg,5,https://christian-digital-library-assets.gioia-zheng-stud.workers.dev/previews/cdl-000608,true,,待核实,false
cdl-006665,错不在我,,,,,,中文,other,,,,,5,,true,,待核实,false
cdl-006666,错引耶稣,巴特 叶尔曼,,,,,中文,other,,,,,5,,true,,待核实,false
cdl-006667,镜中的男人,派特·摩利（Patrick Morley）,,吴蔓玲,西藏人民出版社,2007,中文,spiritual-life,男性;生命成长;灵修,,,,5,,true,,待核实,false
cdl-002238,镜外：生死之间的省思,卢云,,,,,中文,other,,,,,5,,true,,待核实,false
cdl-000853,长成基督的身量：浅探贾玉铭牧师的教会论,卢乾坤,,,,,中文,theology,基督;教会,,,,5,,true,,待核实,false
cdl-006668,門徒的品格研经材料,斯得克,,,,,中文,bible-study,研经,,,,5,,true,,待核实,false
cdl-006669,門徒的品格研经材料,斯得克,,,,,中文,bible-study,研经,,,,5,,true,,待核实,false
cdl-006670,门徒培育,被定十架的王,,,,,中文,spiritual-life,门徒,,,,5,,true,,待核实,false
cdl-006671,门徒培育,被定十架的王,,,,,中文,spiritual-life,门徒,,,,5,,true,,待核实,false
cdl-006672,门徒培育,被定十架的王,,,,,中文,spiritual-life,门徒,,,,5,,true,,待核实,false
cdl-006673,门徒培育,被定十架的王,,,,,中文,spiritual-life,门徒,,,,5,,true,,待核实,false
cdl-006674,门徒培育,被定十架的王,,,,,中文,spiritual-life,门徒,,,,5,,true,,待核实,false
cdl-006675,门徒培育主题系列,第一次默想就上手,,,,,中文,spiritual-life,门徒,,,,5,,true,,待核实,false
cdl-006676,门徒的反思,,,,,,中文,spiritual-life,门徒,,,,5,,true,,待核实,false
cdl-000927,门徒训练,,,,,,中文,spiritual-life,门徒,,,https://christian-digital-library-assets.gioia-zheng-stud.workers.dev/covers/cdl-000927.jpg,5,https://christian-digital-library-assets.gioia-zheng-stud.workers.dev/previews/cdl-000927,true,,待核实,false
cdl-006677,门徒训练,,,,,,中文,spiritual-life,门徒,,,,5,,true,,待核实,false
cdl-006681,门徒训练1,,,,,,中文,spiritual-life,门徒,,,,5,,true,,待核实,false
cdl-006682,门徒训练2,,,,,,中文,spiritual-life,门徒,,,,5,,true,,待核实,false
cdl-006683,门徒训练3,,,,,,中文,spiritual-life,门徒,,,,5,,true,,待核实,false
cdl-006684,门徒训练4,,,,,,中文,spiritual-life,门徒,,,,5,,true,,待核实,false
cdl-006685,门徒训练5,,,,,,中文,spiritual-life,门徒,,,,5,,true,,待核实,false
cdl-006686,门徒训练：如何帮助他人跟随耶稣,狄马可（Mark Dever）,狄马可（Mark Dever）是美国牧师、九标志事工负责人，长期关注教会论、讲道、门徒训练与健康教会建设。,陈晨,九标志事工,2018,中文,spiritual-life,门徒训练;教会生活;九标志;基督徒生活,本书说明门徒训练的意义、对象、处境与实践方式，强调基督徒应在地方教会中帮助他人更忠心地跟随耶稣。,,,5,,true,,版权受保护,false
cdl-001880,闪耀的旷野,多玛斯麦纯,,,,,中文,other,,,,https://christian-digital-library-assets.gioia-zheng-stud.workers.dev/covers/cdl-001880.jpg,5,https://christian-digital-library-assets.gioia-zheng-stud.workers.dev/previews/cdl-001880,true,,待核实,false
cdl-006687,问出好问题：让青少年爱上查经的提问法,洪中夫,,,校园书房出版社,2015,中文,bible-study,查经;青少年;提问法;门徒训练,,,,5,,true,,待核实,false
cdl-000609,问题导向学习指南,,,,,,中文,reference,学习方法;教育;问题导向学习,本书介绍问题导向学习的理念与操作方式，可作为学习设计和课程讨论参考。,,,5,,true,,待核实,false
cdl-006688,间接沟通 克尔凯郭尔的基督教思想,,,,,,中文,theology,基督,,,,5,,true,,待核实,false
cdl-006689,阐释学与圣经关系探析,,,,,,中文,bible-study,圣经,,,,5,,true,,待核实,false
cdl-006690,防备辩驳异端,,,,,,中文,other,,,,,5,,true,,待核实,false
cdl-006692,阿兰·德波顿：身份的焦虑,,,,,,中文,other,,,,,5,,true,,待核实,false
cdl-006693,论道成肉身（基督教经典译丛）,亚他那修（Athanasius of Alexandria）,,,,,中文,theology,基督;道成肉身;教会父老;神学,本书收录古代教会父老亚他那修关于道成肉身的经典论述，说明基督降生、救赎与神人关系的神学意义。,,,5,,true,,待核实,false
cdl-002653,阿多诺与神学,,,,,,中文,theology,神学,,,,5,,true,,待核实,false
cdl-006694,马丁·路德的神学,保罗·阿尔托依兹（Paul Althaus）,,段琦;孙善玲,中华信义神学院,1999,中文,theology,路德;神学;宗教改革,本书从上帝、人、基督、称义、教会与圣礼等主题切入，梳理马丁·路德的神学思想。,,,5,,true,,待核实,false
cdl-006695,阿拉伯伊斯兰文化史（第一册）,,,,,,中文,culture-society,伊斯兰;阿拉伯;文化史,本书属于阿拉伯伊斯兰文化史系列，介绍阿拉伯与伊斯兰文明的历史、思想与文化发展。,,,5,,true,,待核实,false
cdl-006696,阿拉伯伊斯兰文化史（第七册）,,,,,,中文,culture-society,伊斯兰;阿拉伯;文化史,本书属于阿拉伯伊斯兰文化史系列，介绍阿拉伯与伊斯兰文明的历史、思想与文化发展。,,,5,,true,,待核实,false
cdl-006697,阿拉伯伊斯兰文化史（第三册）,,,,,,中文,culture-society,伊斯兰;阿拉伯;文化史,本书属于阿拉伯伊斯兰文化史系列，介绍阿拉伯与伊斯兰文明的历史、思想与文化发展。,,,5,,true,,待核实,false
cdl-006698,阿拉伯伊斯兰文化史（第二册）,,,,,,中文,culture-society,伊斯兰;阿拉伯;文化史,本书属于阿拉伯伊斯兰文化史系列，介绍阿拉伯与伊斯兰文明的历史、思想与文化发展。,,,5,,true,,待核实,false
cdl-006699,阿拉伯伊斯兰文化史（第五册）,,,,,,中文,culture-society,伊斯兰;阿拉伯;文化史,本书属于阿拉伯伊斯兰文化史系列，介绍阿拉伯与伊斯兰文明的历史、思想与文化发展。,,,5,,true,,待核实,false
cdl-006700,阿拉伯伊斯兰文化史（第八册）,,,,,,中文,culture-society,伊斯兰;阿拉伯;文化史,本书属于阿拉伯伊斯兰文化史系列，介绍阿拉伯与伊斯兰文明的历史、思想与文化发展。,,,5,,true,,待核实,false
cdl-006701,阿拉伯伊斯兰文化史（第六册）,,,,,,中文,culture-society,伊斯兰;阿拉伯;文化史,本书属于阿拉伯伊斯兰文化史系列，介绍阿拉伯与伊斯兰文明的历史、思想与文化发展。,,,5,,true,,待核实,false
cdl-006702,阿拉伯伊斯兰文化史（第四册）,,,,,,中文,culture-society,伊斯兰;阿拉伯;文化史,本书属于阿拉伯伊斯兰文化史系列，介绍阿拉伯与伊斯兰文明的历史、思想与文化发展。,,,5,,true,,待核实,false
cdl-001225,阿摩司书,嘉大卫,,,,,中文,bible-study,阿摩司,,,,5,,true,,待核实,false
cdl-006704,阿摩司书,嘉大卫,,,,,中文,bible-study,阿摩司,,,,5,,true,,待核实,false
cdl-006705,阿摩司书,嘉大卫,,,,,中文,bible-study,阿摩司,,,,5,,true,,待核实,false
cdl-006706,阿摩司书,,,,,,中文,bible-study,阿摩司,,,,5,,true,,待核实,false
cdl-006707,阿摩司书研读,,,,,,中文,bible-study,阿摩司,,,,5,,true,,待核实,false
cdl-006708,阿摩司书研读,,,,,,中文,bible-study,阿摩司,,,,5,,true,,待核实,false
cdl-006709,阿民念派抗议书全文,,,,,,中文,other,,,,,5,,true,,待核实,false
cdl-006710,阿米念派自由意志神学的荒谬和危害,王志勇,,,,,中文,theology,神学,,,,5,,true,,待核实,false
cdl-001583,与孩子过招,陈德全,,,,,中文,family-ministry,,,,https://christian-digital-library-assets.gioia-zheng-stud.workers.dev/covers/cdl-001583.jpg,5,https://christian-digital-library-assets.gioia-zheng-stud.workers.dev/previews/cdl-001583,true,,待核实,false
cdl-006712,系统神学：基督教教义精要（上册）,陈若愚,,,,,中文,theology,神学;系统神学;教义,,,,5,,true,,待核实,false
cdl-006713,陌生客同路人研读版,,,,,,中文,other,,,,,5,,true,,待核实,false
cdl-006714,陌生的荣耀 朋霍费尔的一生,,,,,,中文,church-history,朋霍费尔,,,,5,,true,,待核实,false
cdl-006715,陌生的荣耀 朋霍费尔的一生,,,,,,中文,church-history,朋霍费尔,,,,5,,true,,待核实,false
cdl-002526,認識主日經課,陳啟峰,,,,,中文,bible-study,,,,,5,,true,,待核实,false
cdl-000612,陶恕传,詹姆斯 斯奈德,,,,,中文,church-history,,,,https://christian-digital-library-assets.gioia-zheng-stud.workers.dev/covers/cdl-000612.jpg,5,https://christian-digital-library-assets.gioia-zheng-stud.workers.dev/previews/cdl-000612,true,,待核实,false
cdl-000613,陶恕传,詹姆斯 斯奈德,,,,,中文,church-history,,,,,5,,true,,待核实,false
cdl-001217,随时候命：士师记,,,,,,中文,bible-study,士师记,,,,5,,true,,待核实,false
cdl-000614,隐秘的上帝,尼古拉 库萨论,,,,,中文,theology,上帝,,,,5,,true,,待核实,false
cdl-002056,隐藏的神迹：中国教会云彩版的见证：巴柝声，费伊莉,,,,,,中文,theology,教会,,,,5,,true,,待核实,false
cdl-006716,隱祕處的亮光,web,,,,,中文,other,,,,,5,,true,,待核实,false
cdl-006717,难以觉察的属灵骄傲,,,,,,中文,spiritual-life,属灵,,,,5,,true,,待核实,false
cdl-006718,雄辩术原理,,,,,,中文,other,,,,,5,,true,,待核实,false
cdl-001404,雅各书、彼得前后书、约翰一二三书、犹大书,,,,,,中文,bible-study,雅各书;彼得前书;彼得后书;约翰书信;犹大书;新约,,,https://christian-digital-library-assets.gioia-zheng-stud.workers.dev/covers/cdl-001404.jpg,5,https://christian-digital-library-assets.gioia-zheng-stud.workers.dev/previews/cdl-001404,true,,待核实,false
cdl-006719,雅博渡口,雅各的尘俗灵程,,,,,中文,other,,,,,5,,true,,待核实,false
cdl-002264,雅各书,莫德 J A Motyer,,,,,中文,bible-study,雅各书,,,,5,,true,,待核实,false
cdl-006721,雅各书,冯国泰,,,,,中文,bible-study,雅各书,,,,5,,true,,待核实,false
cdl-006722,雅各书,梁康民,,,,,中文,bible-study,雅各书,,,,5,,true,,待核实,false
cdl-006723,雅各书,梁康民,,,,,中文,bible-study,雅各书,,,,5,,true,,待核实,false
cdl-006725,雅各书,,,,,,中文,bible-study,雅各书,,,,5,,true,,待核实,false
cdl-006726,雅各书,冯国泰,,,,,中文,bible-study,雅各书,,,,5,,true,,待核实,false
cdl-006728,雅各书,梁康民,,,,,中文,bible-study,雅各书,,,,5,,true,,待核实,false
cdl-006729,雅各书,莫德,,,,,中文,bible-study,雅各书,,,,5,,true,,待核实,false
cdl-006727,雅各书学习指南,,,,,,中文,bible-study,雅各书,,,,5,,true,,待核实,false
cdl-006720,雅各书：我信!然后呢!,,,,,,中文,bible-study,雅各书,,,,5,,true,,待核实,false
cdl-001108,雅各书：注释,梁康民,,,,,中文,bible-study,注释;雅各书,,,https://christian-digital-library-assets.gioia-zheng-stud.workers.dev/covers/cdl-001108.jpg,5,https://christian-digital-library-assets.gioia-zheng-stud.workers.dev/previews/cdl-001108,true,,待核实,false
cdl-001391,雅各书：注释,梁康民,,,,,中文,bible-study,注释;雅各书,,,https://christian-digital-library-assets.gioia-zheng-stud.workers.dev/covers/cdl-001391.jpg,5,https://christian-digital-library-assets.gioia-zheng-stud.workers.dev/previews/cdl-001391,true,,待核实,false
cdl-001405,雅各书：注释,梁康民,,,,,中文,bible-study,注释;雅各书,,,,5,,true,,待核实,false
cdl-001406,雅各书：注释,梁康民,,,,,中文,bible-study,注释;雅各书,,,,5,,true,,待核实,false
cdl-001407,雅各书：注释,梁康民,,,,,中文,bible-study,注释;雅各书,,,https://christian-digital-library-assets.gioia-zheng-stud.workers.dev/covers/cdl-001407.jpg,5,https://christian-digital-library-assets.gioia-zheng-stud.workers.dev/previews/cdl-001407,true,,待核实,false
cdl-006730,雅各书、犹大书释义,布罗森特二世,,,,,中文,bible-study,雅各书,,,,5,,true,,待核实,false
cdl-002267,雅各书》《犹大书》释义 威廉·F·布罗森特二世,,,,,,中文,bible-study,雅各书,,,,5,,true,,待核实,false
cdl-001409,雅各书天道研经导读(冯国泰),,,,,,中文,bible-study,研经;雅各书,,,,5,,true,,待核实,false
cdl-006731,雅各书查经,唐崇荣,,,,,中文,bible-study,雅各书,,,,5,,true,,待核实,false
cdl-006732,雅各书注释 天道圣经注释,,,,,,中文,bible-study,圣经;注释;雅各书,,,,5,,true,,待核实,false
cdl-006733,"雅各书注释, 加尔文",,,,,,中文,bible-study,注释;雅各书,,,,5,,true,,待核实,false
cdl-006734,雅各书研经,冯国泰,,,,,中文,bible-study,研经;雅各书,,,,5,,true,,待核实,false
cdl-006735,雅各书结构式注释,李保罗,,,,,中文,bible-study,注释;雅各书,,,,5,,true,,待核实,false
cdl-006736,雅各书至启示录,,,,,,中文,bible-study,雅各书;启示录,,,,5,,true,,待核实,false
cdl-001993,雅各布书研经材料：校园研经材料写作小组,,,,,,中文,bible-study,研经,,,,5,,true,,待核实,false
cdl-006737,雅各书,,,,,,中文,bible-study,圣经;新约;雅各书,,,,5,,true,,待核实,false
cdl-006738,雅歌,黄朱伦,,,,,中文,bible-study,雅歌;旧约;圣经研究,,,,5,,true,,待核实,false
cdl-005622,雅歌：福音书房,歌中的歌,,,,,中文,bible-study,雅歌,,,,5,,true,,待核实,false
cdl-005623,雅歌：福音书房,歌中的歌,,,,,中文,bible-study,雅歌,,,,5,,true,,待核实,false
cdl-006739,雅歌书,格莱德希尔,,,,,中文,bible-study,雅歌,,,,5,,true,,待核实,false
cdl-006740,雅歌书,黄朱伦,,,,,中文,bible-study,雅歌,,,,5,,true,,待核实,false
cdl-006741,雅歌书诠释,,,,,,中文,bible-study,雅歌,,,,5,,true,,待核实,false
cdl-001165,雅歌天道研经导读 黄朱伦,,,,,,中文,bible-study,研经;雅歌,,,,5,,true,,待核实,false
cdl-002329,雅歌注释双译,王福民、杨东川,,,,,中文,bible-study,圣经;旧约;雅歌;注释;双译,,,,5,,true,,待核实,false
cdl-001593,集体认同的政治分析,族群与民族主,,,,,中文,culture-society,政治,,,,5,,true,,待核实,false
cdl-006742,雪莱，基督教会史,,,,,,中文,church-history,教会史,,,,5,,true,,待核实,false
cdl-006743,雷氏研读本圣经·新约,,,,,,中文,bible-study,圣经;新约,,,,5,,true,,待核实,false
cdl-006744,雷氏研读本圣经·新约,,,,,,中文,bible-study,圣经;新约,,,,5,,true,,待核实,false
cdl-006745,雷氏研读本圣经·旧约,,,,,,中文,bible-study,圣经;旧约,,,,5,,true,,待核实,false
cdl-006746,雷纳德拉文希尔,Revival God s Way,,,,,中文,other,,,,,5,,true,,待核实,false
cdl-002626,霍金与上帝的心,,,,,,中文,theology,上帝,,,,5,,true,,待核实,false
cdl-006747,靈巧好牧人(牧養神學導論),,,,,,中文,pastoral,牧養,,,,5,,true,,待核实,false
cdl-006748,青少年与父母沟通的101个误区,,,,,,中文,family-ministry,青少年,,,,5,,true,,待核实,false
cdl-006749,青少年团契生活(初中版)(第三册),,,,,,中文,family-ministry,青少年,,,,5,,true,,待核实,false
cdl-006750,青少年团契生活(初中版)(第二册),,,,,,中文,family-ministry,青少年,,,,5,,true,,待核实,false
cdl-006751,青少年团契生活(第一册),,,,,,中文,family-ministry,青少年,,,,5,,true,,待核实,false
cdl-006752,青少年团契生活(第七册),,,,,,中文,family-ministry,青少年,,,,5,,true,,待核实,false
cdl-006753,青少年团契生活(第三册),,,,,,中文,family-ministry,青少年,,,,5,,true,,待核实,false
cdl-006754,青少年团契生活(第九册),,,,,,中文,family-ministry,青少年,,,,5,,true,,待核实,false
cdl-006755,青少年团契生活(第二册),,,,,,中文,family-ministry,青少年,,,,5,,true,,待核实,false
cdl-006756,青少年团契生活(第五册),,,,,,中文,family-ministry,青少年,,,,5,,true,,待核实,false
cdl-006757,青少年团契生活(第八册),,,,,,中文,family-ministry,青少年,,,,5,,true,,待核实,false
cdl-006758,青少年团契生活(第六册),,,,,,中文,family-ministry,青少年,,,,5,,true,,待核实,false
cdl-006759,青少年团契生活(第十一册),,,,,,中文,family-ministry,青少年,,,,5,,true,,待核实,false
cdl-006760,青少年团契生活(第十三册),,,,,,中文,family-ministry,青少年,,,,5,,true,,待核实,false
cdl-006761,青少年团契生活(第十二册),,,,,,中文,family-ministry,青少年,,,,5,,true,,待核实,false
cdl-006762,青少年团契生活(第十册),,,,,,中文,family-ministry,青少年,,,,5,,true,,待核实,false
cdl-006763,青少年团契生活(第四册),,,,,,中文,family-ministry,青少年,,,,5,,true,,待核实,false
cdl-006764,青少年心理咨询与治疗,,,,,,中文,family-ministry,青少年,,,,5,,true,,待核实,false
cdl-006765,青少年牧师手册,,,,,,中文,reference,手册,,,,5,,true,,待核实,false
cdl-006766,青春的契机,已辑,,,,,中文,other,,,,,5,,true,,待核实,false
cdl-006767,靜思宇宙玄秘,,,,,,中文,other,,,,,5,,true,,待核实,false
cdl-006769,非凡的敬拜,唐幕华,,,,,中文,spiritual-life,敬拜,,,,5,,true,,待核实,false
cdl-006770,非宗教的基督教 朋霍费尔,,,,,,中文,church-history,朋霍费尔,,,,5,,true,,待核实,false
cdl-000159,非宗教的基督教：朋霍费尔晚期思想初探,刘茵雅,,,,,中文,church-history,朋霍费尔,,,https://christian-digital-library-assets.gioia-zheng-stud.workers.dev/covers/cdl-000159.jpg,5,https://christian-digital-library-assets.gioia-zheng-stud.workers.dev/previews/cdl-000159,true,,待核实,false
cdl-006773,非常道非常讲：从九种讲道进路探讨马可福音的信息—陈耀鹏,,,,,,中文,bible-study,马可福音,,,,5,,true,,待核实,false
cdl-006774,非暴力沟通,,,,,,中文,other,,,,,5,,true,,待核实,false
cdl-006775,非暴力沟通,马歇尔·卢森堡（Marshall Rosenberg）,,,,,中文,culture-society,沟通;人际关系;社会,,,,5,,true,,待核实,false
cdl-006776,非死不可的门徒(刘晓亭),,,,,,中文,spiritual-life,门徒,,,,5,,true,,待核实,false
cdl-006777,靠主养育儿女,,,,,,中文,other,,,,,5,,true,,待核实,false
cdl-000616,靠主应许养育儿女,周毕克,,,,,中文,other,,,,https://christian-digital-library-assets.gioia-zheng-stud.workers.dev/covers/cdl-000616.jpg,5,https://christian-digital-library-assets.gioia-zheng-stud.workers.dev/previews/cdl-000616,true,,待核实,false
cdl-006778,靠主应许养育儿女,如何在恩约中养儿育女,,,,,中文,other,,,,,5,,true,,待核实,false
cdl-006779,面对失落,,,,,,中文,other,,,,,5,,true,,待核实,false
cdl-006780,面对心中的巨人,,,,,,中文,other,,,,,5,,true,,待核实,false
cdl-000617,面对抉择,,,,,,中文,other,,,,,5,,true,,待核实,false
cdl-006781,面对自我课程,,,,,,中文,other,,,,,5,,true,,待核实,false
cdl-006782,韦尔斯世界简史(彩色插图本):最适合大家阅读的简明世界史,,,,,,中文,church-history,简史,,,,5,,true,,待核实,false
cdl-001648,俗世同流,韦约翰,,,,,中文,culture-society,,,,https://christian-digital-library-assets.gioia-zheng-stud.workers.dev/covers/cdl-001648.jpg,5,https://christian-digital-library-assets.gioia-zheng-stud.workers.dev/previews/cdl-001648,true,,待核实,false
cdl-006783,基督教教理概要,韩,,,,,中文,theology,教理;神学,,,,5,,true,,待核实,false
cdl-005938,韩客尔2册,神 启示 权威,,,,,中文,other,,,,,5,,true,,待核实,false
cdl-005939,韩客尔3册,神 启示 权威,,,,,中文,other,,,,,5,,true,,待核实,false
cdl-006784,順服屬天的異象,,,,,,中文,other,,,,,5,,true,,待核实,false
cdl-006785,領袖塑造,,,,,,中文,other,,,,,5,,true,,待核实,false
cdl-006786,領袖塑造,,,,,,中文,other,,,,,5,,true,,待核实,false
cdl-006787,顛覆靈性,,,,,,中文,spiritual-life,靈性,,,,5,,true,,待核实,false
cdl-006788,顛覆靈性,,,,,,中文,spiritual-life,靈性,,,,5,,true,,待核实,false
cdl-006789,页页有耶稣,,,,,,中文,other,,,,,5,,true,,待核实,false
cdl-002078,顺服与反叛：从约拿看信仰的挣扎于成长,曾立煌,,,,,中文,bible-study,约拿,,,,5,,true,,待核实,false
cdl-000618,预备成为帮助者,黛比 珀尔,,,,,中文,other,,,,,5,,true,,待核实,false
cdl-000619,预定论与神的主权,史鲍尔,,,,,中文,spiritual-life,与神,,,https://christian-digital-library-assets.gioia-zheng-stud.workers.dev/covers/cdl-000619.jpg,5,https://christian-digital-library-assets.gioia-zheng-stud.workers.dev/previews/cdl-000619,true,,待核实,false
cdl-000854,预定论与神的主权,史鲍尔（R. C. Sproul）,史鲍尔（R. C. Sproul，1939-2017）是美国改革宗神学家、牧师和作家，创立林格尼尔事工，长期从事神学教育、护教与改革宗信仰普及。,,,,中文,theology,预定论;神的主权;改革宗;救恩论,本书讨论预定论与神主权的圣经和神学根据，帮助读者理解神在救恩中的主权、人的责任与恩典的关系。,,,5,,true,,版权受保护,false
cdl-006790,领导5C(安迪·史坦力),,,,,,中文,other,,,,,5,,true,,待核实,false
cdl-006791,领导人的逆思考,,,,,,中文,other,,,,,5,,true,,待核实,false
cdl-006794,领导力21法则,约翰麦斯威尔,,,,,中文,other,,,,,5,,true,,待核实,false
cdl-006792,领导力：真正领袖的26项特质,麦克阿瑟,,,,,中文,other,,,,,5,,true,,待核实,false
cdl-006793,领导力：真正领袖的26项特质,麦克阿瑟,,,,,中文,other,,,,,5,,true,,待核实,false
cdl-006795,领导团队,,,,,,中文,other,,,,,5,,true,,待核实,false
cdl-006796,领导的艺术(狄守哲),,,,,,中文,other,,,,,5,,true,,待核实,false
cdl-006797,领导策略,艾姆斯,,,,,中文,other,,,,,5,,true,,待核实,false
cdl-006798,领袖,,,,,,中文,other,,,,,5,,true,,待核实,false
cdl-006799,领袖：属灵领导的原则及实践,孙德生,,,,,中文,spiritual-life,属灵,,,,5,,true,,待核实,false
cdl-006800,领袖的养成,,,,,,中文,other,,,,,5,,true,,待核实,false
cdl-000331,颠覆世界的宣教释经学,宣教中的上帝,,,,,中文,bible-study,释经,,,https://christian-digital-library-assets.gioia-zheng-stud.workers.dev/covers/cdl-000331.jpg,5,https://christian-digital-library-assets.gioia-zheng-stud.workers.dev/previews/cdl-000331,true,,待核实,false
cdl-006801,颠覆文化的牧養之道,,,,,,中文,pastoral,牧養,,,,5,,true,,待核实,false
cdl-006802,颠覆文化的牧養之道：唐慕華、畢德生,,,,,,中文,pastoral,牧養,,,,5,,true,,待核实,false
cdl-006803,颠覆文化的牧養之道：唐慕華、畢德生,,,,,,中文,pastoral,牧養,,,,5,,true,,待核实,false
cdl-004832,颠覆权势的教会群体：唐慕華,弱势显大能,,,,,中文,theology,教会,,,,5,,true,,待核实,false
cdl-004833,颠覆权势的教会群体：唐慕華,弱势显大能,,,,,中文,theology,教会,,,,5,,true,,待核实,false
cdl-002647,风尘仆仆之神子,马饶富,,,,,中文,other,,,,,5,,true,,待核实,false
cdl-006804,风尘仆仆之神子,马饶富 Ralph P Martin,,,,,中文,other,,,,,5,,true,,待核实,false
cdl-006805,风雨同路—蓝惠悯,,,,,,中文,other,,,,,5,,true,,待核实,false
cdl-006806,飞跃婚姻风暴,,,,,,中文,family-ministry,婚姻,,,,0,,true,,待核实,false
cdl-002014,饮于能力之源,陶恕 等,,,,,中文,spiritual-life,灵修;属灵生命;陶恕,,,,5,,true,,待核实,false
cdl-001958,饶恕：生命更新的秘诀：史都普，曼斯特勒,,,,,,中文,other,,,,,5,,true,,待核实,false
cdl-002003,饶恕的艺术,珍妮特 洛克比,,,,,中文,other,,,,https://christian-digital-library-assets.gioia-zheng-stud.workers.dev/covers/cdl-002003.jpg,5,https://christian-digital-library-assets.gioia-zheng-stud.workers.dev/previews/cdl-002003,true,,待核实,false
cdl-006807,香港语文课标,,,,,,中文,other,,,,,5,,true,,待核实,false
cdl-006808,马可福音（一）,,,,,,中文,bible-study,圣经;新约;马可福音,,,,5,,true,,待核实,false
cdl-006809,马可福音（二）,,,,,,中文,bible-study,圣经;新约;马可福音,,,,5,,true,,待核实,false
cdl-006810,馬可福音研經材料 校園,,,,,,中文,bible-study,研經;馬可福音,,,,5,,true,,待核实,false
cdl-006811,马太福音（三）,,,,,,中文,bible-study,圣经;新约;马太福音,,,,5,,true,,待核实,false
cdl-006812,马太福音（四）,,,,,,中文,bible-study,圣经;新约;马太福音,,,,5,,true,,待核实,false
cdl-006813,马太福音（五）,,,,,,中文,bible-study,圣经;新约;马太福音,,,,5,,true,,待核实,false
cdl-006814,马太福音（一）,,,,,,中文,bible-study,圣经;新约;马太福音,,,,5,,true,,待核实,false
cdl-006815,马太福音（二）,,,,,,中文,bible-study,圣经;新约;马太福音,,,,5,,true,,待核实,false
cdl-006816,馬太福音注釋,,,,,,中文,bible-study,馬太福音,,,,5,,true,,待核实,false
cdl-006817,馬太福音研經材料 校園,,,,,,中文,bible-study,研經;馬太福音,,,,5,,true,,待核实,false
cdl-000546,马丁·路德圣灵观的当代意义,罗永光,,,,,中文,theology,马丁·路德;圣灵;宗教改革;神学,,,,5,,true,,待核实,false
cdl-006818,马丁·路德的神学,保罗·阿尔托依兹（Paul Althaus）,,段琦;孙善玲,中华信义神学院,1999,中文,theology,路德;神学;宗教改革,本书从上帝、人、基督、称义、教会与圣礼等主题切入，梳理马丁·路德的神学思想。,,,5,,true,,待核实,false
cdl-006819,马丁路德 罗马书注释,,,,,,中文,bible-study,注释;罗马书,,,,5,,true,,待核实,false
cdl-006820,马丁路德的门徒培育班,,,,,,中文,church-history,路德,,,,5,,true,,待核实,false
cdl-006821,马丁路德的门徒培育班,,,,,,中文,church-history,路德,,,,5,,true,,待核实,false
cdl-006822,马丁路德的门徒培育班,,,,,,中文,church-history,路德,,,,5,,true,,待核实,false
cdl-006823,马丁路德的门徒培育班,,,,,,中文,church-history,路德,,,,5,,true,,待核实,false
cdl-000178,马丁路德称义神学研究,十架无我,,,,,中文,church-history,路德,,,https://christian-digital-library-assets.gioia-zheng-stud.workers.dev/covers/cdl-000178.jpg,5,https://christian-digital-library-assets.gioia-zheng-stud.workers.dev/previews/cdl-000178,true,,待核实,false
cdl-002289,马可的耶稣故事,京士柏 Jack Dean Kingsbury,,,,,中文,other,,,,,5,,true,,待核实,false
cdl-000621,马可福音,,,,,,中文,bible-study,马可福音,,,,5,,true,,待核实,false
cdl-001848,马可福音,梁秀珊,,,,,中文,bible-study,马可福音,,,,0,,true,,待核实,false
cdl-002304,马可福音,坎伯 摩根,,,,,中文,bible-study,马可福音,,,,5,,true,,待核实,false
cdl-002678,丁道尔：马可福音——新约圣经注释,高雅伦（Alan Cole）,高雅伦（R. Alan Cole）是圣经学者，曾任澳洲摩尔神学院与新加坡三一神学院讲师。他撰写《马可福音》《加拉太书》和《出埃及记》等丁道尔注释卷，兼具旧约与新约研究背景。,潘秋松,校园书房出版社,1998,中文,bible-study,圣经;新约;注释;马可福音;丁道尔;丁道尔新约圣经注释,本卷注释马可福音，跟随紧凑的叙事节奏，帮助读者看见耶稣的权柄、受苦与仆人式弥赛亚身份。,,,5,,true,,版权受保护,false
cdl-006828,马可福音,华侯活,,,,,中文,bible-study,马可福音,,,,5,,true,,待核实,false
cdl-006829,马可福音,华侯活,,,,,中文,bible-study,马可福音,,,,5,,true,,待核实,false
cdl-006830,马可福音,华侯活,,,,,中文,bible-study,马可福音,,,,5,,true,,待核实,false
cdl-006831,研经进阶：马可福音,田约翰,,胡筱梅,,,中文,bible-study,圣经;新约;马可福音;研经进阶,,,,5,,true,,待核实,false
cdl-006832,马可福音,,,,,,中文,bible-study,马可福音,,,,5,,true,,待核实,false
cdl-006833,马可福音,华侯活,,,,,中文,bible-study,马可福音,,,,5,,true,,待核实,false
cdl-006834,马可福音,殷格里,,,,,中文,bible-study,马可福音,,,,5,,true,,待核实,false
cdl-006824,马可福音 卷上 天道圣经注释,叶雅莲,,,,,中文,bible-study,圣经;注释;马可福音,,,,5,,true,,待核实,false
cdl-006825,马可福音 卷上 天道圣经注释,叶雅莲,,,,,中文,bible-study,圣经;注释;马可福音,,,,5,,true,,待核实,false
cdl-006826,马可福音 福音之始,孙宝玲,,,,,中文,bible-study,马可福音,,,,5,,true,,待核实,false
cdl-006827,马可福音 福音之始,孙宝玲,,,,,中文,bible-study,马可福音,,,,5,,true,,待核实,false
cdl-000620,马可福音 释经默想,莱尔,,,,,中文,bible-study,释经;马可福音,,,https://christian-digital-library-assets.gioia-zheng-stud.workers.dev/covers/cdl-000620.jpg,5,https://christian-digital-library-assets.gioia-zheng-stud.workers.dev/previews/cdl-000620,true,,待核实,false
cdl-001291,马可福音44使徒行傳,,,,,,中文,bible-study,马可福音;使徒行傳,,,https://christian-digital-library-assets.gioia-zheng-stud.workers.dev/covers/cdl-001291.jpg,5,https://christian-digital-library-assets.gioia-zheng-stud.workers.dev/previews/cdl-001291,true,,待核实,false
cdl-006835,马可福音上,,,,,,中文,bible-study,马可福音,,,,5,,true,,待核实,false
cdl-006836,马可福音下,,,,,,中文,bible-study,马可福音,,,,5,,true,,待核实,false
cdl-006837,马可福音伴读1 董宇正,,,,,,中文,bible-study,马可福音,,,,5,,true,,待核实,false
cdl-006838,马可福音伴读2 董宇正,,,,,,中文,bible-study,马可福音,,,,5,,true,,待核实,false
cdl-006839,马可福音剪影,陈希曾,,,,,中文,bible-study,马可福音,,,,5,,true,,待核实,false
cdl-006840,马可福音剪影,陈希曾,,,,,中文,bible-study,马可福音,,,,5,,true,,待核实,false
cdl-001300,马可福音天道研经导读(华侯活),,,,,,中文,bible-study,研经;马可福音,,,https://christian-digital-library-assets.gioia-zheng-stud.workers.dev/covers/cdl-001300.jpg,5,https://christian-digital-library-assets.gioia-zheng-stud.workers.dev/previews/cdl-001300,true,,待核实,false
cdl-002351,马可福音归纳式查经,金斯勒,,,,,中文,bible-study,马可福音,,,,5,,true,,待核实,false
cdl-002451,马可福音析读 张略，黄锡木,奔走风尘的仆人,,,,,中文,bible-study,马可福音,,,,5,,true,,待核实,false
cdl-006841,马可福音查经默想手册,,,,,,中文,reference,手册,,,,5,,true,,待核实,false
cdl-006842,马可福音的神学,W R Telford,,,,,中文,bible-study,马可福音,,,,5,,true,,待核实,false
cdl-004190,马可福音篇,坏鬼比喻,,,,,中文,bible-study,马可福音,,,,0,,true,,待核实,false
cdl-001857,马可福音讲坛下集,余炳甫,,,,,中文,bible-study,马可福音,,,,5,,true,,待核实,false
cdl-006843,马唐纳新约圣经注释(目录精排),,,,,,中文,reference,目录,,,,5,,true,,待核实,false
cdl-006844,马唐纳新约圣经注释(目录精排),,,,,,中文,reference,目录,,,,5,,true,,待核实,false
cdl-000622,马太 亨利传,约翰 毕克顿 威廉斯,,,,,中文,other,,,,,5,,true,,待核实,false
cdl-006847,马太·亨利传,,,,,,中文,other,,,,,5,,true,,待核实,false
cdl-002639,马太亨利圣经注释,,,,,,中文,bible-study,圣经;注释,,,,5,,true,,待核实,false
cdl-006849,马太亨利圣经注释,,,,,,中文,bible-study,圣经;注释,,,,5,,true,,待核实,false
cdl-006853,马太亨利圣经注释,,,,,,中文,bible-study,圣经;注释,,,,5,,true,,待核实,false
cdl-006850,马太亨利圣经注释全,马太亨利,,,,,中文,bible-study,圣经;注释;马太亨利,,,,5,,true,,待核实,false
cdl-006851,马太亨利圣经注释：四福音详尽版,,,,,,中文,bible-study,圣经;注释,,,,5,,true,,待核实,false
cdl-006852,马太亨利圣经注释：四福音详尽版,,,,,,中文,bible-study,圣经;注释,,,,5,,true,,待核实,false
cdl-006861,马太亨利完整圣经注释(传道书),,,,,,中文,bible-study,圣经;注释,,,,5,,true,,待核实,false
cdl-001435,马太亨利完整圣经注释(启示录),,,,,,中文,bible-study,圣经;注释;启示录,,,https://christian-digital-library-assets.gioia-zheng-stud.workers.dev/covers/cdl-001435.jpg,5,https://christian-digital-library-assets.gioia-zheng-stud.workers.dev/previews/cdl-001435,true,,待核实,false
cdl-006862,马太亨利完整圣经注释(启示录),,,,,,中文,bible-study,圣经;注释;启示录,,,,0,,true,,待核实,false
cdl-006863,马太亨利完整圣经注释(哥林多前书),,,,,,中文,bible-study,圣经;注释;哥林多,,,,5,,true,,待核实,false
cdl-006864,马太亨利完整圣经注释(哥林多后书),,,,,,中文,bible-study,圣经;注释;哥林多,,,,5,,true,,待核实,false
cdl-006865,马太亨利完整圣经注释(哥林多后书),,,,,,中文,bible-study,圣经;注释;哥林多,,,,5,,true,,待核实,false
cdl-006866,马太亨利完整圣经注释(箴言)上,,,,,,中文,bible-study,圣经;注释;箴言,,,,5,,true,,待核实,false
cdl-006867,马太亨利完整圣经注释(箴言)下,,,,,,中文,bible-study,圣经;注释;箴言,,,,5,,true,,待核实,false
cdl-006868,马太亨利完整圣经注释(约伯记)上,,,,,,中文,bible-study,圣经;注释;约伯,,,,5,,true,,待核实,false
cdl-006869,马太亨利完整圣经注释(约伯记)下,,,,,,中文,bible-study,圣经;注释;约伯,,,,5,,true,,待核实,false
cdl-006870,马太亨利完整圣经注释(雅歌),,,,,,中文,bible-study,圣经;注释;雅歌,,,,5,,true,,待核实,false
cdl-006854,马太亨利完整圣经注释：以赛亚书(下),,,,,,中文,bible-study,圣经;注释;以赛亚,,,,5,,true,,待核实,false
cdl-006855,马太亨利完整圣经注释：以赛亚书(中),,,,,,中文,bible-study,圣经;注释;以赛亚,,,,5,,true,,待核实,false
cdl-006856,马太亨利完整圣经注释：创世记 (第21-50章),,,,,,中文,bible-study,圣经;注释;创世记,,,,5,,true,,待核实,false
cdl-006857,马太亨利完整圣经注释：创世记 (第21-50章),,,,,,中文,bible-study,圣经;注释;创世记,,,,5,,true,,待核实,false
cdl-006858,马太亨利完整圣经注释：创世记(第1-20章),,,,,,中文,bible-study,圣经;注释;创世记,,,,5,,true,,待核实,false
cdl-006871,马太亨利完整圣经注释：启示录,,,,,,中文,bible-study,圣经;注释;启示录,,,,5,,true,,待核实,false
cdl-006859,马太亨利完整圣经注释：彼得前书,,,,,,中文,bible-study,圣经;注释;彼得前,,,,5,,true,,待核实,false
cdl-006860,马太亨利完整圣经注释：彼得后书,,,,,,中文,bible-study,圣经;注释;彼得后,,,,5,,true,,待核实,false
cdl-006872,马太亨利圣经注释（完整版）,马太·亨利,,,,,中文,bible-study,圣经;注释;马太亨利,,,,5,,true,,待核实,false
cdl-006873,马太亨利注释(以赛亚书)组合,,,,,,中文,bible-study,注释;以赛亚,,,,5,,true,,待核实,false
cdl-006874,马太亨利注释(以赛亚书)组合,,,,,,中文,bible-study,注释;以赛亚,,,,5,,true,,待核实,false
cdl-006875,马太亨利注释(以赛亚书)组合,,,,,,中文,bible-study,注释;以赛亚,,,,5,,true,,待核实,false
cdl-006876,马太亨利注释(传道书),,,,,,中文,bible-study,注释,,,,5,,true,,待核实,false
cdl-006877,马太亨利注释(启示录),,,,,,中文,bible-study,注释;启示录,,,,5,,true,,待核实,false
cdl-006878,马太亨利注释(箴言) 组合,,,,,,中文,bible-study,注释;箴言,,,,5,,true,,待核实,false
cdl-006879,马太亨利注释(箴言) 组合,,,,,,中文,bible-study,注释;箴言,,,,5,,true,,待核实,false
cdl-006880,马太亨利注释(箴言) 组合,,,,,,中文,bible-study,注释;箴言,,,,5,,true,,待核实,false
cdl-006881,马太亨利注释(约伯记)组合,,,,,,中文,bible-study,注释;约伯,,,,5,,true,,待核实,false
cdl-006882,马太亨利注释(约伯记)组合,,,,,,中文,bible-study,注释;约伯,,,,5,,true,,待核实,false
cdl-006883,马太亨利注释(约伯记)组合,,,,,,中文,bible-study,注释;约伯,,,,5,,true,,待核实,false
cdl-006884,马太亨利注释(雅歌),,,,,,中文,bible-study,注释;雅歌,,,,5,,true,,待核实,false
cdl-006885,马太亨利简明圣经注释,,,,,,中文,bible-study,圣经;注释,,,,5,,true,,待核实,false
cdl-002288,马太的耶稣故事,京士柏 Jack Dean Kingsbury,,,,,中文,other,,,,,5,,true,,待核实,false
cdl-000624,马太福音,释经默想,,,,,中文,bible-study,马太福音,,,https://christian-digital-library-assets.gioia-zheng-stud.workers.dev/covers/cdl-000624.jpg,5,https://christian-digital-library-assets.gioia-zheng-stud.workers.dev/previews/cdl-000624,true,,待核实,false
cdl-002679,丁道尔：马太福音——新约圣经注释,法兰士（R. T. France）,法兰士（R. T. France，1938-2012）是英国新约学者和圣公会牧师，曾任牛津 Wycliffe Hall 院长。他长期研究福音书、耶稣研究和新约解经，著有《马太福音》等注释作品。,沈允,校园书房出版社,1996,中文,bible-study,圣经;新约;注释;马太福音;丁道尔;丁道尔新约圣经注释,本卷注释马太福音，帮助读者理解马太如何见证耶稣是弥赛亚君王，并说明天国、门徒和旧约应验等主题。,,,5,,true,,版权受保护,false
cdl-006889,马太福音,华侯活,,,,,中文,bible-study,马太福音,,,,5,,true,,待核实,false
cdl-006890,马太福音,华侯活,,,,,中文,bible-study,马太福音,,,,5,,true,,待核实,false
cdl-006891,马太福音,格林,,,,,中文,bible-study,马太福音,,,,5,,true,,待核实,false
cdl-006894,马太福音,华侯活,,,,,中文,bible-study,马太福音,,,,5,,true,,待核实,false
cdl-006886,马太福音 卡森,,,,,,中文,bible-study,马太福音,,,,5,,true,,待核实,false
cdl-006887,马太福音 卡森,,,,,,中文,bible-study,马太福音,,,,5,,true,,待核实,false
cdl-006888,马太福音 真是这样 !,,,,,,中文,bible-study,马太福音,,,,5,,true,,待核实,false
cdl-006892,马太福音1-13章,,,,,,中文,bible-study,马太福音,,,,5,,true,,待核实,false
cdl-006893,马太福音14-28章,,,,,,中文,bible-study,马太福音,,,,5,,true,,待核实,false
cdl-002292,马太福音·真是这样:(上),汤姆 赖特,,,,,中文,bible-study,马太福音,,,,5,,true,,待核实,false
cdl-001279,马太福音【天道研经】华侯活,,,,,,中文,bible-study,研经;马太福音,,,https://christian-digital-library-assets.gioia-zheng-stud.workers.dev/covers/cdl-001279.jpg,5,https://christian-digital-library-assets.gioia-zheng-stud.workers.dev/previews/cdl-001279,true,,待核实,false
cdl-006895,马太福音中耶稣的比喻,,,,,,中文,bible-study,马太福音,,,,5,,true,,待核实,false
cdl-006896,马太福音伴读1 董宇正,,,,,,中文,bible-study,马太福音,,,,5,,true,,待核实,false
cdl-006897,马太福音伴读2 董宇正,,,,,,中文,bible-study,马太福音,,,,5,,true,,待核实,false
cdl-002552,马太福音全景,,,,,,中文,bible-study,马太福音,,,,5,,true,,待核实,false
cdl-000195,马太福音注释,司布真,,,,,中文,bible-study,注释;马太福音,,,https://christian-digital-library-assets.gioia-zheng-stud.workers.dev/covers/cdl-000195.jpg,5,https://christian-digital-library-assets.gioia-zheng-stud.workers.dev/previews/cdl-000195,true,,待核实,false
cdl-000625,马太福音注释,卡森,,,,,中文,bible-study,注释;马太福音,,,,5,,true,,待核实,false
cdl-006845,马太福音注释,马太 亨利,,,,,中文,bible-study,注释;马太福音,,,,5,,true,,待核实,false
cdl-006846,马太福音注释,马太 亨利,,,,,中文,bible-study,注释;马太福音,,,,5,,true,,待核实,false
cdl-006898,马太福音注释(卡森),,,,,,中文,bible-study,注释;马太福音,,,,0,,true,,待核实,false
cdl-006899,马太福音神学注释,,,,,,中文,bible-study,注释;马太福音,,,,5,,true,,待核实,false
cdl-006320,马太福音第16-15-19译解之检视,薛华,,,,,中文,bible-study,马太福音,,,,5,,true,,待核实,false
cdl-006900,马太福音简释,,,,,,中文,bible-study,马太福音,,,,5,,true,,待核实,false
cdl-004191,马太福音篇,坏鬼比喻,,,,,中文,bible-study,马太福音,,,,5,,true,,待核实,false
cdl-001066,马太福音解经讲道,绪论,,,,,中文,bible-study,解经;马太福音,,,,5,,true,,待核实,false
cdl-001216,马太福音解经讲道：君王的家谱 1 1-17,,,,,,中文,bible-study,解经;马太福音,,,https://christian-digital-library-assets.gioia-zheng-stud.workers.dev/covers/cdl-001216.jpg,5,https://christian-digital-library-assets.gioia-zheng-stud.workers.dev/previews/cdl-001216,true,,待核实,false
cdl-001270,马太福音解经讲道：君王的降生(1-18-25),,,,,,中文,bible-study,解经;马太福音,,,,5,,true,,待核实,false
cdl-006901,马太福音通俗注释,司布真,,,,,中文,bible-study,注释;马太福音,,,,5,,true,,待核实,false
cdl-001555,新约信息精要,马有藻,,,,,中文,bible-study,,,,https://christian-digital-library-assets.gioia-zheng-stud.workers.dev/covers/cdl-001555.jpg,5,https://christian-digital-library-assets.gioia-zheng-stud.workers.dev/previews/cdl-001555,true,,待核实,false
cdl-001556,新约导读,马有藻,,,,,中文,bible-study,,,,https://christian-digital-library-assets.gioia-zheng-stud.workers.dev/covers/cdl-001556.jpg,5,https://christian-digital-library-assets.gioia-zheng-stud.workers.dev/previews/cdl-001556,true,,待核实,false
cdl-001559,旧约导读,马有藻,,,,,中文,bible-study,,,,https://christian-digital-library-assets.gioia-zheng-stud.workers.dev/covers/cdl-001559.jpg,5,https://christian-digital-library-assets.gioia-zheng-stud.workers.dev/previews/cdl-001559,true,,待核实,false
cdl-001567,你的恩赐知多少,马有藻,,,,,中文,other,,,,https://christian-digital-library-assets.gioia-zheng-stud.workers.dev/covers/cdl-001567.jpg,5,https://christian-digital-library-assets.gioia-zheng-stud.workers.dev/previews/cdl-001567,true,,待核实,false
cdl-006902,新约导读,马有藻,,,,,中文,bible-study,,,,,5,,true,,待核实,false
cdl-006906,新约导读,马有藻,,,,,中文,bible-study,,,,,5,,true,,待核实,false
cdl-006907,生命长进四部曲,马有藻,,,,,中文,spiritual-life,,,,,5,,true,,待核实,false
cdl-006909,真知道他,马有藻,,,,,中文,spiritual-life,,,,,5,,true,,待核实,false
cdl-006910,祝福或咒诅,马有藻,,,,,中文,theology,,,,,0,,true,,待核实,false
cdl-001142,马歇尔新约神学,,,,,,中文,bible-study,新约,,,,5,,true,,待核实,false
cdl-006914,马歇尔新约神学,,,,,,中文,bible-study,新约,,,,5,,true,,待核实,false
cdl-006915,马歇尔新约神学,,,,,,中文,bible-study,新约,,,,5,,true,,待核实,false
cdl-001222,驳异大全,,,,,,中文,other,,,,,5,,true,,待核实,false
cdl-001277,驳异大全,,,,,,中文,other,,,,,5,,true,,待核实,false
cdl-006916,骗子雅各,,,,,,中文,other,,,,,5,,true,,待核实,false
cdl-006917,高EQ小孩,约翰 高特曼 zip,,,,,中文,other,,,,,5,,true,,待核实,false
cdl-006918,高云汉牧师 健康教会成长要诀 廿一世纪系列,,,,,,中文,theology,教会,,,,5,,true,,待核实,false
cdl-001449,高斯 & 温伯格：你的灯亮着吗,,,,,,中文,other,,,,,5,,true,,待核实,false
cdl-006920,高清晰世界地图,,,,,,中文,other,,,,,5,,true,,待核实,false
cdl-000632,魔鬼家书,C S 路易斯,,,,,中文,other,,,,https://christian-digital-library-assets.gioia-zheng-stud.workers.dev/covers/cdl-000632.jpg,5,https://christian-digital-library-assets.gioia-zheng-stud.workers.dev/previews/cdl-000632,true,,待核实,false
cdl-006921,魔鬼的历史,罗贝尔 穆尚布莱,,,,,中文,church-history,历史,,,,5,,true,,待核实,false
cdl-006922,鲍勃·厄特利释经：约翰福音,,,,,,中文,bible-study,释经;约翰福音,,,,5,,true,,待核实,false
cdl-006923,鲍维均 唯独圣经,圣言的诠释与应用,,,,,中文,bible-study,圣经,,,,5,,true,,待核实,false
cdl-006924,鲍维均 颠覆现实的基督论,,,,,,中文,theology,基督论,,,,5,,true,,待核实,false
cdl-006925,鲍维均&黄锡木等 圣经正典与经外文献导论,,,,,,中文,bible-study,圣经,,,,5,,true,,待核实,false
cdl-006926,鲍许冰清 忠心的领袖们,,,,,,中文,other,,,,,5,,true,,待核实,false
cdl-006927,鲍许冰清 活在盼望中,,,,,,中文,other,,,,,5,,true,,待核实,false
cdl-006928,鲜活的故事：一本书学会可视化研演讲设计,,,,,,中文,other,,,,,5,,true,,待核实,false
cdl-006929,麦克阿瑟彼得前书,,,,,,中文,bible-study,彼得前,,,,5,,true,,待核实,false
cdl-006930,麦克阿瑟彼得前书,,,,,,中文,bible-study,彼得前,,,,5,,true,,待核实,false
cdl-006931,麦克阿瑟彼得后书犹大书,序言,,,,,中文,bible-study,彼得后,,,,5,,true,,待核实,false
cdl-006932,麦克阿瑟彼得后书犹大书,序言,,,,,中文,bible-study,彼得后,,,,5,,true,,待核实,false
cdl-006933,麦克阿瑟提后11,,,,,,中文,other,,,,,5,,true,,待核实,false
cdl-006934,麦克阿瑟提后11,,,,,,中文,other,,,,,5,,true,,待核实,false
cdl-006935,麦克阿瑟新约注释：雅各书,,,,,,中文,bible-study,新约;注释;雅各书,,,,5,,true,,待核实,false
cdl-000389,麦克阿瑟约翰：从神学观点看灵恩派,改革宗经典,,,,,中文,theology,神学,,,,5,,true,,待核实,false
cdl-006936,麦希本：赵世光传,,,,,,中文,other,,,,,5,,true,,待核实,false
cdl-006937,麦格夫：今日基督教教义,,,,,,中文,theology,教义,,,,5,,true,,待核实,false
cdl-006938,麦沾思：梁发传,劝世良言,,,,,中文,other,,,,,5,,true,,待核实,false
cdl-006939,麦种10-01,,,,,,中文,other,,,,,5,,true,,待核实,false
cdl-006940,麦种10-02,,,,,,中文,other,,,,,5,,true,,待核实,false
cdl-006941,麦种10-03,,,,,,中文,other,,,,,5,,true,,待核实,false
cdl-006942,麦种10-04,,,,,,中文,other,,,,,5,,true,,待核实,false
cdl-006943,麦种11-01,,,,,,中文,other,,,,,5,,true,,待核实,false
cdl-006944,麦种11-02,,,,,,中文,other,,,,,5,,true,,待核实,false
cdl-006945,麦种11-03,,,,,,中文,other,,,,,5,,true,,待核实,false
cdl-006946,麦种12-01,,,,,,中文,other,,,,,5,,true,,待核实,false
cdl-006947,麦种12-02,,,,,,中文,other,,,,,5,,true,,待核实,false
cdl-006948,麦种12-03,,,,,,中文,other,,,,,5,,true,,待核实,false
cdl-006949,麦种13-01,,,,,,中文,other,,,,,5,,true,,待核实,false
cdl-006950,麦种13-02,,,,,,中文,other,,,,,5,,true,,待核实,false
cdl-006951,麦种13-03,,,,,,中文,other,,,,,5,,true,,待核实,false
cdl-006952,麦种14-01,,,,,,中文,other,,,,,5,,true,,待核实,false
cdl-006953,麦种14-02,,,,,,中文,other,,,,,5,,true,,待核实,false
cdl-006954,麦种15-01,,,,,,中文,other,,,,,5,,true,,待核实,false
cdl-006955,麦种15-02,,,,,,中文,other,,,,,5,,true,,待核实,false
cdl-006956,麦种15-03,,,,,,中文,other,,,,,5,,true,,待核实,false
cdl-006957,麦种16-01,,,,,,中文,other,,,,,5,,true,,待核实,false
cdl-001138,麦种圣经注释：以赛亚书一至三十九章,欧思沃,,,,,中文,bible-study,圣经;注释;以赛亚,,,,5,,true,,待核实,false
cdl-001139,麦种圣经注释：以赛亚书四十至六十六章,欧思沃,,,,,中文,bible-study,圣经;注释;以赛亚,,,https://christian-digital-library-assets.gioia-zheng-stud.workers.dev/covers/cdl-001139.jpg,5,https://christian-digital-library-assets.gioia-zheng-stud.workers.dev/previews/cdl-001139,true,,待核实,false
cdl-001155,麦种圣经注释：加拉太书,穆尔,,,,,中文,bible-study,圣经;注释;加拉太,,,https://christian-digital-library-assets.gioia-zheng-stud.workers.dev/covers/cdl-001155.jpg,5,https://christian-digital-library-assets.gioia-zheng-stud.workers.dev/previews/cdl-001155,true,,待核实,false
cdl-001136,麦种圣经注释：箴言一至十五章,华尔基,,,,,中文,bible-study,圣经;注释;箴言,,,https://christian-digital-library-assets.gioia-zheng-stud.workers.dev/covers/cdl-001136.jpg,5,https://christian-digital-library-assets.gioia-zheng-stud.workers.dev/previews/cdl-001136,true,,待核实,false
cdl-001137,麦种圣经注释：箴言十五至三十一章,华尔基,,,,,中文,bible-study,圣经;注释;箴言,,,,5,,true,,待核实,false
cdl-001132,麦种圣经注释：约伯记,夏德黎,,,,,中文,bible-study,圣经;注释;约伯,,,https://christian-digital-library-assets.gioia-zheng-stud.workers.dev/covers/cdl-001132.jpg,5,https://christian-digital-library-assets.gioia-zheng-stud.workers.dev/previews/cdl-001132,true,,待核实,false
cdl-001163,麦种圣经注释：约翰书信,亚伯勒,,,,,中文,bible-study,圣经;注释,,,https://christian-digital-library-assets.gioia-zheng-stud.workers.dev/covers/cdl-001163.jpg,5,https://christian-digital-library-assets.gioia-zheng-stud.workers.dev/previews/cdl-001163,true,,待核实,false
cdl-001151,麦种圣经注释：约翰福音,卡森,,,,,中文,bible-study,圣经;注释;约翰福音,,,https://christian-digital-library-assets.gioia-zheng-stud.workers.dev/covers/cdl-001151.jpg,5,https://christian-digital-library-assets.gioia-zheng-stud.workers.dev/previews/cdl-001151,true,,待核实,false
cdl-001152,麦种圣经注释：罗马书 上,穆尔,,,,,中文,bible-study,圣经;注释;罗马书,,,https://christian-digital-library-assets.gioia-zheng-stud.workers.dev/covers/cdl-001152.jpg,5,https://christian-digital-library-assets.gioia-zheng-stud.workers.dev/previews/cdl-001152,true,,待核实,false
cdl-001153,麦种圣经注释：罗马书 下,穆尔,,,,,中文,bible-study,圣经;注释;罗马书,,,,5,,true,,待核实,false
cdl-001131,麦种圣经注释：路得记,哈伯德,,,,,中文,bible-study,圣经;注释;路得记,,,https://christian-digital-library-assets.gioia-zheng-stud.workers.dev/covers/cdl-001131.jpg,5,https://christian-digital-library-assets.gioia-zheng-stud.workers.dev/previews/cdl-001131,true,,待核实,false
cdl-001150,麦种圣经注释：马太福音,卡森,,,,,中文,bible-study,圣经;注释;马太福音,,,,5,,true,,待核实,false
cdl-001167,麦种基督教要义,加尔文,,,,,中文,theology,基督,,,https://christian-digital-library-assets.gioia-zheng-stud.workers.dev/covers/cdl-001167.jpg,5,https://christian-digital-library-assets.gioia-zheng-stud.workers.dev/previews/cdl-001167,true,,待核实,false
cdl-006959,麦葛福：认识三一神论,,,,,,中文,other,,,,,5,,true,,待核实,false
cdl-006961,麦道卫：为什么真爱需要等待,,,,,,中文,other,,,,,5,,true,,待核实,false
cdl-006962,铁证待判,麦道卫（Josh McDowell）,麦道卫（Josh McDowell）是美国基督教护教学作家和讲员，长期从事校园事工与信仰辩护，作品关注圣经可靠性、基督复活与基督教信仰证据。,韩伟,宗教文化出版社,1996,中文,theology,护教;信仰辩护;圣经可靠性;基督论,本书汇集基督教护教学资料，讨论圣经可靠性、耶稣基督的身份与复活等主题，帮助读者从历史和理性角度认识基督信仰。,,,5,,true,,版权受保护,false
cdl-006963,麦金泰：隐秘的祷告生活,the hidden life of prayer,,,,,中文,spiritual-life,祷告,,,,5,,true,,待核实,false
cdl-006964,黄丽彰 婚姻辅导解构,,,,,,中文,pastoral,辅导,,,,5,,true,,待核实,false
cdl-006965,黄国坤 天国的拓荒者,六位华人宣教士专访,,,,,中文,other,,,,,5,,true,,待核实,false
cdl-006966,基督论,黄彼得,,,,,中文,theology,神学;基督论,,,,5,,true,,待核实,false
cdl-001110,黄朱伦,雅歌,,,,,中文,other,,,,,5,,true,,待核实,false
cdl-001632,冲突与和谐,黄玉明,,,,,中文,pastoral,,,,https://christian-digital-library-assets.gioia-zheng-stud.workers.dev/covers/cdl-001632.jpg,5,https://christian-digital-library-assets.gioia-zheng-stud.workers.dev/previews/cdl-001632,true,,待核实,false
cdl-006968,神爱世人,黄聿源,,,,,中文,theology,,,,,5,,true,,待核实,false
cdl-006969,黄色枷锁,,,,,,中文,other,,,,,5,,true,,待核实,false
cdl-002147,黄金屋,罗悟,,,,,中文,other,,,,,5,,true,,待核实,false
cdl-002240,黎明路上：灵修日志,卢云,,,,,中文,spiritual-life,灵修,,,,5,,true,,待核实,false
cdl-002370,黑暗与光明：以弗所书第四章十七节至五章十七节,钟马田,,,,,中文,bible-study,以弗所,,,,5,,true,,待核实,false
cdl-001748,黑白分明：基督教伦理纵横谈,罗秉祥,,,,,中文,theology,基督,,,https://christian-digital-library-assets.gioia-zheng-stud.workers.dev/covers/cdl-001748.jpg,5,https://christian-digital-library-assets.gioia-zheng-stud.workers.dev/previews/cdl-001748,true,,待核实,false
cdl-006974,默想旧约希伯来文365,,,,,,中文,bible-study,旧约,,,,5,,true,,待核实,false
cdl-002242,默想约翰福音：我们得见祂的荣耀,史百克,,,,,中文,bible-study,约翰福音,,,,5,,true,,待核实,false
cdl-001756,默想诗篇,康培 摩根,,,,,中文,bible-study,诗篇,,,https://christian-digital-library-assets.gioia-zheng-stud.workers.dev/covers/cdl-001756.jpg,5,https://christian-digital-library-assets.gioia-zheng-stud.workers.dev/previews/cdl-001756,true,,待核实,false
cdl-002108,默观生活探秘,Thomas Merton,,,,,中文,other,,,,,5,,true,,待核实,false
cdl-006975,龙与上帝—基督教与中国传统文化,,,,,,中文,theology,上帝;基督,,,,5,,true,,待核实,false
cdl-001017,1550年前中国基督教会史,穆尔,,,,,中文,church-history,教会史,,,,5,,true,,待核实,false
cdl-001027,1883年约翰传福音书,,,,,,中文,missions,传福音,,,https://christian-digital-library-assets.gioia-zheng-stud.workers.dev/covers/cdl-001027.jpg,5,https://christian-digital-library-assets.gioia-zheng-stud.workers.dev/previews/cdl-001027,true,,待核实,false
cdl-001078,2011年冬季号：对守望教会户外敬拜事件的反思,,,,,,中文,spiritual-life,敬拜,,,,5,,true,,待核实,false
cdl-001079,2011年夏季号,历史的反思,,,,,中文,other,,,,https://christian-digital-library-assets.gioia-zheng-stud.workers.dev/covers/cdl-001079.jpg,5,https://christian-digital-library-assets.gioia-zheng-stud.workers.dev/previews/cdl-001079,true,,待核实,false
cdl-001080,2011年秋季号：守望教会户外敬拜,,,,,,中文,spiritual-life,敬拜,,,https://christian-digital-library-assets.gioia-zheng-stud.workers.dev/covers/cdl-001080.jpg,5,https://christian-digital-library-assets.gioia-zheng-stud.workers.dev/previews/cdl-001080,true,,待核实,false
cdl-001081,2012年冬季号：教会建造与文化处境,,,,,,中文,theology,教会,,,,5,,true,,待核实,false
cdl-001082,2012年春夏合刊：传扬福音,,,,,,中文,other,,,,,5,,true,,待核实,false
cdl-001083,2012年秋季号,生命的造就与牧养,,,,,中文,other,,,,https://christian-digital-library-assets.gioia-zheng-stud.workers.dev/covers/cdl-001083.jpg,5,https://christian-digital-library-assets.gioia-zheng-stud.workers.dev/previews/cdl-001083,true,,待核实,false
cdl-001450,70X变焦读旧约,邓启耀,,,,,中文,bible-study,旧约,,,,5,,true,,待核实,false
cdl-001170,认识预定论,史普罗（R. C. Sproul）,,,,,中文,theology,预定论;改革宗;神学,,,,5,,true,,待核实,false
cdl-001482,真道初阶,亚伯拉罕·海伦堡,,,,,中文,theology,教义问答;改革宗;基础信仰,本书以问答方式阐释基督教基本教义，适合作为信仰入门与教义学习材料。,,,5,,true,,待核实,false
cdl-001486,圣教论,,,,,,中文,other,,,,,5,,true,,待核实,false
cdl-001488,尼各马可伦理学,,,,,,中文,culture-society,伦理,,,https://christian-digital-library-assets.gioia-zheng-stud.workers.dev/covers/cdl-001488.jpg,5,https://christian-digital-library-assets.gioia-zheng-stud.workers.dev/previews/cdl-001488,true,,待核实,false
cdl-001489,论老年、论友谊、论责任,西塞罗,,,,,中文,other,古典;哲学,,,,5,,true,,待核实,false
cdl-001490,论老年 论友谊 论责任,,,,,,中文,other,,,,,5,,true,,待核实,false
cdl-001487,第三千禧年神学教育资源中心介绍（彩页）,,,,,,中文,theology,神学教育;第三千禧年;资源介绍,,,https://christian-digital-library-assets.gioia-zheng-stud.workers.dev/covers/cdl-001487.jpg,2,https://christian-digital-library-assets.gioia-zheng-stud.workers.dev/previews/cdl-001487,true,,待核实,false
cdl-001491,得胜者与失败者,,,,,,中文,spiritual-life,属灵生命;门徒训练,,,https://christian-digital-library-assets.gioia-zheng-stud.workers.dev/covers/cdl-001491.jpg,5,https://christian-digital-library-assets.gioia-zheng-stud.workers.dev/previews/cdl-001491,true,,待核实,false
cdl-001492,春夏秋冬52课,,,,,,中文,spiritual-life,课程;灵修;门徒训练,,,https://christian-digital-library-assets.gioia-zheng-stud.workers.dev/covers/cdl-001492.jpg,5,https://christian-digital-library-assets.gioia-zheng-stud.workers.dev/previews/cdl-001492,true,,待核实,false
cdl-004310,基督教信仰实义,唐崇平,,,,,中文,theology,基督教信仰;基础神学;信仰入门,,,,5,,true,,待核实,false
cdl-004311,基督教信仰实义,唐崇平,,,,,中文,theology,基督教信仰;基础神学;信仰入门,,,,5,,true,,待核实,false
cdl-001493,逃离亲密,Anne Wilson Schaef,,,,,中文,culture-society,心理学;关系;亲密关系,本书探讨亲密关系中的心理模式与逃避机制，适合作为关系与自我认识方面的参考资料。,,,5,,true,,待核实,false
cdl-001494,A货信徒,克雷格·格罗舍尔,,,,,中文,spiritual-life,信仰反思;门徒训练;属灵生命,,,,5,,true,,待核实,false
cdl-001495,合神心意的家庭,刘志雄,,,,,中文,family-ministry,家庭;婚姻;亲子;刘志雄,,,https://christian-digital-library-assets.gioia-zheng-stud.workers.dev/covers/cdl-001495.jpg,5,https://christian-digital-library-assets.gioia-zheng-stud.workers.dev/previews/cdl-001495,true,,待核实,false
cdl-001496,按照圣经孝敬父母,刘志雄,,,,,中文,family-ministry,孝敬父母;家庭;圣经教导;刘志雄,,,https://christian-digital-library-assets.gioia-zheng-stud.workers.dev/covers/cdl-001496.jpg,5,https://christian-digital-library-assets.gioia-zheng-stud.workers.dev/previews/cdl-001496,true,,待核实,false
cdl-001497,意大利文艺复兴时期的文化,,,,,,中文,culture-society,文化,,,,5,,true,,待核实,false
cdl-001498,罗马史 上卷,,,,,,中文,other,,,,,5,,true,,待核实,false
cdl-001499,罗马史 下卷,,,,,,中文,other,,,,https://christian-digital-library-assets.gioia-zheng-stud.workers.dev/covers/cdl-001499.jpg,5,https://christian-digital-library-assets.gioia-zheng-stud.workers.dev/previews/cdl-001499,true,,待核实,false
cdl-001500,英吉利教会史,,,,,,中文,church-history,教会史,,,https://christian-digital-library-assets.gioia-zheng-stud.workers.dev/covers/cdl-001500.jpg,5,https://christian-digital-library-assets.gioia-zheng-stud.workers.dev/previews/cdl-001500,true,,待核实,false
cdl-001502,信徒之家,,,,,,中文,spiritual-life,信徒;生命成长,,,,5,,true,,待核实,false
cdl-001516,舊約中的基督（上）,,,,,,中文,bible-study,舊約;基督;圣经研究,,,https://christian-digital-library-assets.gioia-zheng-stud.workers.dev/covers/cdl-001516.jpg,5,https://christian-digital-library-assets.gioia-zheng-stud.workers.dev/previews/cdl-001516,true,,待核实,false
cdl-001517,舊約中的基督（下）,,,,,,中文,bible-study,舊約;基督;圣经研究,,,,5,,true,,待核实,false
cdl-001501,为真道而战：提摩太后书的信息,斯托得,,,,,中文,bible-study,提摩太后书;新约;圣经信息,,,,5,,true,,待核实,false
cdl-001503,国际释经应用：创世记（卷上）,约翰·华尔顿,,,,,中文,bible-study,释经;创世记;国际释经应用,,,https://christian-digital-library-assets.gioia-zheng-stud.workers.dev/covers/cdl-001503.jpg,5,https://christian-digital-library-assets.gioia-zheng-stud.workers.dev/previews/cdl-001503,true,,待核实,false
cdl-001504,国际释经应用：创世记（卷下）,约翰·华尔顿,,,,,中文,bible-study,释经;创世记;国际释经应用,,,https://christian-digital-library-assets.gioia-zheng-stud.workers.dev/covers/cdl-001504.jpg,5,https://christian-digital-library-assets.gioia-zheng-stud.workers.dev/previews/cdl-001504,true,,待核实,false
cdl-001506,国际释经应用：约翰福音（卷上）,白基,,,,,中文,bible-study,释经;约翰福音;国际释经应用,,,,5,,true,,待核实,false
cdl-001507,国际释经应用：约翰福音（卷下）,白基,,,,,中文,bible-study,释经;约翰福音;国际释经应用,,,https://christian-digital-library-assets.gioia-zheng-stud.workers.dev/covers/cdl-001507.jpg,5,https://christian-digital-library-assets.gioia-zheng-stud.workers.dev/previews/cdl-001507,true,,待核实,false
cdl-001512,奇異恩典：聖靈與救贖,,,,,,中文,theology,聖靈;救贖;神学,,,https://christian-digital-library-assets.gioia-zheng-stud.workers.dev/covers/cdl-001512.jpg,5,https://christian-digital-library-assets.gioia-zheng-stud.workers.dev/previews/cdl-001512,true,,待核实,false
cdl-001522,教会简讯（2013年8月）,,,,,,中文,other,简讯;教会资料,,,,5,,true,,待核实,false
cdl-001523,教会简讯（2014年3月）,,,,,,中文,other,简讯;教会资料,,,https://christian-digital-library-assets.gioia-zheng-stud.workers.dev/covers/cdl-001523.jpg,5,https://christian-digital-library-assets.gioia-zheng-stud.workers.dev/previews/cdl-001523,true,,待核实,false
cdl-001524,教会简讯（2014年9月）,,,,,,中文,other,简讯;教会资料,,,https://christian-digital-library-assets.gioia-zheng-stud.workers.dev/covers/cdl-001524.jpg,5,https://christian-digital-library-assets.gioia-zheng-stud.workers.dev/previews/cdl-001524,true,,待核实,false
cdl-001525,教会简讯（2015年3月）,,,,,,中文,other,简讯;教会资料,,,,5,,true,,待核实,false
cdl-001526,教会简讯（2015年8月）,,,,,,中文,other,简讯;教会资料,,,,5,,true,,待核实,false
cdl-001527,教会简讯（2016年7月）,,,,,,中文,other,简讯;教会资料,,,https://christian-digital-library-assets.gioia-zheng-stud.workers.dev/covers/cdl-001527.jpg,5,https://christian-digital-library-assets.gioia-zheng-stud.workers.dev/previews/cdl-001527,true,,待核实,false
cdl-001528,布道对谈：小组研习十二课,理查·皮斯,,,,,中文,missions,布道;小组;福音;研习,,,https://christian-digital-library-assets.gioia-zheng-stud.workers.dev/covers/cdl-001528.jpg,5,https://christian-digital-library-assets.gioia-zheng-stud.workers.dev/previews/cdl-001528,true,,待核实,false
cdl-004185,地狱来鸿,C.S.路易斯,,,,,中文,other,,,,,5,,true,,待核实,false
cdl-004186,地狱来鸿,C.S.路易斯,,,,,中文,other,,,,,5,,true,,待核实,false
cdl-000023,C.S. 路易斯：天赋奇才，勉为先知,阿利斯特·麦格拉斯,,,,,中文,church-history,鲁益师;传记;护教学;文学,,,https://christian-digital-library-assets.gioia-zheng-stud.workers.dev/covers/cdl-000023.jpg,5,https://christian-digital-library-assets.gioia-zheng-stud.workers.dev/previews/cdl-000023,true,,待核实,false
cdl-000150,切今之事（二）,C. S. 路易斯,,,,,中文,culture-society,基督教思想;文化评论;C. S. 路易斯,,,https://christian-digital-library-assets.gioia-zheng-stud.workers.dev/covers/cdl-000150.jpg,5,https://christian-digital-library-assets.gioia-zheng-stud.workers.dev/previews/cdl-000150,true,,待核实,false
cdl-001518,上帝的本性 上帝的名字 上帝的属性,BDTA,,,,,中文,theology,上帝,,,,5,,true,,待核实,false
cdl-001529,神学政治论,,,,,,中文,theology,神学,,,,5,,true,,待核实,false
cdl-001530,圣西门选集 第一卷,,,,,,中文,other,,,,,5,,true,,待核实,false
cdl-001531,圣西门选集 第三卷,,,,,,中文,other,,,,https://christian-digital-library-assets.gioia-zheng-stud.workers.dev/covers/cdl-001531.jpg,5,https://christian-digital-library-assets.gioia-zheng-stud.workers.dev/previews/cdl-001531,true,,待核实,false
cdl-001532,圣西门选集 第二卷,,,,,,中文,other,,,,https://christian-digital-library-assets.gioia-zheng-stud.workers.dev/covers/cdl-001532.jpg,5,https://christian-digital-library-assets.gioia-zheng-stud.workers.dev/previews/cdl-001532,true,,待核实,false
cdl-001533,社会主义神髓,,,,,,中文,culture-society,社会,,,,5,,true,,待核实,false
cdl-001534,利维坦,,,,,,中文,other,,,,,5,,true,,待核实,false
cdl-001535,面包与自由,,,,,,中文,other,,,,https://christian-digital-library-assets.gioia-zheng-stud.workers.dev/covers/cdl-001535.jpg,5,https://christian-digital-library-assets.gioia-zheng-stud.workers.dev/previews/cdl-001535,true,,待核实,false
cdl-001536,基督城,,,,,,中文,theology,基督,,,https://christian-digital-library-assets.gioia-zheng-stud.workers.dev/covers/cdl-001536.jpg,5,https://christian-digital-library-assets.gioia-zheng-stud.workers.dev/previews/cdl-001536,true,,待核实,false
cdl-001537,儒教与道教,,,,,,中文,other,,,,,5,,true,,待核实,false
cdl-001519,教会资料（C19）,BDTA,,,,,中文,other,教会资料,,,https://christian-digital-library-assets.gioia-zheng-stud.workers.dev/covers/cdl-001519.jpg,5,https://christian-digital-library-assets.gioia-zheng-stud.workers.dev/previews/cdl-001519,true,,待核实,false
cdl-001520,祷告,BDTA,,,,,中文,spiritual-life,祷告;灵修,,,https://christian-digital-library-assets.gioia-zheng-stud.workers.dev/covers/cdl-001520.jpg,5,https://christian-digital-library-assets.gioia-zheng-stud.workers.dev/previews/cdl-001520,true,,待核实,false
cdl-001521,教会历史 加尔文主义五要点 恩典的管道：上帝的话语及圣礼,BDTA,,,,,中文,church-history,历史,,,,5,,true,,待核实,false
cdl-001538,发现母亲（上册）,王东华,,,,,中文,culture-society,母亲;家庭;文化,,,,5,,true,,待核实,false
cdl-005079,我能知道神的旨意吗,司布尔,,,,,中文,spiritual-life,,,,,5,,true,,待核实,false
cdl-001539,提摩太行动（一）：追寻真道,CBMC美国总会,,,,,中文,bible-study,提摩太;门徒训练;真道;课程,,,,0,,true,,待核实,false
cdl-001540,cc1203深入牧养与小组,,,,,,中文,pastoral,牧养,,,https://christian-digital-library-assets.gioia-zheng-stud.workers.dev/covers/cdl-001540.jpg,5,https://christian-digital-library-assets.gioia-zheng-stud.workers.dev/previews/cdl-001540,true,,待核实,false
cdl-001541,cc1207文化使命与新约的福音使命,,,,,,中文,bible-study,新约,,,,5,,true,,待核实,false
cdl-001542,cc1305为基督为教会,,,,,,中文,theology,基督;教会,,,,5,,true,,待核实,false
cdl-001543,CLICK进少年心,,,,,,中文,family-ministry,青少年;辅导;家庭;牧养,,,https://christian-digital-library-assets.gioia-zheng-stud.workers.dev/covers/cdl-001543.jpg,5,https://christian-digital-library-assets.gioia-zheng-stud.workers.dev/previews/cdl-001543,true,,待核实,false
cdl-001544,以弗所书注释,约翰·加尔文（John Calvin）,,,,,中文,bible-study,圣经;新约;以弗所书;注释;加尔文,,,https://christian-digital-library-assets.gioia-zheng-stud.workers.dev/covers/cdl-001544.jpg,5,https://christian-digital-library-assets.gioia-zheng-stud.workers.dev/previews/cdl-001544,true,,待核实,false
cdl-001545,罗马书注释,约翰·加尔文（John Calvin）,,,,,中文,bible-study,圣经;新约;罗马书;注释;加尔文,,,,5,,true,,待核实,false
cdl-001546,忏悔录,奥古斯丁,,,,,中文,church-history,奥古斯丁;教父;灵修经典;教会历史,《忏悔录》是奥古斯丁回顾生命、罪、恩典与归信经历的经典著作，也是教会历史中的重要灵修文本。,,,5,,true,,待核实,false
cdl-001547,C型观点：基督徒改变社会的行动力（第二版）,,,,,,中文,culture-society,基督徒行动;社会参与;公共信仰,,,https://christian-digital-library-assets.gioia-zheng-stud.workers.dev/covers/cdl-001547.jpg,5,https://christian-digital-library-assets.gioia-zheng-stud.workers.dev/previews/cdl-001547,true,,待核实,false
cdl-001548,自然价值,,,,,,中文,other,,,,https://christian-digital-library-assets.gioia-zheng-stud.workers.dev/covers/cdl-001548.jpg,5,https://christian-digital-library-assets.gioia-zheng-stud.workers.dev/previews/cdl-001548,true,,待核实,false
cdl-001549,贫困与饥荒,,,,,,中文,other,,,,,5,,true,,待核实,false
cdl-001550,资本主义经济制度,,,,,,中文,other,,,,,5,,true,,待核实,false
cdl-001655,E·M 温德尔 女性主义神学景观,,,,,,中文,theology,神学,,,https://christian-digital-library-assets.gioia-zheng-stud.workers.dev/covers/cdl-001655.jpg,5,https://christian-digital-library-assets.gioia-zheng-stud.workers.dev/previews/cdl-001655,true,,待核实,false
cdl-005289,敬拜的真义,,,,,,中文,theology,敬拜;神学,,,,5,,true,,待核实,false
cdl-001656,婚姻下半场：面对空巢期的八个挑战,,,,麦种传道会,,中文,family-ministry,婚姻;空巢期;家庭;辅导,,,https://christian-digital-library-assets.gioia-zheng-stud.workers.dev/covers/cdl-001656.jpg,5,https://christian-digital-library-assets.gioia-zheng-stud.workers.dev/previews/cdl-001656,true,,待核实,false
cdl-001657,成功辅导学,杰伊·亚当斯,,,,,中文,pastoral,辅导;圣经辅导;牧养,,,,5,,true,,待核实,false
cdl-001658,腓立比书：仆人的生命与事奉,黄朱伦,,,明道社,,中文,bible-study,腓立比书;研经;新约;生命与事奉,,,,5,,true,,待核实,false
cdl-001659,腓立比书注释,戈登·费依,,,麦种传道会,,中文,bible-study,腓立比书;新约;注释;保罗书信,,,https://christian-digital-library-assets.gioia-zheng-stud.workers.dev/covers/cdl-001659.jpg,5,https://christian-digital-library-assets.gioia-zheng-stud.workers.dev/previews/cdl-001659,true,,待核实,false
cdl-001660,gospel2013 道路真理生命 特刊,,,,,,中文,other,,,,https://christian-digital-library-assets.gioia-zheng-stud.workers.dev/covers/cdl-001660.jpg,5,https://christian-digital-library-assets.gioia-zheng-stud.workers.dev/previews/cdl-001660,true,,待核实,false
cdl-001661,丰盛的恩典,约翰·班扬（John Bunyan）,,,,,中文,spiritual-life,恩典;见证;灵修;约翰班扬,,,,5,,true,,待核实,false
cdl-001562,实用解经学讲义,张西平,,,,,中文,bible-study,解经学;释经;圣经研究,本讲义介绍圣经解释的基本原则与方法，帮助读者更稳妥地理解经文。,,,5,,true,,待核实,false
cdl-001662,婚前辅导,,,,,,中文,family-ministry,婚前辅导;婚姻;家庭;牧养,,,,5,,true,,待核实,false
cdl-002461,约翰福音11:1—10,,,,,,中文,bible-study,圣经;新约;约翰福音;查经,,,,5,,true,,待核实,false
cdl-002462,约翰福音11:11—27,,,,,,中文,bible-study,圣经;新约;约翰福音;查经,,,,5,,true,,待核实,false
cdl-001570,约翰一二三书——麦克阿瑟新约注释,约翰·麦克阿瑟,,,,,中文,bible-study,新约;约翰书信;注释;麦克阿瑟,本书注释约翰一书、约翰二书与约翰三书，帮助读者理解真理、爱心、团契与信仰确据等主题。,,,5,,true,,待核实,false
cdl-001551,真理的脚踪：约翰福音诠释,马有藻,,,,,中文,bible-study,约翰福音;新约;释经;福音书,本书围绕约翰福音的经文脉络与神学主题展开，帮助读者认识耶稣的身份与福音信息。,,https://christian-digital-library-assets.gioia-zheng-stud.workers.dev/covers/cdl-001551.jpg,5,https://christian-digital-library-assets.gioia-zheng-stud.workers.dev/previews/cdl-001551,true,,待核实,false
cdl-001663,加拉太书——圣经精读丛书,陈思瀚,,,,,中文,bible-study,加拉太书;新约;圣经精读;保罗书信,,,https://christian-digital-library-assets.gioia-zheng-stud.workers.dev/covers/cdl-001663.jpg,5,https://christian-digital-library-assets.gioia-zheng-stud.workers.dev/previews/cdl-001663,true,,待核实,false
cdl-001664,基督徒须知,巴刻,,,,,中文,theology,基础信仰;神学入门;基督徒生活,,,https://christian-digital-library-assets.gioia-zheng-stud.workers.dev/covers/cdl-001664.jpg,5,https://christian-digital-library-assets.gioia-zheng-stud.workers.dev/previews/cdl-001664,true,,待核实,false
cdl-001665,成功的家庭小组,赵镛基,,,,,中文,family-ministry,家庭小组;小组牧养;教会生活,,,,5,,true,,待核实,false
cdl-001666,圣经讲章宝库：创世记（一）,,,,,,中文,bible-study,创世记;讲章;旧约;圣经讲道,,,,5,,true,,待核实,false
cdl-001667,脱胎换骨得自由：加拉太书,曾思瀚,,,,,中文,bible-study,加拉太书;自由;保罗书信;新约,,,https://christian-digital-library-assets.gioia-zheng-stud.workers.dev/covers/cdl-001667.jpg,5,https://christian-digital-library-assets.gioia-zheng-stud.workers.dev/previews/cdl-001667,true,,待核实,false
cdl-001668,攻克己身：如何胜过罪,Kris Lundgaard,,,,,中文,spiritual-life,胜过罪;成圣;属灵生命;清教徒,,,https://christian-digital-library-assets.gioia-zheng-stud.workers.dev/covers/cdl-001668.jpg,5,https://christian-digital-library-assets.gioia-zheng-stud.workers.dev/previews/cdl-001668,true,,待核实,false
cdl-001669,鼓励孩子用功念书的技巧,多湖辉,,,,,中文,family-ministry,亲子;学习;教育;家庭,,,,5,,true,,待核实,false
cdl-001670,罗马人的福音：原文释经,马有藻,,,,,中文,bible-study,罗马书;新约;释经;福音,,,,5,,true,,待核实,false
cdl-001671,向全能者抗辩：论约伯记,古斯塔沃·古铁雷斯,,,,,中文,bible-study,约伯记;旧约;苦难;解放神学,,,https://christian-digital-library-assets.gioia-zheng-stud.workers.dev/covers/cdl-001671.jpg,5,https://christian-digital-library-assets.gioia-zheng-stud.workers.dev/previews/cdl-001671,true,,待核实,false
cdl-002001,使徒行传注释,,,,,,中文,bible-study,注释;使徒行传,,,,5,,true,,待核实,false
cdl-002002,亚洲处境与圣经诠释,,,,,,中文,bible-study,圣经,,,,5,,true,,待核实,false
cdl-002005,教会增长之钥,,,,,,中文,theology,教会,,,,5,,true,,待核实,false
cdl-002006,创造真爱的五项修炼 两性沟通秘籍,,,,,,中文,other,,,,,5,,true,,待核实,false
cdl-002011,创造神学,,,,,,中文,theology,神学,,,,5,,true,,待核实,false
cdl-002012,圣经综览 青少年版,,,,,,中文,bible-study,圣经,,,,5,,true,,待核实,false
cdl-002018,教育事奉的更新,,,,,,中文,other,,,,,5,,true,,待核实,false
cdl-002021,认识生命伦理学,,,,,,中文,culture-society,伦理,,,,5,,true,,待核实,false
cdl-002026,被钉的神 新约的独一神论与基督论,,,,,,中文,other,,,,,5,,true,,待核实,false
cdl-002027,系统神学 基督教教义精要(上册),,,,,,中文,theology,神学;教义;系统神学,,,,5,,true,,待核实,false
cdl-002029,新约新语,,,,,,中文,bible-study,新约;圣经研究,,,,5,,true,,待核实,false
cdl-002246,21世纪保罗书信辞典（下册）,霍桑（Gerald F. Hawthorne）、马挺（Ralph P. Martin）、里德（Daniel G. Reid）,霍桑（Gerald F. Hawthorne）是新约学者，曾任惠顿学院希腊文教授。马挺（Ralph P. Martin，1925-2013）是英国新约学者，研究保罗书信和早期基督教敬拜。里德（Daniel G. Reid）长期参与 IVP 圣经辞典与参考书编辑工作。,杨长慧,校园书房出版社,2008,中文,reference,保罗书信;新约;辞典;参考书,本辞典围绕保罗及其书信，收录相关历史、文学、神学与释经主题文章，是研读保罗书信的重要参考工具。,,,5,,true,,版权受保护,false
cdl-002460,基督教神学概论,路易斯·伯克富（Louis Berkhof）,,,,,中文,theology,神学;系统神学;教义,,,,5,,true,,待核实,false
cdl-002569,耶稣领导的风范,迈克尔·尤素福（Michael Youssef）,,,,,中文,pastoral,领导力;事奉;门徒训练,,,,5,,true,,待核实,false
cdl-002463,亚洲基督教史,萨缪尔·莫菲特,,,,,中文,church-history,亚洲教会史;基督教史;宣教史,本书梳理亚洲基督教的发展历程，关注福音在不同地区、文化与时代中的传播。,,,5,,true,,待核实,false
cdl-002464,受伤的牧者,Guy Greenfield,,,华神,,中文,pastoral,牧养;牧者关怀;教会事奉;辅导,本书关注牧者在事奉中的压力、伤害与恢复，帮助教会理解牧养者的需要。,,,5,,true,,待核实,false
cdl-002465,帖撒罗尼迦前后书注释,,,,,,中文,bible-study,注释,,,,5,,true,,待核实,false
cdl-002466,彼得前书注释,,,,,,中文,bible-study,注释;彼得前,,,,5,,true,,待核实,false
cdl-002467,约翰一，二三书注释,,,,,,中文,bible-study,注释,,,,5,,true,,待核实,false
cdl-002468,腓立比书注释,,,,,,中文,bible-study,注释;腓立比,,,,5,,true,,待核实,false
cdl-002469,国际释经应用系列：路加福音,,,,,,中文,bible-study,路加福音,,,,5,,true,,待核实,false
cdl-003404,国际释经应用系列：出埃及記上,,,,,,中文,bible-study,释经;出埃及記,,,,5,,true,,待核实,false
cdl-003405,国际释经应用系列：出埃及記上,,,,,,中文,bible-study,释经;出埃及記,,,,5,,true,,待核实,false
cdl-003406,国际释经应用系列：出埃及記下,,,,,,中文,bible-study,释经;出埃及記,,,,5,,true,,待核实,false
cdl-003407,国际释经应用系列：出埃及記下,,,,,,中文,bible-study,释经;出埃及記,,,,5,,true,,待核实,false
cdl-002470,新约资料（2011年10月）,,,,,,中文,bible-study,新约;资料,,,,5,,true,,待核实,false
cdl-002471,天之道—太福01,,,,,,中文,other,,,,,5,,true,,待核实,false
cdl-002472,天之道—太福02,,,,,,中文,other,,,,,5,,true,,待核实,false
cdl-002473,天之道—太福03,,,,,,中文,other,,,,,5,,true,,待核实,false
cdl-002474,天之道—太福04,,,,,,中文,other,,,,,5,,true,,待核实,false
cdl-002475,天之道—太福05,,,,,,中文,other,,,,,5,,true,,待核实,false
cdl-002476,天之道—太福06,,,,,,中文,other,,,,,5,,true,,待核实,false
cdl-002477,天之道—太福07,,,,,,中文,other,,,,,5,,true,,待核实,false
cdl-002478,(下)新圣注(下)01,,,,,,中文,other,,,,,5,,true,,待核实,false
cdl-002479,(下)新圣注(下)02,,,,,,中文,other,,,,,5,,true,,待核实,false
cdl-002480,(下)新圣注(下)03,,,,,,中文,other,,,,,5,,true,,待核实,false
cdl-002481,(下)新圣注(下)04,,,,,,中文,other,,,,,5,,true,,待核实,false
cdl-002482,(下)新圣注(下)05,,,,,,中文,other,,,,,5,,true,,待核实,false
cdl-002483,(下)新圣注(下)06,,,,,,中文,other,,,,,5,,true,,待核实,false
cdl-002484,(下)新圣注(下)07,,,,,,中文,other,,,,,5,,true,,待核实,false
cdl-002485,(下)新圣注(下)08,,,,,,中文,other,,,,,5,,true,,待核实,false
cdl-002486,(下)新圣注(下)09,,,,,,中文,other,,,,,5,,true,,待核实,false
cdl-002487,(下)新圣注(下)10,,,,,,中文,other,,,,,5,,true,,待核实,false
cdl-002488,(下)新圣注(下)11,,,,,,中文,other,,,,,5,,true,,待核实,false
cdl-002489,(下)新圣注(下)12,,,,,,中文,other,,,,,5,,true,,待核实,false
cdl-002490,(下)新圣注(下)13,,,,,,中文,other,,,,,5,,true,,待核实,false
cdl-002491,(下)新圣注(下)14,,,,,,中文,other,,,,,5,,true,,待核实,false
cdl-002492,(下)新圣注(下)15,,,,,,中文,other,,,,,5,,true,,待核实,false
cdl-002493,(下)新圣注(下)16,,,,,,中文,other,,,,,5,,true,,待核实,false
cdl-002494,(下)新圣注(下)17,,,,,,中文,other,,,,,5,,true,,待核实,false
cdl-002495,(下)新圣注(下)18,,,,,,中文,other,,,,,5,,true,,待核实,false
cdl-002496,(下)新圣注(下)19,,,,,,中文,other,,,,,5,,true,,待核实,false
cdl-002497,新文01,,,,,,中文,other,,,,,5,,true,,待核实,false
cdl-002498,新文02,,,,,,中文,other,,,,,5,,true,,待核实,false
cdl-002499,新文03,,,,,,中文,other,,,,,5,,true,,待核实,false
cdl-002500,新文04,,,,,,中文,other,,,,,5,,true,,待核实,false
cdl-002501,新文05,,,,,,中文,other,,,,,5,,true,,待核实,false
cdl-002502,新研透01,,,,,,中文,other,,,,,5,,true,,待核实,false
cdl-002503,新研透02,,,,,,中文,other,,,,,5,,true,,待核实,false
cdl-002504,新研透03,,,,,,中文,other,,,,,5,,true,,待核实,false
cdl-002505,新研透04,,,,,,中文,other,,,,,5,,true,,待核实,false
cdl-002506,新研透05,,,,,,中文,other,,,,,5,,true,,待核实,false
cdl-002507,新研透06,,,,,,中文,other,,,,,5,,true,,待核实,false
cdl-002508,新研透07,,,,,,中文,other,,,,,5,,true,,待核实,false
cdl-002509,新研透08,,,,,,中文,other,,,,,5,,true,,待核实,false
cdl-002510,新研透09,,,,,,中文,other,,,,,5,,true,,待核实,false
cdl-002511,新研透10,,,,,,中文,other,,,,,5,,true,,待核实,false
cdl-002512,新研透11,,,,,,中文,other,,,,,5,,true,,待核实,false
cdl-002513,新研透12,,,,,,中文,other,,,,,5,,true,,待核实,false
cdl-001577,时代领导5C,安迪·史坦利,,,,,中文,pastoral,领导力;事奉;牧养;教会管理,,,,5,,true,,待核实,false
cdl-002514,五彩01,,,,,,中文,other,,,,,5,,true,,待核实,false
cdl-002515,五彩02,,,,,,中文,other,,,,,5,,true,,待核实,false
cdl-002516,五彩03,,,,,,中文,other,,,,,5,,true,,待核实,false
cdl-002517,五彩缤纷 (旧约五小卷;贝利魏),merged,,,,,中文,bible-study,旧约,,,,5,,true,,待核实,false
cdl-002518,1智慧文01,,,,,,中文,other,,,,,5,,true,,待核实,false
cdl-002519,1智慧文02,,,,,,中文,other,,,,,5,,true,,待核实,false
cdl-002520,1智慧文03,,,,,,中文,other,,,,,5,,true,,待核实,false
cdl-002521,1智慧文04,,,,,,中文,other,,,,,5,,true,,待核实,false
cdl-002522,我们的合理信仰,赫尔曼·巴文克（Herman Bavinck）,,,,,中文,theology,神学;改革宗;信仰概论,,,,5,,true,,待核实,false
cdl-002523,靠主应许养育儿女：如何在恩约中养儿育女,周毕克,,,,,中文,family-ministry,亲子;家庭;恩约;基督教教育,周毕克从改革宗恩约视角讨论养育儿女，帮助父母在家庭中实践信仰教导与属灵陪伴。,,,5,,true,,待核实,false
cdl-002524,直面基督拯救之教义的儒家理解,黄保罗,,,,,中文,theology,救赎论;儒家;汉语神学;比较神学,本书讨论儒家思想如何理解基督教拯救教义，关注汉语语境中的神学对话。,,,5,,true,,待核实,false
cdl-002525,耶鲁的上帝与人,威廉·巴克利,,,,,中文,culture-society,信仰与大学;保守主义;教育;西方思想,,,,5,,true,,待核实,false
cdl-001084,尽心认识神（一）：导论,,,,,,中文,spiritual-life,认识神;门徒训练;课程,,,https://christian-digital-library-assets.gioia-zheng-stud.workers.dev/covers/cdl-001084.jpg,5,https://christian-digital-library-assets.gioia-zheng-stud.workers.dev/previews/cdl-001084,true,,待核实,false
cdl-001085,尽心认识神（二）：创造,,,,,,中文,spiritual-life,认识神;创造;门徒训练;课程,,,,5,,true,,待核实,false
cdl-001086,尽心认识神（三）：力量,,,,,,中文,spiritual-life,认识神;门徒训练;课程,,,,5,,true,,待核实,false
cdl-001087,尽心认识神（四）：架构,,,,,,中文,spiritual-life,认识神;门徒训练;课程,,,https://christian-digital-library-assets.gioia-zheng-stud.workers.dev/covers/cdl-001087.jpg,5,https://christian-digital-library-assets.gioia-zheng-stud.workers.dev/previews/cdl-001087,true,,待核实,false
cdl-001088,尽心认识神（五）：更新与改变,,,,,,中文,spiritual-life,认识神;更新;门徒训练;课程,,,https://christian-digital-library-assets.gioia-zheng-stud.workers.dev/covers/cdl-001088.jpg,5,https://christian-digital-library-assets.gioia-zheng-stud.workers.dev/previews/cdl-001088,true,,待核实,false
cdl-001089,尽心认识神（六）：核心情感需要,,,,,,中文,spiritual-life,认识神;情感;门徒训练;课程,,,,5,,true,,待核实,false
cdl-001090,尽心认识神（七）：家庭灵修,,,,,,中文,spiritual-life,认识神;家庭;灵修;课程,,,,5,,true,,待核实,false
cdl-001091,尽心认识神（八）：亲子时间,,,,,,中文,spiritual-life,认识神;亲子;家庭;课程,,,https://christian-digital-library-assets.gioia-zheng-stud.workers.dev/covers/cdl-001091.jpg,5,https://christian-digital-library-assets.gioia-zheng-stud.workers.dev/previews/cdl-001091,true,,待核实,false
cdl-001553,罗马人的福音：罗马书原文诠释,马有藻,,,,,中文,bible-study,罗马书;新约;释经;福音,,,,5,,true,,待核实,false
cdl-001566,救恩真理辩释,马有藻,,,,,中文,theology,救恩;救恩论;护教学;神学,,,,5,,true,,待核实,false
cdl-002528,3真理异端真辨01,,,,,,中文,other,,,,,5,,true,,待核实,false
cdl-002529,3真理异端真辨02,,,,,,中文,other,,,,,5,,true,,待核实,false
cdl-002530,3真理异端真辨02,,,,,,中文,other,,,,,5,,true,,待核实,false
cdl-002531,3真理异端真辨03,,,,,,中文,other,,,,,5,,true,,待核实,false
cdl-002532,3真理异端真辨04,,,,,,中文,other,,,,,5,,true,,待核实,false
cdl-002533,3真理异端真辨05,,,,,,中文,other,,,,,5,,true,,待核实,false
cdl-002539,从神学观点看灵恩派,约翰·麦克阿瑟（John MacArthur）,,,,,中文,theology,灵恩派;圣灵;教义辨析;神学,,,,5,,true,,待核实,false
cdl-002540,悔改真义,,,,,,中文,spiritual-life,悔改;灵修;信仰生活,本书讨论悔改的含义、必要性与属灵生命中的实践。,,,5,,true,,待核实,false
cdl-002541,宗教情操真伪辩,约拿单·爱德华兹,,,,,中文,theology,属灵情感;清教徒;神学;信仰辨识,爱德华兹在本书中辨析真实属灵情感与外在宗教表现之间的差别，帮助读者分辨信仰生命的真实根基。,,,5,,true,,待核实,false
cdl-002542,耶稣对国度的教训,魏司坚（Geerhardus Vos）,,,,,中文,bible-study,天国;教会;圣经神学;福音书,,,,5,,true,,待核实,false
cdl-002543,基督徒的珍宝：知足,耶利米·巴罗夫,,,,,中文,spiritual-life,知足;清教徒;灵修;信仰生活,本书讨论基督徒在各种处境中学习知足的属灵功课，是清教徒灵修传统中的重要作品。,,,5,,true,,待核实,false
cdl-002544,基督教预定论,伯特纳（Loraine Boettner）,,,,,中文,theology,预定论;改革宗;神学,,,,5,,true,,待核实,false
cdl-002545,T,,,,,,中文,other,,,,,5,,true,,待核实,false
cdl-002546,待整理资料（TMMP24）,,,,,,中文,other,待整理,,,,5,,true,,待核实,false
cdl-002547,(R)T,,,,,,中文,other,,,,,5,,true,,待核实,false
cdl-002548,UFO的真相,,,,,,中文,culture-society,UFO;文化;辨析,,,,5,,true,,待核实,false
cdl-002549,与神同行,莱尔（J. C. Ryle）,,,,,中文,spiritual-life,灵修;成圣;基督徒生活;莱尔,,,,5,,true,,待核实,false
cdl-002550,海德堡要理问答,,,,,,中文,theology,要理问答;改革宗;教义;海德堡,,,,5,,true,,待核实,false
cdl-002551,我为什么信神,康奈利斯·范泰尔（Cornelius Van Til）,,,,,中文,theology,护教;信仰;范泰尔,,,,5,,true,,待核实,false
cdl-001076,昭告幽微,,,,,,中文,other,待整理,,,https://christian-digital-library-assets.gioia-zheng-stud.workers.dev/covers/cdl-001076.jpg,5,https://christian-digital-library-assets.gioia-zheng-stud.workers.dev/previews/cdl-001076,true,,待核实,false
cdl-002559,刘易斯信笺集,C.S. 路易斯,,,,,中文,culture-society,书信;鲁益师;文学;信仰反思,本书收录路易斯的书信文字，呈现其文学、信仰与日常思想中的细腻面向。,,,5,,true,,待核实,false
cdl-001009,世界通史,,,,,,中文,culture-society,世界史;通史,,,,5,,true,,待核实,false
cdl-001112,21世紀基督徒裝備100課,,,,,,中文,theology,基督,,,https://christian-digital-library-assets.gioia-zheng-stud.workers.dev/covers/cdl-001112.jpg,5,https://christian-digital-library-assets.gioia-zheng-stud.workers.dev/previews/cdl-001112,true,,待核实,false
cdl-002582,20世纪中国基督教文化学术论集,卓新平,,,,,中文,theology,基督,,,,5,,true,,待核实,false
cdl-005565,20世纪中国基督教文化学术论集,本色之探,,,,,中文,theology,基督,,,,5,,true,,待核实,false
cdl-001636,21世纪优质教会,盖时真（Gene A. Getz）,,,,,中文,pastoral,教会;牧养;教会建造,,,https://christian-digital-library-assets.gioia-zheng-stud.workers.dev/covers/cdl-001636.jpg,5,https://christian-digital-library-assets.gioia-zheng-stud.workers.dev/previews/cdl-001636,true,,待核实,false
cdl-002032,21世纪保罗书信辞典（上册）,霍桑（Gerald F. Hawthorne）、马挺（Ralph P. Martin）、里德（Daniel G. Reid）,霍桑（Gerald F. Hawthorne）是新约学者，曾任惠顿学院希腊文教授。马挺（Ralph P. Martin，1925-2013）是英国新约学者，研究保罗书信和早期基督教敬拜。里德（Daniel G. Reid）长期参与 IVP 圣经辞典与参考书编辑工作。,杨长慧,校园书房出版社,2008,中文,reference,保罗书信;新约;辞典;参考书,本辞典围绕保罗及其书信，收录相关历史、文学、神学与释经主题文章，是研读保罗书信的重要参考工具。,,,5,,true,,版权受保护,false
cdl-002377,21世纪圣经讲道学,饶孝楫,,,,,中文,bible-study,圣经,,,,0,,true,,待核实,false
cdl-001113,21世纪基督教新约导论,德席尔瓦,,,,,中文,bible-study,新约,,,,5,,true,,待核实,false
cdl-000022,21世纪基督教灵修学导论,霍华德,,,,,中文,spiritual-life,灵修,,,https://christian-digital-library-assets.gioia-zheng-stud.workers.dev/covers/cdl-000022.jpg,5,https://christian-digital-library-assets.gioia-zheng-stud.workers.dev/previews/cdl-000022,true,,待核实,false
cdl-001114,21世纪基督教灵修学导论,霍华德,,,,,中文,spiritual-life,灵修,,,,5,,true,,待核实,false
cdl-001115,21世纪基督教灵修学导论,,,,,,中文,spiritual-life,灵修,,,https://christian-digital-library-assets.gioia-zheng-stud.workers.dev/covers/cdl-001115.jpg,5,https://christian-digital-library-assets.gioia-zheng-stud.workers.dev/previews/cdl-001115,true,,待核实,false
cdl-002376,21世纪基督教灵修学导论,霍华德,,,,,中文,spiritual-life,灵修,,,,5,,true,,待核实,false
cdl-001117,21世纪基督教释经学,,,,,,中文,bible-study,释经,,,,5,,true,,待核实,false
cdl-001116,21世纪基督教释经学：释经学螺旋的原理与应用,,,,,,中文,bible-study,释经,,,https://christian-digital-library-assets.gioia-zheng-stud.workers.dev/covers/cdl-001116.jpg,5,https://christian-digital-library-assets.gioia-zheng-stud.workers.dev/previews/cdl-001116,true,,待核实,false
cdl-001118,21世纪基督装备100课,,,,,,中文,theology,基督,,,,5,,true,,待核实,false
cdl-001012,16世纪意大利的基督徒与希伯来书籍,曾红,,,,,中文,bible-study,希伯来书,,,https://christian-digital-library-assets.gioia-zheng-stud.workers.dev/covers/cdl-001012.jpg,5,https://christian-digital-library-assets.gioia-zheng-stud.workers.dev/previews/cdl-001012,true,,待核实,false
cdl-002414,21世纪新约主题辞典：后期书卷及其发展（上册）,马挺（Ralph P. Martin）、戴维兹（Peter H. Davids）,马挺（Ralph P. Martin，1925-2013）是英国新约学者，研究保罗书信和早期基督教敬拜。戴维兹（Peter H. Davids）是新约学者，研究普通书信、犹太背景与新约神学。,李望远,校园书房出版社,2015,中文,reference,新约;后期书卷;词典;参考书,本书围绕使徒行传、希伯来书、普通书信、启示录与早期教会发展等主题，提供新约后期书卷研究的辞典式参考资料。,,,5,,true,,版权受保护,false
cdl-001119,21世纪新约导论,卡森,,,,,中文,bible-study,新约,,,https://christian-digital-library-assets.gioia-zheng-stud.workers.dev/covers/cdl-001119.jpg,5,https://christian-digital-library-assets.gioia-zheng-stud.workers.dev/previews/cdl-001119,true,,待核实,false
cdl-001120,21世纪新约导论,卡森,,,,,中文,bible-study,新约,,,https://christian-digital-library-assets.gioia-zheng-stud.workers.dev/covers/cdl-001120.jpg,5,https://christian-digital-library-assets.gioia-zheng-stud.workers.dev/previews/cdl-001120,true,,待核实,false
cdl-002102,21世纪新约导论,卡森（D. A. Carson）、穆尔（Douglas J. Moo）,卡森（D. A. Carson）是新约学者，长期任教于三一福音神学院，研究领域包括新约、释经学、圣经神学与福音派神学。穆尔（Douglas J. Moo）是新约学者，曾任惠顿学院研究院新约教授，并长期参与新国际版圣经修订委员会。,尹妙珍、纪荣神,天道书楼,2008,中文,bible-study,新约;导论;圣经研究,本书介绍研读新约所需的导论资料，按卷书讨论历史背景、作者、写作目的、结构与神学主题，帮助读者建立整体的新约阅读框架。,,,5,,true,,版权受保护,false
cdl-002094,21世纪新约导论,卡森（D. A. Carson）、穆尔（Douglas J. Moo）,卡森（D. A. Carson）是新约学者，长期任教于三一福音神学院，研究领域包括新约、释经学、圣经神学与福音派神学。穆尔（Douglas J. Moo）是新约学者，曾任惠顿学院研究院新约教授，并长期参与新国际版圣经修订委员会。,尹妙珍、纪荣神,天道书楼,2008,中文,bible-study,新约;导论;圣经研究,本书介绍研读新约所需的导论资料，按卷书讨论历史背景、作者、写作目的、结构与神学主题，帮助读者建立整体的新约阅读框架。,,,0,,true,,版权受保护,false
cdl-001121,21世纪旧约导论 增订版,,,,,,中文,bible-study,旧约,,,,5,,true,,待核实,false
cdl-002004,21世纪旧约导论（增订版）,朗文（Tremper Longman III）、狄拉德（Raymond B. Dillard）,朗文（Tremper Longman III）是旧约学者，长期从事旧约、智慧文学和圣经神学研究。狄拉德（Raymond B. Dillard，1944-1993）是旧约学者，曾任西敏神学院旧约教授，研究领域包括旧约历史书与先知书。,刘良淑、黄业强、邬锡芬,校园书房出版社,2012,中文,bible-study,旧约;导论;圣经研究,本书从历史背景、文学分析与神学信息三个层面介绍旧约各卷，帮助读者在正典整体中理解旧约经文的意义。,,,5,,true,,版权受保护,false
cdl-002105,21世纪旧约导论（增订版）,朗文（Tremper Longman III）、狄拉德（Raymond B. Dillard）,朗文（Tremper Longman III）是旧约学者，长期从事旧约、智慧文学和圣经神学研究。狄拉德（Raymond B. Dillard，1944-1993）是旧约学者，曾任西敏神学院旧约教授，研究领域包括旧约历史书与先知书。,刘良淑、黄业强、邬锡芬,校园书房出版社,2012,中文,bible-study,旧约;导论;圣经研究,本书从历史背景、文学分析与神学信息三个层面介绍旧约各卷，帮助读者在正典整体中理解旧约经文的意义。,,,0,,true,,版权受保护,false
cdl-001122,21世纪讲道学,,,,,,中文,pastoral,讲道,,,,5,,true,,待核实,false
cdl-001232,31个坏习惯毁了孩子的大未来,张芷华,,,,,中文,family-ministry,孩子;亲子;家庭教育,,,https://christian-digital-library-assets.gioia-zheng-stud.workers.dev/covers/cdl-001232.jpg,5,https://christian-digital-library-assets.gioia-zheng-stud.workers.dev/previews/cdl-001232,true,,待核实,false
cdl-000952,100个自然启示,,,,,,中文,other,,,,https://christian-digital-library-assets.gioia-zheng-stud.workers.dev/covers/cdl-000952.jpg,5,https://christian-digital-library-assets.gioia-zheng-stud.workers.dev/previews/cdl-000952,true,,待核实,false
cdl-001464,中世纪的心灵之旅：波纳文图拉神哲学著作选,波纳文图拉,,,,,中文,theology,中世纪神学;哲学;波纳文图拉,,,https://christian-digital-library-assets.gioia-zheng-stud.workers.dev/covers/cdl-001464.jpg,5,https://christian-digital-library-assets.gioia-zheng-stud.workers.dev/previews/cdl-001464,true,,待核实,false
cdl-001345,中华上下五千年,,,,,,中文,culture-society,中国史;通史,,,,5,,true,,待核实,false
cdl-001193,中国通史,,,,,,中文,culture-society,中国史;通史,,,,5,,true,,待核实,false
cdl-001055,为何羊总是走迷,,,,,,中文,spiritual-life,灵修;信仰生活;牧养,,,https://christian-digital-library-assets.gioia-zheng-stud.workers.dev/covers/cdl-001055.jpg,5,https://christian-digital-library-assets.gioia-zheng-stud.workers.dev/previews/cdl-001055,true,,待核实,false
cdl-001292,为基督为教会：基督教教育的性质,,,,,,中文,pastoral,基督教教育;教会;事工,,,https://christian-digital-library-assets.gioia-zheng-stud.workers.dev/covers/cdl-001292.jpg,5,https://christian-digital-library-assets.gioia-zheng-stud.workers.dev/previews/cdl-001292,true,,待核实,false
cdl-000980,乌合之众,古斯塔夫·勒庞,,,,,中文,culture-society,社会心理;群体心理;经典著作,,,https://christian-digital-library-assets.gioia-zheng-stud.workers.dev/covers/cdl-000980.jpg,5,https://christian-digital-library-assets.gioia-zheng-stud.workers.dev/previews/cdl-000980,true,,待核实,false
cdl-003183,但愿婚前我知道：预备婚姻的十二件大事,,,,,,中文,family-ministry,婚姻;婚前辅导;家庭,,,,5,,true,,待核实,false
cdl-001461,保罗神学,布鲁斯（F. F. Bruce）,布鲁斯（F. F. Bruce，1910-1990）是英国圣经学者，曾任曼彻斯特大学圣经批判与释经教授。他在新约历史、保罗研究和早期基督教背景方面影响深远，著有多部圣经研究与注释作品。,,,,中文,theology,保罗;保罗神学;新约;神学,本书围绕保罗的生平、书信与神学思想展开，帮助读者理解保罗对基督、救恩、教会与基督徒生活的阐释。,,,5,,true,,版权受保护,false
cdl-001071,儒教与民族国家,,,,,,中文,culture-society,儒教;民族国家;中国思想,,,https://christian-digital-library-assets.gioia-zheng-stud.workers.dev/covers/cdl-001071.jpg,5,https://christian-digital-library-assets.gioia-zheng-stud.workers.dev/previews/cdl-001071,true,,待核实,false
cdl-001223,先知书1：摩、弥,唐佑之,,,,,中文,bible-study,,,,https://christian-digital-library-assets.gioia-zheng-stud.workers.dev/covers/cdl-001223.jpg,5,https://christian-digital-library-assets.gioia-zheng-stud.workers.dev/previews/cdl-001223,true,,待核实,false
cdl-001019,分辨真伪 约翰一二三书犹大书,,,,,,中文,other,,,,https://christian-digital-library-assets.gioia-zheng-stud.workers.dev/covers/cdl-001019.jpg,5,https://christian-digital-library-assets.gioia-zheng-stud.workers.dev/previews/cdl-001019,true,,待核实,false
cdl-000968,列王记上下,,,,,,中文,bible-study,,,,https://christian-digital-library-assets.gioia-zheng-stud.workers.dev/covers/cdl-000968.jpg,5,https://christian-digital-library-assets.gioia-zheng-stud.workers.dev/previews/cdl-000968,true,,待核实,false
cdl-001242,史记经典故事,,,,,,中文,culture-society,中国史;史记;经典故事,,,,5,,true,,待核实,false
cdl-000953,100名画旧约,,,,,,中文,bible-study,旧约,,,,5,,true,,待核实,false
cdl-001265,十字架上的基督：圣周苦难述说释义,,,,,,中文,theology,基督;十字架;圣周;受难,,,,5,,true,,待核实,false
cdl-001072,圣灵降临的叙事（增订本）,,,,,,中文,theology,圣灵;五旬节;神学,,,https://christian-digital-library-assets.gioia-zheng-stud.workers.dev/covers/cdl-001072.jpg,5,https://christian-digital-library-assets.gioia-zheng-stud.workers.dev/previews/cdl-001072,true,,待核实,false
cdl-001212,成年的基督：圣诞期,,,,,,中文,theology,基督;圣诞期;教会年历,,,https://christian-digital-library-assets.gioia-zheng-stud.workers.dev/covers/cdl-001212.jpg,5,https://christian-digital-library-assets.gioia-zheng-stud.workers.dev/previews/cdl-001212,true,,待核实,false
cdl-001196,27基督信仰中的末世论,,,,,,中文,theology,基督;信仰,,,https://christian-digital-library-assets.gioia-zheng-stud.workers.dev/covers/cdl-001196.jpg,5,https://christian-digital-library-assets.gioia-zheng-stud.workers.dev/previews/cdl-001196,true,,待核实,false
cdl-000991,基督教与罗马帝国（三）,,,,,,中文,church-history,基督教;罗马帝国;教会历史,,,https://christian-digital-library-assets.gioia-zheng-stud.workers.dev/covers/cdl-000991.jpg,5,https://christian-digital-library-assets.gioia-zheng-stud.workers.dev/previews/cdl-000991,true,,待核实,false
cdl-001164,基督教导论,,,,,,中文,theology,基督教;导论;神学,,,https://christian-digital-library-assets.gioia-zheng-stud.workers.dev/covers/cdl-001164.jpg,5,https://christian-digital-library-assets.gioia-zheng-stud.workers.dev/previews/cdl-001164,true,,待核实,false
cdl-001014,基督教词典,任继愈,,,,,中文,reference,基督教;词典;工具书,,,,5,,true,,待核实,false
cdl-001360,复活的基督,,,,,,中文,theology,基督;复活;神学,,,https://christian-digital-library-assets.gioia-zheng-stud.workers.dev/covers/cdl-001360.jpg,5,https://christian-digital-library-assets.gioia-zheng-stud.workers.dev/previews/cdl-001360,true,,待核实,false
cdl-001026,大卫的灵性,,,,,,中文,spiritual-life,大卫;灵性;生命成长,,,,5,,true,,待核实,false
cdl-000963,大团契小组增长秘诀,林汉星,,,,,中文,pastoral,团契;小组;教会增长,,,https://christian-digital-library-assets.gioia-zheng-stud.workers.dev/covers/cdl-000963.jpg,5,https://christian-digital-library-assets.gioia-zheng-stud.workers.dev/previews/cdl-000963,true,,待核实,false
cdl-001283,40天学真爱,,,,,,中文,other,,,,https://christian-digital-library-assets.gioia-zheng-stud.workers.dev/covers/cdl-001283.jpg,5,https://christian-digital-library-assets.gioia-zheng-stud.workers.dev/previews/cdl-001283,true,,待核实,false
cdl-001126,21天搞定电影剧本,维基·金,,,,,中文,culture-society,写作;电影;剧本,,,,5,,true,,待核实,false
cdl-001235,学会接受你自己：全新的接受与实现疗法,,,,,,中文,culture-society,心理;自我接纳;疗法,,,https://christian-digital-library-assets.gioia-zheng-stud.workers.dev/covers/cdl-001235.jpg,5,https://christian-digital-library-assets.gioia-zheng-stud.workers.dev/previews/cdl-001235,true,,待核实,false
cdl-001456,定位,,,,,,中文,culture-society,营销;传播;商业经典,,,https://christian-digital-library-assets.gioia-zheng-stud.workers.dev/covers/cdl-001456.jpg,5,https://christian-digital-library-assets.gioia-zheng-stud.workers.dev/previews/cdl-001456,true,,待核实,false
cdl-001057,降生的基督：将临期,,,,,,中文,theology,基督;将临期;教会年历,,,,5,,true,,待核实,false
cdl-001478,屈膝建立的教会,,,,,,中文,pastoral,教会;祷告;教会建造,,,,5,,true,,待核实,false
cdl-000948,希腊化与犹太人,,,,,,中文,culture-society,希腊化;犹太人;历史,,,https://christian-digital-library-assets.gioia-zheng-stud.workers.dev/covers/cdl-000948.jpg,5,https://christian-digital-library-assets.gioia-zheng-stud.workers.dev/previews/cdl-000948,true,,待核实,false
cdl-001253,异端简史：对正统说“不”的历史,吉尔·R. 埃文斯,,,,,中文,church-history,异端;教义史;教会历史,,,,5,,true,,待核实,false
cdl-001058,心意日新,陶恕,,,,,中文,spiritual-life,灵修;生命更新;陶恕,,,,5,,true,,待核实,false
cdl-001039,拯救与逍遥,,,,,,中文,culture-society,思想史;中国思想;救赎观,,,https://christian-digital-library-assets.gioia-zheng-stud.workers.dev/covers/cdl-001039.jpg,5,https://christian-digital-library-assets.gioia-zheng-stud.workers.dev/previews/cdl-001039,true,,待核实,false
cdl-001213,救恩论讲义,,,,,,中文,theology,救恩;系统神学;讲义,,,,5,,true,,待核实,false
cdl-001060,新眼新见,,,,,,中文,spiritual-life,灵修;生命更新;信仰生活,,,https://christian-digital-library-assets.gioia-zheng-stud.workers.dev/covers/cdl-001060.jpg,5,https://christian-digital-library-assets.gioia-zheng-stud.workers.dev/previews/cdl-001060,true,,待核实,false
cdl-001077,施特劳斯的路标,,,,,,中文,culture-society,哲学;政治思想;施特劳斯,,,,5,,true,,待核实,false
cdl-000993,旧概念与新环境（二）：奥古斯丁的性恶,,,,,,中文,church-history,奥古斯丁;教义史;人性论,,,,5,,true,,待核实,false
cdl-003604,10月：瑪拉基書,十二先知析讀,,,,,中文,bible-study,瑪拉基,,,,5,,true,,待核实,false
cdl-001481,9月每日圣经默想,,,,,,中文,bible-study,圣经,,,,5,,true,,待核实,false
cdl-001239,深入牧养与小组,,,,,,中文,pastoral,牧养;小组;教会事工,,,https://christian-digital-library-assets.gioia-zheng-stud.workers.dev/covers/cdl-001239.jpg,5,https://christian-digital-library-assets.gioia-zheng-stud.workers.dev/previews/cdl-001239,true,,待核实,false
cdl-001285,圣灵与基督徒生活,,,,,,中文,theology,圣灵;基督徒生活;神学,,,,5,,true,,待核实,false
cdl-001043,永远的童话,,,,,,中文,culture-society,文学;童话,,,https://christian-digital-library-assets.gioia-zheng-stud.workers.dev/covers/cdl-001043.jpg,5,https://christian-digital-library-assets.gioia-zheng-stud.workers.dev/previews/cdl-001043,true,,待核实,false
cdl-001070,沉重的肉身,,,,,,中文,culture-society,思想;身体;文化,,,,5,,true,,待核实,false
cdl-001044,牛津基督教会史（插图本）,,,,,,中文,church-history,教会史;基督教史;插图本,,,https://christian-digital-library-assets.gioia-zheng-stud.workers.dev/covers/cdl-001044.jpg,5,https://christian-digital-library-assets.gioia-zheng-stud.workers.dev/previews/cdl-001044,true,,待核实,false
cdl-001075,现代人及其敌人,,,,,,中文,culture-society,现代性;思想;文化,,,https://christian-digital-library-assets.gioia-zheng-stud.workers.dev/covers/cdl-001075.jpg,5,https://christian-digital-library-assets.gioia-zheng-stud.workers.dev/previews/cdl-001075,true,,待核实,false
cdl-001073,睇视之光,,,,三联书店香港有限公司,,中文,culture-society,文化;思想,,,,5,,true,,待核实,false
cdl-000949,神恩惠的福音,,,,,,中文,theology,福音;恩典;神学,,,,5,,true,,待核实,false
cdl-001467,福临中化,,,,,,中文,missions,福音;中国;宣教,,,https://christian-digital-library-assets.gioia-zheng-stud.workers.dev/covers/cdl-001467.jpg,5,https://christian-digital-library-assets.gioia-zheng-stud.workers.dev/previews/cdl-001467,true,,待核实,false
cdl-001063,福音书与耶稣生平,,,,,,中文,bible-study,圣经;新约;福音书;耶稣生平,,,https://christian-digital-library-assets.gioia-zheng-stud.workers.dev/covers/cdl-001063.jpg,5,https://christian-digital-library-assets.gioia-zheng-stud.workers.dev/previews/cdl-001063,true,,待核实,false
cdl-000947,简明犹太民族史,,,,,,中文,culture-society,犹太人;犹太史;民族史,,,https://christian-digital-library-assets.gioia-zheng-stud.workers.dev/covers/cdl-000947.jpg,5,https://christian-digital-library-assets.gioia-zheng-stud.workers.dev/previews/cdl-000947,true,,待核实,false
cdl-001064,系统神学（卷壹）：圣道论,,,,,,中文,theology,神学;系统神学;圣道论,,,https://christian-digital-library-assets.gioia-zheng-stud.workers.dev/covers/cdl-001064.jpg,5,https://christian-digital-library-assets.gioia-zheng-stud.workers.dev/previews/cdl-001064,true,,待核实,false
cdl-001267,系统神学（卷叁）：人类论,,,,,,中文,theology,神学;系统神学;人类论,,,https://christian-digital-library-assets.gioia-zheng-stud.workers.dev/covers/cdl-001267.jpg,5,https://christian-digital-library-assets.gioia-zheng-stud.workers.dev/previews/cdl-001267,true,,待核实,false
cdl-001458,系统神学（卷柒）：教会论,,,,,,中文,theology,神学;系统神学;教会论,,,,5,,true,,待核实,false
cdl-001363,系统神学（卷肆）：基督论,,,,,,中文,theology,神学;系统神学;基督论,,,https://christian-digital-library-assets.gioia-zheng-stud.workers.dev/covers/cdl-001363.jpg,5,https://christian-digital-library-assets.gioia-zheng-stud.workers.dev/previews/cdl-001363,true,,待核实,false
cdl-001074,罪与欠,,,,,,中文,culture-society,思想;伦理;社会,,,,5,,true,,待核实,false
cdl-001419,耶稣生平与宣讲,,,,,,中文,bible-study,圣经;新约;耶稣生平;宣讲,,,https://christian-digital-library-assets.gioia-zheng-stud.workers.dev/covers/cdl-001419.jpg,5,https://christian-digital-library-assets.gioia-zheng-stud.workers.dev/previews/cdl-001419,true,,待核实,false
cdl-001370,腓立比书、歌罗西书、帖撒罗尼迦前后书,,,,,,中文,bible-study,圣经;新约;腓立比书;歌罗西书;帖撒罗尼迦书,,,,5,,true,,待核实,false
cdl-001269,蔚蓝诡计（大创意）,,,,,,中文,culture-society,创意;传播;设计,,,,5,,true,,待核实,false
cdl-001038,诗化哲学,,,,,,中文,culture-society,哲学,,,,5,,true,,待核实,false
cdl-000994,领袖训练 II,,,,,,中文,pastoral,领袖训练;事奉;教会,,,,5,,true,,待核实,false
cdl-001459,驯服欲望：施特劳斯笔下的色诺芬撰述,,,,,,中文,other,哲学;施特劳斯;色诺芬,,,https://christian-digital-library-assets.gioia-zheng-stud.workers.dev/covers/cdl-001459.jpg,5,https://christian-digital-library-assets.gioia-zheng-stud.workers.dev/previews/cdl-001459,true,,待核实,false
